{"type": "FeatureCollection", "features": [{"type": "Feature", "geometry": {"type": "LineString", "coordinates": [[-32.4027366, -3.8339005], [-32.4026977, -3.8338627], [-32.4024513, -3.8336369], [-32.4023822, -3.8335725], [-32.4023706, -3.8335657], [-32.4023571, -3.833561], [-32.4023378, -3.8335578], [-32.4022846, -3.8335526], [-32.4022519, -3.8335525], [-32.402229, -3.8335565], [-32.402209, -3.8335637], [-32.4018173, -3.8337193], [-32.4015648, -3.8338178], [-32.4012926, -3.8339258], [-32.400749, -3.834088], [-32.4006024, -3.8341342], [-32.4005463, -3.8341531], [-32.4004442, -3.8341803], [-32.4003708, -3.834202], [-32.4002403, -3.8342291], [-32.4001579, -3.8342477], [-32.4000905, -3.8342622], [-32.4000378, -3.8342723], [-32.3999745, -3.8342887], [-32.3999302, -3.8343027], [-32.3997785, -3.8343458]]}, "properties": {"osm_id": 30671714, "highway": "residential", "name": "Rua Joaquim Ferreira", "surface": "asphalt"}}, {"type": "Feature", "geometry": {"type": "LineString", "coordinates": [[-32.4295405, -3.849279], [-32.4295217, -3.8493492], [-32.4295042, -3.8494108], [-32.4294439, -3.8495626], [-32.4294184, -3.8496469], [-32.4293701, -3.8497674], [-32.4293051, -3.8499152], [-32.4292722, -3.8499741], [-32.4292233, -3.8500437]]}, "properties": {"osm_id": 30671716, "highway": "residential", "name": null, "surface": "ground"}}, {"type": "Feature", "geometry": {"type": "LineString", "coordinates": [[-32.4316856, -3.8487886], [-32.4318425, -3.8487531], [-32.4320416, -3.848719], [-32.4321422, -3.8487009], [-32.4322327, -3.8486996], [-32.4323152, -3.8487103], [-32.4324211, -3.8487357], [-32.4325613, -3.8487839], [-32.4326988, -3.8488528], [-32.4329643, -3.8489926], [-32.433136, -3.8490849], [-32.4332862, -3.8491826], [-32.4335772, -3.8493914], [-32.433726, -3.8495452], [-32.4338132, -3.8496804], [-32.4338521, -3.8498129], [-32.4338709, -3.8500765], [-32.4338521, -3.8504953], [-32.4338374, -3.8506799], [-32.4338267, -3.8509266], [-32.4338286, -3.8511683], [-32.4338333, -3.8513149], [-32.4338534, -3.8514962], [-32.433901, -3.851793], [-32.433944, -3.85192], [-32.4340037, -3.8520334], [-32.4341398, -3.8522261], [-32.4342323, -3.8523331], [-32.4343195, -3.852404], [-32.4343912, -3.8524589], [-32.4344583, -3.8525037]]}, "properties": {"osm_id": 30671718, "highway": "unclassified", "name": null, "surface": null}}, {"type": "Feature", "geometry": {"type": "LineString", "coordinates": [[-32.4398327, -3.8567583], [-32.439944, -3.856974], [-32.440203, -3.857397], [-32.4403, -3.857583], [-32.440447, -3.857971], [-32.4406466, -3.8583924], [-32.440881, -3.858887], [-32.440968, -3.859128], [-32.441168, -3.859575], [-32.441211, -3.859643], [-32.441288, -3.859716], [-32.441455, -3.859837], [-32.441579, -3.859952], [-32.441778, -3.860101], [-32.442061, -3.860261], [-32.442197, -3.860362], [-32.442337, -3.860512], [-32.442841, -3.861284], [-32.443167, -3.861963], [-32.443323, -3.862242], [-32.44345, -3.862563], [-32.443554, -3.862751], [-32.443868, -3.863243], [-32.444339, -3.86413], [-32.444657, -3.864617], [-32.444904, -3.864876], [-32.444957, -3.864906], [-32.445209, -3.864998], [-32.445468, -3.865062], [-32.445742, -3.865151], [-32.446168, -3.865374], [-32.446529, -3.86545], [-32.446782, -3.865519], [-32.446965, -3.865548], [-32.44708, -3.865587], [-32.447148, -3.865638], [-32.447299, -3.865809], [-32.4474123, -3.8660147]]}, "properties": {"osm_id": 30671719, "highway": "unclassified", "name": "Trilha do Farol", "surface": "ground"}}, {"type": "Feature", "geometry": {"type": "LineString", "coordinates": [[-32.4317667, -3.8681162], [-32.4314287, -3.8678567], [-32.4313416, -3.8678005], [-32.4312718, -3.8677764], [-32.4311981, -3.867767], [-32.4305892, -3.8677523], [-32.430042, -3.8677456], [-32.4299041, -3.8677357], [-32.4297282, -3.8677055], [-32.4294291, -3.8676533], [-32.4291543, -3.8676097], [-32.4290508, -3.8675962], [-32.4290027, -3.8675971]]}, "properties": {"osm_id": 30671721, "highway": "track", "name": null, "surface": null}}, {"type": "Feature", "geometry": {"type": "LineString", "coordinates": [[-32.4215086, -3.8575777], [-32.4213007, -3.8575523], [-32.4212183, -3.857559], [-32.4211418, -3.857573], [-32.4210493, -3.8576058], [-32.4209782, -3.8576379], [-32.4209178, -3.857674], [-32.4205456, -3.8579551], [-32.4203049, -3.8581524], [-32.4202043, -3.8582414], [-32.4201527, -3.8583083], [-32.4200944, -3.8583939], [-32.4200622, -3.8584709], [-32.4200414, -3.8585451], [-32.4200387, -3.8586114], [-32.4200555, -3.8586542], [-32.4200809, -3.858691], [-32.4201145, -3.8587171], [-32.4205939, -3.85896], [-32.4209158, -3.8591339]]}, "properties": {"osm_id": 30671722, "highway": "unclassified", "name": null, "surface": null}}, {"type": "Feature", "geometry": {"type": "LineString", "coordinates": [[-32.4227119, -3.859155], [-32.4228081, -3.8590021], [-32.4228658, -3.8589004], [-32.4229295, -3.8588254], [-32.4230441, -3.8587298], [-32.4233191, -3.858505], [-32.4236758, -3.858232], [-32.4240164, -3.8579657], [-32.424491, -3.857573], [-32.4248178, -3.8573154], [-32.4248412, -3.857296], [-32.425025, -3.8571415], [-32.4252006, -3.8570037], [-32.4253294, -3.8568846], [-32.4254796, -3.8567401], [-32.425651, -3.856559], [-32.4257961, -3.8564216]]}, "properties": {"osm_id": 30671723, "highway": "unclassified", "name": null, "surface": null}}, {"type": "Feature", "geometry": {"type": "LineString", "coordinates": [[-32.4344583, -3.8525037], [-32.4347976, -3.8523726], [-32.4351101, -3.8522428], [-32.435322, -3.8521532], [-32.4355982, -3.8520541], [-32.4357779, -3.8519819], [-32.4360099, -3.8518641], [-32.4362138, -3.8517571], [-32.4364203, -3.8516059], [-32.4365745, -3.8514761], [-32.436792, -3.851242], [-32.4369299, -3.8511469], [-32.4370815, -3.85108], [-32.437202, -3.851054], [-32.437339, -3.8510546], [-32.437488, -3.851076], [-32.437637, -3.851111], [-32.437743, -3.851159], [-32.438115, -3.851426], [-32.4382033, -3.8514748], [-32.4382865, -3.8515209], [-32.4383381, -3.8515363], [-32.4383904, -3.8515376], [-32.4384628, -3.8515062], [-32.4385265, -3.8514413], [-32.4386023, -3.8513155], [-32.4386915, -3.8511048], [-32.438723, -3.8510044], [-32.4387465, -3.8508465]]}, "properties": {"osm_id": 30671925, "highway": "unclassified", "name": "Estrada da Cacimba do Padre", "surface": "gravel"}}, {"type": "Feature", "geometry": {"type": "LineString", "coordinates": [[-32.4014161, -3.8473848], [-32.4011296, -3.8474124], [-32.4010354, -3.8474671], [-32.4009489, -3.8475765], [-32.4009082, -3.8477051], [-32.4009351, -3.8477596], [-32.4009796, -3.8477697], [-32.4011037, -3.847674], [-32.4011812, -3.8475783], [-32.4013643, -3.847605], [-32.40142, -3.8476392], [-32.401421, -3.8477039], [-32.4012342, -3.847865], [-32.401139, -3.8480018], [-32.4010317, -3.8480905], [-32.4009316, -3.8480841], [-32.4007684, -3.8480221], [-32.4005875, -3.8478665], [-32.4004181, -3.8475968], [-32.4002952, -3.8474335], [-32.4002699, -3.8473419], [-32.4003421, -3.8471457], [-32.4005153, -3.8469399], [-32.4013733, -3.846564], [-32.4015808, -3.8465387], [-32.4017554, -3.8465939], [-32.4018898, -3.846626], [-32.4020134, -3.8467391], [-32.4021268, -3.8468265], [-32.4026389, -3.8473923], [-32.4027688, -3.8475746], [-32.402896, -3.8479537], [-32.4030126, -3.8480939], [-32.4031301, -3.8481437], [-32.4033279, -3.8480851], [-32.4034535, -3.8479834], [-32.4038217, -3.8477106]]}, "properties": {"osm_id": 30671927, "highway": "unclassified", "name": "Rua Major Costa", "surface": null}}, {"type": "Feature", "geometry": {"type": "LineString", "coordinates": [[-32.4117681, -3.8406844], [-32.4120256, -3.8407099], [-32.4121651, -3.8407293], [-32.4122898, -3.84075], [-32.4124467, -3.8407788], [-32.4125379, -3.8407908], [-32.4126298, -3.8408009], [-32.4127733, -3.8408042], [-32.412896, -3.8407982], [-32.4130717, -3.8407808], [-32.4134325, -3.8407594], [-32.4142747, -3.8407353], [-32.4145295, -3.8407232], [-32.4147494, -3.8407326], [-32.4149023, -3.8407527], [-32.4149948, -3.8407768], [-32.4150673, -3.8408075], [-32.4151719, -3.8408664], [-32.4153046, -3.840948], [-32.4154092, -3.8410377], [-32.4156855, -3.8413187], [-32.416002, -3.8416853], [-32.4161509, -3.8418459], [-32.4162193, -3.8419128], [-32.4161328, -3.8421376], [-32.4160858, -3.8422306], [-32.4160778, -3.8422621], [-32.4160694, -3.8423009], [-32.4160707, -3.8423346], [-32.4160764, -3.8423658], [-32.4160892, -3.8423932], [-32.4161267, -3.842446], [-32.4166504, -3.8431211], [-32.4167383, -3.8432235], [-32.4167973, -3.8432773], [-32.4168925, -3.8433647]]}, "properties": {"osm_id": 30671928, "highway": "unclassified", "name": "Estrada da Alamoa", "surface": null}}, {"type": "Feature", "geometry": {"type": "LineString", "coordinates": [[-32.4321965, -3.8530316], [-32.4322253, -3.8529239], [-32.4322924, -3.8527874], [-32.4323662, -3.8526697], [-32.4324721, -3.8525586], [-32.4325593, -3.8524703], [-32.4326639, -3.8523218], [-32.4327216, -3.8521946], [-32.4327926, -3.8520086], [-32.4328557, -3.8518695], [-32.4329174, -3.8517825], [-32.4329844, -3.8516915], [-32.4330622, -3.8515738], [-32.4331071, -3.8514661]]}, "properties": {"osm_id": 30672081, "highway": "service", "name": "Estrada do Mulungu", "surface": "sett"}}, {"type": "Feature", "geometry": {"type": "LineString", "coordinates": [[-32.4265525, -3.844973], [-32.4269615, -3.8452647], [-32.427215, -3.8454708], [-32.4273665, -3.8455711], [-32.4275905, -3.845709], [-32.4279124, -3.8458267], [-32.4284059, -3.8459418], [-32.4286467, -3.8460061], [-32.4287854, -3.8460529], [-32.4289195, -3.8461224], [-32.4289785, -3.8461773], [-32.4290094, -3.8462322], [-32.4290282, -3.8463325]]}, "properties": {"osm_id": 30672084, "highway": "unclassified", "name": "Rua Alameda Boldró", "surface": "unhewn_cobblestone"}}, {"type": "Feature", "geometry": {"type": "LineString", "coordinates": [[-32.4291193, -3.8692188], [-32.4293017, -3.8693071], [-32.4297389, -3.8694543], [-32.4301848, -3.8695842], [-32.4311444, -3.8697487], [-32.4317707, -3.8698664], [-32.4322106, -3.8699574], [-32.4323393, -3.8699908], [-32.4324198, -3.870023], [-32.432515, -3.8700671], [-32.4325687, -3.8700684], [-32.4326357, -3.8700403], [-32.4327081, -3.8699761], [-32.4328195, -3.8699065], [-32.4329925, -3.8698115], [-32.4331413, -3.8697245], [-32.4333192, -3.8697014]]}, "properties": {"osm_id": 30672086, "highway": "unclassified", "name": null, "surface": "ground"}}, {"type": "Feature", "geometry": {"type": "LineString", "coordinates": [[-32.4253051, -3.8749098], [-32.4253093, -3.8748198], [-32.4252878, -3.8747556], [-32.4252697, -3.8747101], [-32.4252268, -3.8746392], [-32.4251832, -3.8745629], [-32.425143, -3.8744653], [-32.4251376, -3.8743796], [-32.4251457, -3.8743141], [-32.4251859, -3.8742311], [-32.4253052, -3.8740598], [-32.4254461, -3.8739341], [-32.425497, -3.8738564], [-32.4255212, -3.8737588], [-32.4255574, -3.8734979], [-32.4256057, -3.8733614], [-32.42567, -3.8732731], [-32.425842, -3.873168], [-32.426189, -3.8730121], [-32.4263071, -3.872964], [-32.4263835, -3.8728944], [-32.4264331, -3.8728195], [-32.4265029, -3.8725987], [-32.4267939, -3.871745], [-32.4269601, -3.8710686], [-32.4269925, -3.8709762], [-32.4270225, -3.8708905]]}, "properties": {"osm_id": 30672087, "highway": "track", "name": null, "surface": "ground"}}, {"type": "Feature", "geometry": {"type": "LineString", "coordinates": [[-32.4321583, -3.8545296], [-32.4321898, -3.8546038], [-32.43222, -3.8546681], [-32.432259, -3.854727], [-32.4323078, -3.8547918], [-32.4323514, -3.8548219], [-32.432403, -3.8548393], [-32.4325123, -3.8548467], [-32.4326719, -3.8548213], [-32.4327484, -3.8548173], [-32.4328161, -3.85483], [-32.4328879, -3.8548641], [-32.4329556, -3.8549183], [-32.4330387, -3.8550153], [-32.433156, -3.855197], [-32.433248, -3.855295], [-32.4333411, -3.8553652], [-32.4334344, -3.855416], [-32.4335276, -3.8554528], [-32.4336322, -3.8554702], [-32.4337133, -3.8554702], [-32.4337951, -3.8554629], [-32.433918, -3.85543], [-32.434031, -3.855377], [-32.434563, -3.855041], [-32.4346957, -3.8549678], [-32.434806, -3.854925], [-32.434981, -3.854887], [-32.4355989, -3.8548306], [-32.4358718, -3.8548032], [-32.4361085, -3.8547724], [-32.4362473, -3.8547691], [-32.4364056, -3.8547758], [-32.436707, -3.854794], [-32.4368414, -3.8548126], [-32.4370791, -3.8548525], [-32.437343, -3.8549189], [-32.437634, -3.8549845], [-32.4379089, -3.8550394], [-32.4381544, -3.8551049], [-32.4384534, -3.8551946], [-32.4387418, -3.8552829], [-32.4389429, -3.8553458], [-32.4390462, -3.8553772], [-32.4391052, -3.8554194], [-32.4392018, -3.8555164], [-32.4392626, -3.8555721], [-32.439328, -3.8556213], [-32.4393757, -3.8556493], [-32.4394019, -3.8556779], [-32.4394186, -3.8557067], [-32.4394706, -3.8556869], [-32.4395426, -3.8556546], [-32.4396046, -3.8556203], [-32.439656, -3.8555781], [-32.4397007, -3.8555288], [-32.4397285, -3.8554725], [-32.4397319, -3.8553983], [-32.4398069, -3.8552637]]}, "properties": {"osm_id": 30672660, "highway": "unclassified", "name": "Estrada do Quixaba", "surface": "dirt"}}, {"type": "Feature", "geometry": {"type": "LineString", "coordinates": [[-32.4142747, -3.8407353], [-32.4143679, -3.840651], [-32.4144859, -3.8405372], [-32.4146006, -3.8404108], [-32.414622, -3.8403834], [-32.4146388, -3.8403472], [-32.4146415, -3.8403178], [-32.4146354, -3.840279], [-32.4146153, -3.8402181], [-32.4146032, -3.840174], [-32.4145959, -3.8401378], [-32.4145992, -3.8400883], [-32.4146073, -3.8400495], [-32.4146609, -3.8399358], [-32.4146777, -3.839893], [-32.4146864, -3.8398488], [-32.4146985, -3.839719]]}, "properties": {"osm_id": 30675416, "highway": "unclassified", "name": null, "surface": null}}, {"type": "Feature", "geometry": {"type": "LineString", "coordinates": [[-32.4066035, -3.8405395], [-32.4063936, -3.8406597], [-32.4060238, -3.8407935], [-32.405903, -3.8407865], [-32.4057724, -3.8407487], [-32.4056367, -3.8406786], [-32.4055177, -3.8406725], [-32.405452, -3.8407204], [-32.4054583, -3.8408148], [-32.4055245, -3.8410151], [-32.4056695, -3.841276], [-32.4058887, -3.8415343], [-32.4059058, -3.8415652], [-32.4059128, -3.8416404], [-32.4058995, -3.8416776], [-32.4058337, -3.8417088], [-32.4058, -3.8417021], [-32.4057761, -3.841681], [-32.4055376, -3.8413942]]}, "properties": {"osm_id": 30680311, "highway": "unclassified", "name": "Rua Joaquim Ferreira", "surface": null}}, {"type": "Feature", "geometry": {"type": "LineString", "coordinates": [[-32.4053539, -3.8416571], [-32.4053838, -3.8415421], [-32.4055376, -3.8413942], [-32.4056695, -3.841276]]}, "properties": {"osm_id": 30680312, "highway": "track", "name": null, "surface": null}}, {"type": "Feature", "geometry": {"type": "LineString", "coordinates": [[-32.4016203, -3.8385417], [-32.4022476, -3.8388268], [-32.4023866, -3.8389408], [-32.402521, -3.839051], [-32.4028138, -3.8392105], [-32.4034015, -3.8396228], [-32.4037408, -3.8397748], [-32.4038539, -3.8409825], [-32.4044308, -3.8420209], [-32.4049625, -3.8430705], [-32.4050795, -3.8435247]]}, "properties": {"osm_id": 30680313, "highway": "path", "name": null, "surface": null}}, {"type": "Feature", "geometry": {"type": "LineString", "coordinates": [[-32.4281041, -3.8498303], [-32.4282047, -3.849731], [-32.4283073, -3.8496282], [-32.4284401, -3.8495091], [-32.4285353, -3.8494502], [-32.4286451, -3.8494067], [-32.4287385, -3.8493793], [-32.4288619, -3.8493566], [-32.4295405, -3.849279], [-32.4304242, -3.8491786], [-32.4309127, -3.849121], [-32.431015, -3.8490876], [-32.4311109, -3.8490609], [-32.4312383, -3.8490113], [-32.4313214, -3.8489618], [-32.4313644, -3.8489351]]}, "properties": {"osm_id": 30680613, "highway": "residential", "name": "Estrada da Basinha", "surface": "asphalt"}}, {"type": "Feature", "geometry": {"type": "LineString", "coordinates": [[-32.4399209, -3.8550435], [-32.4399424, -3.8549916], [-32.4400986, -3.8549141], [-32.440473, -3.8547706], [-32.4408868, -3.8547181], [-32.440942, -3.85465], [-32.4411875, -3.8546473], [-32.4413891, -3.8546062], [-32.4416657, -3.8545387], [-32.4420513, -3.8544445], [-32.4421632, -3.8544286], [-32.4422942, -3.8544158]]}, "properties": {"osm_id": 30685235, "highway": "path", "name": "Trilha Sancho", "surface": "wood"}}, {"type": "Feature", "geometry": {"type": "LineString", "coordinates": [[-32.4229295, -3.8588254], [-32.4227387, -3.858844], [-32.4224703, -3.8588602]]}, "properties": {"osm_id": 30687804, "highway": "track", "name": null, "surface": null}}, {"type": "Feature", "geometry": {"type": "LineString", "coordinates": [[-32.4283556, -3.8568137], [-32.4283468, -3.8566448], [-32.4283504, -3.8566316], [-32.4283562, -3.8566234], [-32.4283641, -3.8566195], [-32.4285599, -3.8566115], [-32.4286498, -3.8566024], [-32.4286571, -3.8566041], [-32.4286607, -3.8566078], [-32.4286632, -3.856611], [-32.428668, -3.8566492], [-32.4286734, -3.8566926], [-32.4286792, -3.8567885]]}, "properties": {"osm_id": 30687805, "highway": "service", "name": null, "surface": null}}, {"type": "Feature", "geometry": {"type": "LineString", "coordinates": [[-32.4275733, -3.8568512], [-32.4277071, -3.8568431], [-32.4281671, -3.8568217], [-32.4282369, -3.8568204], [-32.4283556, -3.8568137], [-32.4284716, -3.8568073], [-32.4285883, -3.8568009]]}, "properties": {"osm_id": 30687806, "highway": "unclassified", "name": null, "surface": "asphalt"}}, {"type": "Feature", "geometry": {"type": "LineString", "coordinates": [[-32.4275733, -3.8568512], [-32.427419, -3.8568659], [-32.4273248, -3.8568847], [-32.4272378, -3.8569267], [-32.4269414, -3.857096]]}, "properties": {"osm_id": 30687807, "highway": "unclassified", "name": null, "surface": "asphalt"}}, {"type": "Feature", "geometry": {"type": "LineString", "coordinates": [[-32.426348, -3.8563828], [-32.4268341, -3.8569622], [-32.4269414, -3.857096]]}, "properties": {"osm_id": 30687808, "highway": "service", "name": null, "surface": null}}, {"type": "Feature", "geometry": {"type": "LineString", "coordinates": [[-32.427107, -3.8600686], [-32.4270698, -3.8601378], [-32.4269762, -3.8603549], [-32.4269682, -3.8603884], [-32.4269742, -3.8604138], [-32.426993, -3.8604325], [-32.4279966, -3.8609296]]}, "properties": {"osm_id": 30687811, "highway": "service", "name": null, "surface": null}}, {"type": "Feature", "geometry": {"type": "LineString", "coordinates": [[-32.4270698, -3.8601378], [-32.4266491, -3.8599453], [-32.4266337, -3.8599265], [-32.4266277, -3.8599058], [-32.4266504, -3.859847], [-32.4266706, -3.8598368], [-32.426728, -3.8598473], [-32.427005, -3.8593303], [-32.4272987, -3.8587775], [-32.4274374, -3.8585131], [-32.4274609, -3.8584843], [-32.4274837, -3.8584696], [-32.4276343, -3.8583946]]}, "properties": {"osm_id": 30687812, "highway": "service", "name": null, "surface": null}}, {"type": "Feature", "geometry": {"type": "LineString", "coordinates": [[-32.4272326, -3.8594529], [-32.427005, -3.8593303]]}, "properties": {"osm_id": 30687813, "highway": "service", "name": null, "surface": null}}, {"type": "Feature", "geometry": {"type": "LineString", "coordinates": [[-32.4276343, -3.8583946], [-32.4276404, -3.858554], [-32.4276446, -3.8585987], [-32.4276285, -3.8586482], [-32.4275169, -3.8588929], [-32.4272326, -3.8594529], [-32.4269436, -3.8599675]]}, "properties": {"osm_id": 30687814, "highway": "service", "name": null, "surface": null}}, {"type": "Feature", "geometry": {"type": "LineString", "coordinates": [[-32.426728, -3.8598473], [-32.4269436, -3.8599675], [-32.427107, -3.8600686]]}, "properties": {"osm_id": 30687815, "highway": "service", "name": null, "surface": null}}, {"type": "Feature", "geometry": {"type": "LineString", "coordinates": [[-32.427107, -3.8600686], [-32.4276832, -3.860372], [-32.4282329, -3.8592637], [-32.4283904, -3.859032], [-32.4284562, -3.8589971], [-32.4285078, -3.8589863], [-32.428533, -3.8589823], [-32.4286754, -3.8589746], [-32.4287888, -3.858974], [-32.4288397, -3.8589679], [-32.4288961, -3.8589506]]}, "properties": {"osm_id": 30687816, "highway": "service", "name": null, "surface": null}}, {"type": "Feature", "geometry": {"type": "LineString", "coordinates": [[-32.4282329, -3.8592637], [-32.4275169, -3.8588929], [-32.4272987, -3.8587775]]}, "properties": {"osm_id": 30687817, "highway": "service", "name": null, "surface": null}}, {"type": "Feature", "geometry": {"type": "LineString", "coordinates": [[-32.427789, -3.8581317], [-32.4282315, -3.8572378], [-32.4284716, -3.8568073]]}, "properties": {"osm_id": 30687818, "highway": "unclassified", "name": null, "surface": "asphalt"}}, {"type": "Feature", "geometry": {"type": "LineString", "coordinates": [[-32.427789, -3.8581317], [-32.4276343, -3.8583946]]}, "properties": {"osm_id": 30687819, "highway": "service", "name": null, "surface": null}}, {"type": "Feature", "geometry": {"type": "LineString", "coordinates": [[-32.4232332, -3.8631815], [-32.4232938, -3.862781]]}, "properties": {"osm_id": 30687820, "highway": "track", "name": null, "surface": null}}, {"type": "Feature", "geometry": {"type": "LineString", "coordinates": [[-32.4264398, -3.8662654], [-32.4263634, -3.8662744], [-32.4262571, -3.866263], [-32.4262165, -3.866244], [-32.4261907, -3.8662189], [-32.4261659, -3.8661807], [-32.4261568, -3.8661466], [-32.4261585, -3.8661199], [-32.4261659, -3.8660954], [-32.4261907, -3.8660647], [-32.426263, -3.866018], [-32.4264137, -3.8659486], [-32.4266262, -3.8658469], [-32.426694, -3.865802], [-32.4267637, -3.8657231], [-32.4267811, -3.8656917], [-32.4267852, -3.8656586], [-32.4267821, -3.8656194], [-32.4267717, -3.8655953], [-32.4267288, -3.8655305], [-32.4265578, -3.8653144], [-32.4263661, -3.8650909], [-32.426218, -3.864955], [-32.4260978, -3.8648527], [-32.4258766, -3.8646922], [-32.4257264, -3.8645945], [-32.425552, -3.8644915], [-32.425206, -3.8643081], [-32.4249525, -3.8641516], [-32.424677, -3.863963], [-32.4244402, -3.8637796], [-32.4243517, -3.8636953], [-32.4242954, -3.8636137], [-32.424223, -3.863468], [-32.424173, -3.863407], [-32.424123, -3.863372], [-32.424054, -3.863353], [-32.423695, -3.863343], [-32.423571, -3.863321], [-32.423446, -3.863274], [-32.4232332, -3.8631815], [-32.4230549, -3.8630791], [-32.4229583, -3.8630122], [-32.4228792, -3.8629373], [-32.4228041, -3.8628463], [-32.4227357, -3.8627493], [-32.4226955, -3.862677], [-32.4226713, -3.8626061], [-32.4226633, -3.8625312], [-32.42267, -3.8623546], [-32.4226861, -3.8622542], [-32.4228711, -3.8614046], [-32.4228939, -3.8613109], [-32.4229033, -3.8611289], [-32.4229087, -3.86088], [-32.4229, -3.860643], [-32.4228591, -3.8599742], [-32.422839, -3.859748], [-32.4228054, -3.8595018], [-32.4227867, -3.8593627], [-32.4227119, -3.859155]]}, "properties": {"osm_id": 30687824, "highway": "unclassified", "name": "Estrada velha do Sueste", "surface": "gravel"}}, {"type": "Feature", "geometry": {"type": "LineString", "coordinates": [[-32.4270225, -3.8708905], [-32.4269053, -3.870898], [-32.4268072, -3.8709455], [-32.4267577, -3.8710091], [-32.4260455, -3.8714694], [-32.4257585, -3.8716674], [-32.4254917, -3.871832], [-32.425383, -3.8718761], [-32.4252865, -3.8718935], [-32.4250659, -3.8718909], [-32.4250276, -3.8718828], [-32.424982, -3.8718608], [-32.4249331, -3.871824], [-32.4246709, -3.871563], [-32.4244966, -3.8713717]]}, "properties": {"osm_id": 30687825, "highway": "path", "name": null, "surface": "ground"}}, {"type": "Feature", "geometry": {"type": "LineString", "coordinates": [[-32.4279841, -3.8673221], [-32.427799, -3.867002], [-32.4278067, -3.8669289], [-32.427813, -3.86687], [-32.428363, -3.864893], [-32.42838, -3.864751], [-32.428452, -3.864467], [-32.428459, -3.864332]]}, "properties": {"osm_id": 30687827, "highway": "path", "name": null, "surface": null}}, {"type": "Feature", "geometry": {"type": "LineString", "coordinates": [[-32.4278067, -3.8669289], [-32.4277122, -3.8668701], [-32.4275718, -3.8667762], [-32.4274959, -3.8665846], [-32.4274111, -3.8662282]]}, "properties": {"osm_id": 30687828, "highway": "path", "name": null, "surface": null}}, {"type": "Feature", "geometry": {"type": "LineString", "coordinates": [[-32.4284984, -3.8603756], [-32.4285749, -3.8604318], [-32.4286547, -3.860488], [-32.428776, -3.8605509], [-32.4288404, -3.8605696], [-32.428878, -3.8605709], [-32.4289155, -3.8605535], [-32.4289571, -3.8604719], [-32.428996, -3.8603515], [-32.4290134, -3.8602766]]}, "properties": {"osm_id": 30687831, "highway": "service", "name": null, "surface": "dirt"}}, {"type": "Feature", "geometry": {"type": "LineString", "coordinates": [[-32.4306388, -3.8554274], [-32.4306641, -3.8554906], [-32.4306796, -3.8556803], [-32.430671, -3.8557579], [-32.430612, -3.8560122], [-32.4304283, -3.8566571], [-32.4302325, -3.8573261], [-32.4302284, -3.8574158], [-32.4302419, -3.8574533], [-32.4302807, -3.8574854], [-32.4304605, -3.8575777], [-32.430653, -3.857683], [-32.4307394, -3.8577383], [-32.4308219, -3.8577208], [-32.4313885, -3.8569939], [-32.4316407, -3.8565963], [-32.4318929, -3.8564254], [-32.4319602, -3.8562953]]}, "properties": {"osm_id": 30687832, "highway": "track", "name": "Estrada do Vai Sabe", "surface": null}}, {"type": "Feature", "geometry": {"type": "LineString", "coordinates": [[-32.4311592, -3.8550755], [-32.4311739, -3.8551712], [-32.4312544, -3.8555866], [-32.4312893, -3.8558436], [-32.4313121, -3.8559171], [-32.4313577, -3.85598], [-32.4314851, -3.856075], [-32.4317305, -3.8562129], [-32.4319602, -3.8562953], [-32.432055, -3.8563293], [-32.4324775, -3.8564176], [-32.4325231, -3.8564266], [-32.4326471, -3.856451], [-32.4327853, -3.8564617], [-32.4329723, -3.8564624], [-32.4331011, -3.8564437], [-32.4331322, -3.856432], [-32.4332144, -3.8564009], [-32.4332935, -3.8563453], [-32.4333626, -3.8562764], [-32.4334156, -3.8562109], [-32.4335001, -3.8560911], [-32.433547, -3.8560008], [-32.4335893, -3.8559031], [-32.4336013, -3.8558389], [-32.4335986, -3.8557746], [-32.4335752, -3.8556796], [-32.4335276, -3.8554528]]}, "properties": {"osm_id": 30687833, "highway": "unclassified", "name": "Estrada da Coria", "surface": "dirt"}}, {"type": "Feature", "geometry": {"type": "LineString", "coordinates": [[-32.4290134, -3.8602766], [-32.4288055, -3.8601073], [-32.4287103, -3.8600531]]}, "properties": {"osm_id": 30687834, "highway": "service", "name": null, "surface": "dirt"}}, {"type": "Feature", "geometry": {"type": "LineString", "coordinates": [[-32.4314877, -3.8494837], [-32.431418, -3.8493071], [-32.4313858, -3.8491518], [-32.4313644, -3.8489351], [-32.4313161, -3.8488039], [-32.4312973, -3.8486969], [-32.4312919, -3.8485939], [-32.431296, -3.8484266]]}, "properties": {"osm_id": 30687835, "highway": "residential", "name": "Estrada da Basinha", "surface": "dirt"}}, {"type": "Feature", "geometry": {"type": "LineString", "coordinates": [[-32.431015, -3.8490876], [-32.4309687, -3.8489458], [-32.4308574, -3.8485791], [-32.4308373, -3.8484681], [-32.4308239, -3.8482379], [-32.4308418, -3.8478388], [-32.4308467, -3.847704], [-32.4308641, -3.8475462], [-32.4309365, -3.8473106], [-32.4309781, -3.8471996], [-32.4310029, -3.8471661], [-32.4310465, -3.8471313], [-32.431182, -3.8470537]]}, "properties": {"osm_id": 30687836, "highway": "unclassified", "name": "Alameda do Fortim", "surface": "dirt"}}, {"type": "Feature", "geometry": {"type": "LineString", "coordinates": [[-32.4274416, -3.8480841], [-32.4273686, -3.8481496], [-32.4268784, -3.8485952], [-32.4265069, -3.8489645], [-32.426248, -3.849208], [-32.4258873, -3.8495533], [-32.4257089, -3.8497286], [-32.4256875, -3.8497533], [-32.4256724, -3.8497915], [-32.4256553, -3.8498463]]}, "properties": {"osm_id": 30687837, "highway": "residential", "name": "Rua Eurico Cavalcanti de Albuquerque", "surface": "asphalt"}}, {"type": "Feature", "geometry": {"type": "LineString", "coordinates": [[-32.4168925, -3.8433647], [-32.4169676, -3.8435172], [-32.4171104, -3.8437661], [-32.4171668, -3.8438624], [-32.4172117, -3.8439286], [-32.4172573, -3.8439922], [-32.4173277, -3.8440778], [-32.4173867, -3.8441601], [-32.4174356, -3.8442591], [-32.4175577, -3.8445141], [-32.4176274, -3.8446505], [-32.4176878, -3.8447656], [-32.4177709, -3.8449074], [-32.4178769, -3.8450573], [-32.4179453, -3.8451884], [-32.4180029, -3.8453356], [-32.4180599, -3.8455096], [-32.4180914, -3.8456554], [-32.4181062, -3.8457685], [-32.4182235, -3.8467808], [-32.4182577, -3.8469681], [-32.4182793, -3.8470816], [-32.4183221, -3.8471568], [-32.4183469, -3.8471916], [-32.4183751, -3.8472143], [-32.4184227, -3.8472417], [-32.4190916, -3.8475695], [-32.4197625, -3.8479543], [-32.4202909, -3.848246], [-32.4204518, -3.848345], [-32.4205577, -3.8484199], [-32.4207026, -3.8485403], [-32.4210982, -3.8488842], [-32.4212551, -3.8490254], [-32.4213235, -3.8490836], [-32.4214127, -3.8491866], [-32.4214774, -3.8493024], [-32.4215548, -3.8494435], [-32.4216243, -3.8495871], [-32.4216648, -3.8496871], [-32.4216923, -3.84977], [-32.4217057, -3.8498463], [-32.4217339, -3.850039], [-32.4217466, -3.8501393], [-32.4217587, -3.8502196], [-32.4217808, -3.8502912], [-32.4218117, -3.8503354], [-32.4218452, -3.8503575], [-32.4218888, -3.8503715], [-32.4219726, -3.8503782], [-32.4220544, -3.8503735]]}, "properties": {"osm_id": 30687839, "highway": "unclassified", "name": "Estrada da Alamoa", "surface": "dirt"}}, {"type": "Feature", "geometry": {"type": "LineString", "coordinates": [[-32.4107126, -3.8420127], [-32.4106773, -3.8427655], [-32.4106581, -3.8428199], [-32.4106098, -3.8429083], [-32.4105564, -3.8429974], [-32.4105423, -3.8430696], [-32.410541, -3.8431519], [-32.4105471, -3.8432797], [-32.4105605, -3.8435306], [-32.4105806, -3.8437159], [-32.4105974, -3.8438189], [-32.4106215, -3.8438978], [-32.4106443, -3.8439788], [-32.4106494, -3.844078]]}, "properties": {"osm_id": 30687840, "highway": "tertiary", "name": "Rua São Miguel", "surface": "asphalt"}}, {"type": "Feature", "geometry": {"type": "LineString", "coordinates": [[-32.410824, -3.8407491], [-32.4107544, -3.8406338], [-32.410631, -3.8403873]]}, "properties": {"osm_id": 30687842, "highway": "residential", "name": "Rua São Miguel", "surface": "unhewn_cobblestone"}}, {"type": "Feature", "geometry": {"type": "LineString", "coordinates": [[-32.4105657, -3.8418885], [-32.4106111, -3.8418985], [-32.4106436, -3.8419095], [-32.4106621, -3.8419228], [-32.4106765, -3.8419386], [-32.4106937, -3.8419695], [-32.4107126, -3.8420127]]}, "properties": {"osm_id": 30687844, "highway": "tertiary_link", "name": "Rua São Miguel", "surface": "asphalt"}}, {"type": "Feature", "geometry": {"type": "LineString", "coordinates": [[-32.4106494, -3.844078], [-32.4105812, -3.8439648], [-32.4105638, -3.8439045], [-32.4105451, -3.843841], [-32.4105209, -3.8437252], [-32.4105079, -3.8435304], [-32.4104808, -3.8431744], [-32.4104818, -3.8429681], [-32.4105117, -3.8427877], [-32.4104877, -3.8424045], [-32.4104659, -3.8421076], [-32.4104648, -3.8420025], [-32.4104686, -3.841957], [-32.4104893, -3.8419122], [-32.4105173, -3.8418981], [-32.4105657, -3.8418885]]}, "properties": {"osm_id": 30687846, "highway": "tertiary", "name": "Rua São Miguel", "surface": "asphalt"}}, {"type": "Feature", "geometry": {"type": "LineString", "coordinates": [[-32.4065351, -3.8461264], [-32.4065934, -3.8461976], [-32.4072979, -3.8470584]]}, "properties": {"osm_id": 30687847, "highway": "residential", "name": "Rua Pinto Branco", "surface": "dirt"}}, {"type": "Feature", "geometry": {"type": "LineString", "coordinates": [[-32.4038217, -3.8477106], [-32.4040835, -3.8474888], [-32.4041737, -3.8474305], [-32.4043063, -3.8473449], [-32.4044359, -3.8472488], [-32.4044965, -3.8472042], [-32.4050098, -3.8468268], [-32.4054207, -3.8464851], [-32.4055173, -3.8463874], [-32.4055897, -3.8463004], [-32.4056621, -3.8461933], [-32.4057385, -3.8460595], [-32.4058163, -3.8459124]]}, "properties": {"osm_id": 30687849, "highway": "residential", "name": "Rua Major Costa", "surface": "asphalt"}}, {"type": "Feature", "geometry": {"type": "LineString", "coordinates": [[-32.4054676, -3.847484], [-32.4052576, -3.8471885], [-32.4050098, -3.8468268]]}, "properties": {"osm_id": 30687850, "highway": "residential", "name": "Rua Trilha Albertina", "surface": "cobblestone"}}, {"type": "Feature", "geometry": {"type": "LineString", "coordinates": [[-32.402768, -3.851641], [-32.402773, -3.851854], [-32.402723, -3.852172], [-32.402742, -3.852277], [-32.402778, -3.852368], [-32.402894, -3.85257], [-32.402948, -3.852629], [-32.403115, -3.85275], [-32.40333, -3.853], [-32.403521, -3.85307], [-32.403724, -3.853164], [-32.403827, -3.853235], [-32.403897, -3.853316], [-32.403966, -3.853487], [-32.404007, -3.853528], [-32.404073, -3.853555], [-32.404356, -3.853587], [-32.404745, -3.853825], [-32.404891, -3.854055], [-32.404991, -3.854133], [-32.405171, -3.854213], [-32.405345, -3.854256], [-32.405473, -3.854317], [-32.405592, -3.854398], [-32.405685, -3.854494], [-32.40582, -3.854715], [-32.405889, -3.854991], [-32.406023, -3.855365], [-32.406113, -3.855504], [-32.406388, -3.855629], [-32.406689, -3.855801], [-32.406789, -3.855833], [-32.407539, -3.855993], [-32.40761, -3.856028], [-32.407743, -3.856125], [-32.407866, -3.856152]]}, "properties": {"osm_id": 30687854, "highway": "path", "name": "Trilha da Atalaia", "surface": null}}, {"type": "Feature", "geometry": {"type": "LineString", "coordinates": [[-32.3996273, -3.851303], [-32.40069, -3.850755], [-32.401601, -3.8508485], [-32.4024405, -3.8508129], [-32.4026325, -3.8506837], [-32.4031594, -3.8502203], [-32.4033023, -3.8499976], [-32.4040994, -3.8490798], [-32.4041884, -3.8490568]]}, "properties": {"osm_id": 30687858, "highway": "path", "name": null, "surface": null}}, {"type": "Feature", "geometry": {"type": "LineString", "coordinates": [[-32.404413, -3.848489], [-32.40438, -3.848336], [-32.404393, -3.848273], [-32.404444, -3.848167], [-32.4044548, -3.8480171], [-32.4044901, -3.8478544], [-32.404395, -3.8474837], [-32.4043916, -3.8473996], [-32.4044359, -3.8472488]]}, "properties": {"osm_id": 30687859, "highway": "residential", "name": "Estrada da Atalaia", "surface": "cobblestone"}}, {"type": "Feature", "geometry": {"type": "LineString", "coordinates": [[-32.4067037, -3.8438427], [-32.4062072, -3.8437968], [-32.4061472, -3.8437978], [-32.4061147, -3.8437955], [-32.4060644, -3.8437918], [-32.4058356, -3.8444361]]}, "properties": {"osm_id": 30687860, "highway": "residential", "name": "Rua Antonio Edson da Silva", "surface": "dirt"}}, {"type": "Feature", "geometry": {"type": "LineString", "coordinates": [[-32.4060644, -3.8437918], [-32.4058543, -3.8437512], [-32.4051264, -3.8435908], [-32.4050795, -3.8435247]]}, "properties": {"osm_id": 30687861, "highway": "track", "name": "Rua Major Costa", "surface": "dirt"}}, {"type": "Feature", "geometry": {"type": "LineString", "coordinates": [[-32.4002929, -3.8350801], [-32.4002595, -3.8350651], [-32.4002187, -3.8350384], [-32.4001753, -3.8349938], [-32.3997371, -3.8344459], [-32.3997213, -3.8344245], [-32.3997084, -3.8344076], [-32.3996974, -3.834391]]}, "properties": {"osm_id": 30687862, "highway": "secondary", "name": null, "surface": "asphalt"}}, {"type": "Feature", "geometry": {"type": "LineString", "coordinates": [[-32.4002929, -3.8350801], [-32.4003252, -3.8351487], [-32.4003647, -3.8352143], [-32.4004432, -3.8353334], [-32.4005625, -3.8354739], [-32.4006792, -3.8355922], [-32.4007304, -3.8356421], [-32.4010638, -3.8359321], [-32.4020386, -3.8367379], [-32.4023003, -3.8369542], [-32.4050888, -3.8392651], [-32.4058477, -3.8398643], [-32.406507, -3.8404369], [-32.4066035, -3.8405395], [-32.4066672, -3.8406463], [-32.4068742, -3.8410641], [-32.4069325, -3.8412293], [-32.4069558, -3.8413421], [-32.4069573, -3.8414551], [-32.4068229, -3.8426704], [-32.4067204, -3.8436625], [-32.406719, -3.8436759], [-32.4067175, -3.8436962], [-32.4067093, -3.8437837], [-32.4067037, -3.8438427]]}, "properties": {"osm_id": 30687863, "highway": "secondary", "name": "BR-363", "surface": "asphalt"}}, {"type": "Feature", "geometry": {"type": "LineString", "coordinates": [[-32.4098604, -3.8398695], [-32.4099694, -3.8397413], [-32.4100314, -3.8396715], [-32.4100274, -3.8395671], [-32.4099808, -3.8393041], [-32.4098638, -3.8392112], [-32.409819, -3.8391475], [-32.409845, -3.8388472], [-32.4098504, -3.8387041], [-32.4098691, -3.838597], [-32.4098807, -3.8385259], [-32.4098963, -3.8383552], [-32.4099098, -3.8382242]]}, "properties": {"osm_id": 30687866, "highway": "path", "name": "Ladeira do Forte", "surface": "unhewn_cobblestone"}}, {"type": "Feature", "geometry": {"type": "LineString", "coordinates": [[-32.4134116, -3.8467843], [-32.4134548, -3.8467115], [-32.4135029, -3.8466202], [-32.4135176, -3.8465714], [-32.413525, -3.8465372], [-32.413527, -3.8464837], [-32.4135176, -3.8464282], [-32.4134921, -3.8463452], [-32.4132729, -3.8458361], [-32.4130087, -3.8452045], [-32.4129832, -3.8451269], [-32.4130261, -3.8450479], [-32.4130596, -3.8449784], [-32.4130905, -3.8449014], [-32.4132192, -3.8445348], [-32.4133323, -3.844289], [-32.4133573, -3.8442371], [-32.4133701, -3.8441963], [-32.4133788, -3.8441548], [-32.4133848, -3.8440832], [-32.4133996, -3.84395], [-32.413413, -3.8438611], [-32.413446, -3.8437231], [-32.4134559, -3.8436744], [-32.4134566, -3.843647], [-32.4134485, -3.8436189], [-32.4134204, -3.8435707], [-32.4133848, -3.8434944], [-32.4133513, -3.8434195], [-32.4133084, -3.8432937], [-32.4132581, -3.8431914], [-32.4132581, -3.8431689], [-32.4132641, -3.8431489], [-32.4132749, -3.8431348], [-32.4133164, -3.8431137], [-32.413414, -3.843072], [-32.413647, -3.8430067], [-32.413843, -3.842947]]}, "properties": {"osm_id": 30687871, "highway": "residential", "name": "Rua Amaro Preto", "surface": "paving_stones"}}, {"type": "Feature", "geometry": {"type": "LineString", "coordinates": [[-32.411567, -3.842329], [-32.4106773, -3.8427655]]}, "properties": {"osm_id": 30687872, "highway": "residential", "name": "Rua Mestre Gouveia", "surface": "rock"}}, {"type": "Feature", "geometry": {"type": "LineString", "coordinates": [[-32.4136933, -3.8451791], [-32.4136645, -3.8452426], [-32.4136537, -3.8452888], [-32.4136537, -3.845331], [-32.4136624, -3.8453925], [-32.4137771, -3.8456581], [-32.4139903, -3.8461532], [-32.4140199, -3.8462107], [-32.4140534, -3.8462415], [-32.4141057, -3.8462589], [-32.4142979, -3.8463061]]}, "properties": {"osm_id": 30687873, "highway": "residential", "name": "Rua Antonio Alves Cordeiro", "surface": "paving_stones"}}, {"type": "Feature", "geometry": {"type": "LineString", "coordinates": [[-32.4226941, -3.8517196], [-32.4229482, -3.851692], [-32.4231098, -3.8516831], [-32.4232768, -3.851691], [-32.4239373, -3.8517865], [-32.4245609, -3.8518547], [-32.4246777, -3.8518748], [-32.4248667, -3.851919]]}, "properties": {"osm_id": 30687874, "highway": "unclassified", "name": "Rua Trilha da Ema", "surface": null}}, {"type": "Feature", "geometry": {"type": "LineString", "coordinates": [[-32.4370791, -3.8548525], [-32.4371995, -3.8547544], [-32.4372692, -3.8547169], [-32.4373497, -3.8546982], [-32.4374677, -3.8546821], [-32.4376246, -3.8546821], [-32.438082, -3.8546674], [-32.4382254, -3.8546487], [-32.438546, -3.854563], [-32.4388035, -3.8544881], [-32.4390147, -3.8544118]]}, "properties": {"osm_id": 30687875, "highway": "unclassified", "name": "Estrada do Quixaba", "surface": "ground"}}, {"type": "Feature", "geometry": {"type": "LineString", "coordinates": [[-32.4388035, -3.8544881], [-32.4388933, -3.8546888], [-32.4389644, -3.8549136], [-32.4390301, -3.8551197], [-32.4390475, -3.8552066], [-32.4390509, -3.8552689], [-32.4390462, -3.8553772]]}, "properties": {"osm_id": 30687877, "highway": "unclassified", "name": null, "surface": "ground"}}, {"type": "Feature", "geometry": {"type": "LineString", "coordinates": [[-32.4129484, -3.8465358], [-32.4127585, -3.8468938], [-32.412723, -3.8469627], [-32.4127032, -3.8470079], [-32.4126922, -3.8470437], [-32.4126861, -3.8470859], [-32.4126824, -3.8471521], [-32.4126709, -3.8475572], [-32.4126774, -3.8478231], [-32.4126799, -3.8478993], [-32.4126972, -3.8483467], [-32.4126958, -3.8483728], [-32.4126938, -3.8483975], [-32.4126865, -3.8484243], [-32.4126687, -3.8484527], [-32.4126365, -3.8484883], [-32.4125641, -3.8485235]]}, "properties": {"osm_id": 30687881, "highway": "residential", "name": "Alameda das Acácias", "surface": "paving_stones"}}, {"type": "Feature", "geometry": {"type": "LineString", "coordinates": [[-32.4126774, -3.8478231], [-32.4133111, -3.8478338]]}, "properties": {"osm_id": 30687882, "highway": "residential", "name": "Alameda das Papoula", "surface": "paving_stones"}}, {"type": "Feature", "geometry": {"type": "LineString", "coordinates": [[-32.4134116, -3.8467843], [-32.4133471, -3.8473626], [-32.4133111, -3.8478338], [-32.4133138, -3.8486072], [-32.4133037, -3.8486541], [-32.4132923, -3.8486956], [-32.4132708, -3.8487357], [-32.4132379, -3.8487825]]}, "properties": {"osm_id": 30687883, "highway": "residential", "name": "Alameda dos Cajueiros", "surface": "paving_stones"}}, {"type": "Feature", "geometry": {"type": "LineString", "coordinates": [[-32.4126799, -3.8478993], [-32.4126069, -3.8480456], [-32.4125842, -3.848078], [-32.4125507, -3.8481209], [-32.4125024, -3.8481623], [-32.4123576, -3.8482513], [-32.4123012, -3.8482941], [-32.4122503, -3.8483356], [-32.4120453, -3.8485235], [-32.4120028, -3.8485677], [-32.4119253, -3.8486486], [-32.4118713, -3.8487014]]}, "properties": {"osm_id": 30687884, "highway": "residential", "name": "Alameda da Bela Vista", "surface": "paving_stones"}}, {"type": "Feature", "geometry": {"type": "LineString", "coordinates": [[-32.411427, -3.8475255], [-32.4114235, -3.847411], [-32.4114069, -3.8467858], [-32.4114241, -3.8460923], [-32.4114288, -3.8460375], [-32.4114372, -3.8459933], [-32.4114583, -3.8459294], [-32.4115026, -3.845821]]}, "properties": {"osm_id": 30687885, "highway": "residential", "name": "Alameda da Harmonia", "surface": "paving_stones"}}, {"type": "Feature", "geometry": {"type": "LineString", "coordinates": [[-32.4120465, -3.8475519], [-32.4120459, -3.8468143], [-32.4121117, -3.8467044]]}, "properties": {"osm_id": 30687886, "highway": "residential", "name": "Alameda das Amendoeiras", "surface": null}}, {"type": "Feature", "geometry": {"type": "LineString", "coordinates": [[-32.4114069, -3.8467858], [-32.4108783, -3.8467928], [-32.4108562, -3.8467972], [-32.41083, -3.8468136], [-32.4108143, -3.846834], [-32.4108035, -3.8468624], [-32.4107908, -3.847056], [-32.4107901, -3.8477044], [-32.4109442, -3.8477052], [-32.4109605, -3.8477077], [-32.4109729, -3.8477112], [-32.4109869, -3.8477228], [-32.4109984, -3.8477413], [-32.4110024, -3.8479141], [-32.4110077, -3.8479543], [-32.4110124, -3.8479897], [-32.4110265, -3.8480292], [-32.4110606, -3.8480749]]}, "properties": {"osm_id": 30687887, "highway": "residential", "name": "Alameda do Pau D'Arco", "surface": "paving_stones"}}, {"type": "Feature", "geometry": {"type": "LineString", "coordinates": [[-32.4149264, -3.8476438], [-32.4148369, -3.8478195], [-32.4148181, -3.8478573], [-32.4147947, -3.8478884], [-32.4147622, -3.8479181], [-32.4145845, -3.8480667], [-32.4145147, -3.8481229], [-32.4144295, -3.8481982], [-32.4142545, -3.8483758], [-32.4140903, -3.8485464], [-32.4140038, -3.8486802], [-32.4139468, -3.8487391], [-32.4139206, -3.8487703], [-32.4138926, -3.8487994], [-32.4138725, -3.8488158], [-32.4138514, -3.8488302], [-32.4138338, -3.8488361], [-32.4138217, -3.8488384], [-32.4138048, -3.8488387], [-32.4137843, -3.8488392], [-32.4137736, -3.8488421], [-32.4137627, -3.8488496], [-32.41375, -3.8488601], [-32.4136903, -3.8489264], [-32.4136153, -3.8490155], [-32.4136058, -3.8490301], [-32.4136003, -3.849047], [-32.4135979, -3.8490694], [-32.4136029, -3.8491074]]}, "properties": {"osm_id": 30687889, "highway": "residential", "name": "Rua Severino Dino da Silva", "surface": null}}, {"type": "Feature", "geometry": {"type": "LineString", "coordinates": [[-32.414728, -3.8475234], [-32.4147548, -3.8475066], [-32.4149756, -3.8475477], [-32.4153138, -3.8477242], [-32.415475, -3.8478062], [-32.4155495, -3.8478356], [-32.4156345, -3.8478573], [-32.4157171, -3.8478542], [-32.4161455, -3.8478218], [-32.4162179, -3.8478338], [-32.4162877, -3.8478606], [-32.4163802, -3.8479114], [-32.4166545, -3.8480885], [-32.4169307, -3.8482668]]}, "properties": {"osm_id": 30687890, "highway": "residential", "name": "Rua Nice Cordeiro", "surface": "ground"}}, {"type": "Feature", "geometry": {"type": "LineString", "coordinates": [[-32.4190916, -3.8475695], [-32.418704, -3.8476917], [-32.4184593, -3.8478992], [-32.4182764, -3.8482205], [-32.4180681, -3.8488604], [-32.41793, -3.8491011], [-32.4178555, -3.8492582]]}, "properties": {"osm_id": 30687891, "highway": "path", "name": "Vila Floresta Velha", "surface": null}}, {"type": "Feature", "geometry": {"type": "LineString", "coordinates": [[-32.4197443, -3.8504177], [-32.4197514, -3.850379], [-32.4197797, -3.850127], [-32.4198335, -3.8495914], [-32.4192226, -3.8493758], [-32.4191817, -3.8493798], [-32.4191542, -3.8493985], [-32.4191348, -3.8494306], [-32.4191226, -3.8494698], [-32.4191089, -3.8495141], [-32.4190843, -3.849584], [-32.4190322, -3.8497432], [-32.4189847, -3.8498957]]}, "properties": {"osm_id": 30687892, "highway": "residential", "name": "Rua Primavera", "surface": "dirt"}}, {"type": "Feature", "geometry": {"type": "LineString", "coordinates": [[-32.4198335, -3.8495914], [-32.4199536, -3.8493174]]}, "properties": {"osm_id": 30687893, "highway": "residential", "name": "Rua Primavera", "surface": "dirt"}}, {"type": "Feature", "geometry": {"type": "LineString", "coordinates": [[-32.4248667, -3.851919], [-32.4248738, -3.852159], [-32.4248841, -3.852295], [-32.4248928, -3.8524891], [-32.4249103, -3.8526143], [-32.4250866, -3.8527941]]}, "properties": {"osm_id": 30687904, "highway": "residential", "name": null, "surface": null}}, {"type": "Feature", "geometry": {"type": "LineString", "coordinates": [[-32.4381959, -3.8579978], [-32.4383084, -3.8574207], [-32.4383709, -3.8570643], [-32.4385071, -3.8563922], [-32.4389429, -3.8553458]]}, "properties": {"osm_id": 30687909, "highway": "track", "name": "Estrada do Quixaba", "surface": null}}, {"type": "Feature", "geometry": {"type": "LineString", "coordinates": [[-32.433136, -3.8490849], [-32.4331185, -3.8489244], [-32.4331111, -3.8488046], [-32.4331078, -3.8486701], [-32.4331279, -3.8485631], [-32.4331983, -3.8483303], [-32.4332265, -3.8482433], [-32.4332634, -3.8481637], [-32.4333056, -3.8481055], [-32.4333619, -3.8480566], [-32.4334203, -3.8480359], [-32.4334793, -3.8480379], [-32.433519, -3.848057], [-32.4335584, -3.8481122], [-32.4336644, -3.8483664], [-32.433734, -3.848464], [-32.43379, -3.848508], [-32.4339245, -3.8485725], [-32.4341016, -3.8486113], [-32.4342571, -3.8486153], [-32.43443, -3.848565]]}, "properties": {"osm_id": 30688577, "highway": "track", "name": "Estrada da Praia do Bode", "surface": "ground"}}, {"type": "Feature", "geometry": {"type": "LineString", "coordinates": [[-32.438674, -3.85083], [-32.4386826, -3.8507626], [-32.4386758, -3.8507335], [-32.438667, -3.850459], [-32.438679, -3.85039], [-32.4387129, -3.85029]]}, "properties": {"osm_id": 30688578, "highway": "path", "name": null, "surface": null}}, {"type": "Feature", "geometry": {"type": "LineString", "coordinates": [[-32.4399209, -3.8550435], [-32.4400153, -3.8551667], [-32.4399707, -3.8552405], [-32.439986, -3.855447], [-32.440066, -3.855607], [-32.440173, -3.8558025], [-32.4401944, -3.8557913], [-32.440212, -3.8556081], [-32.4402355, -3.8555784], [-32.4406455, -3.8553811], [-32.4407448, -3.8553584], [-32.440818, -3.85538], [-32.441135, -3.855545], [-32.441454, -3.855745], [-32.441679, -3.855857], [-32.443049, -3.856736], [-32.443724, -3.857119], [-32.443851, -3.857217], [-32.444058, -3.857448], [-32.444169, -3.857494], [-32.444372, -3.857522], [-32.44449, -3.857562], [-32.444683, -3.857671], [-32.444838, -3.857739], [-32.44519, -3.857846], [-32.44555, -3.857895], [-32.44566, -3.857931], [-32.446206, -3.858161], [-32.44654, -3.858259], [-32.4466042, -3.8583081], [-32.4466556, -3.8583197]]}, "properties": {"osm_id": 30688703, "highway": "path", "name": "Trilha Golfinho", "surface": "wood"}}, {"type": "Feature", "geometry": {"type": "LineString", "coordinates": [[-32.4351262, -3.8693566], [-32.4349904, -3.869337], [-32.434903, -3.869318], [-32.434798, -3.869319], [-32.434604, -3.869351], [-32.434503, -3.869386], [-32.434362, -3.869496], [-32.434225, -3.8695698], [-32.4340961, -3.8696758], [-32.4339971, -3.8697488]]}, "properties": {"osm_id": 30690489, "highway": "path", "name": null, "surface": "unpaved"}}, {"type": "Feature", "geometry": {"type": "LineString", "coordinates": [[-32.4176674, -3.8633869], [-32.417869, -3.863346], [-32.418092, -3.863332], [-32.418168, -3.8633434], [-32.418285, -3.863361], [-32.418471, -3.863447], [-32.418573, -3.863479], [-32.418678, -3.863489], [-32.419419, -3.863334], [-32.419573, -3.863232], [-32.419868, -3.863104], [-32.419991, -3.863034], [-32.420275, -3.862826], [-32.420376, -3.862741], [-32.420497, -3.862579], [-32.420744, -3.862323], [-32.420848, -3.862241], [-32.421169, -3.861938], [-32.421384, -3.861837], [-32.421488, -3.861845], [-32.421606, -3.861892]]}, "properties": {"osm_id": 30691289, "highway": "path", "name": "Trilha do Abreus", "surface": null}}, {"type": "Feature", "geometry": {"type": "LineString", "coordinates": [[-32.4287901, -3.85709], [-32.428766, -3.8570027], [-32.4287549, -3.8569592], [-32.4287301, -3.8569103], [-32.4286862, -3.8568578]]}, "properties": {"osm_id": 129220488, "highway": "secondary_link", "name": null, "surface": "asphalt"}}, {"type": "Feature", "geometry": {"type": "LineString", "coordinates": [[-32.4285883, -3.8568009], [-32.4286792, -3.8567885], [-32.4287925, -3.8567735]]}, "properties": {"osm_id": 129220489, "highway": "unclassified", "name": null, "surface": "asphalt"}}, {"type": "Feature", "geometry": {"type": "LineString", "coordinates": [[-32.4287925, -3.8567735], [-32.4288169, -3.8567943], [-32.4288512, -3.8568376], [-32.4288678, -3.8568766]]}, "properties": {"osm_id": 129220490, "highway": "unclassified", "name": null, "surface": "asphalt"}}, {"type": "Feature", "geometry": {"type": "LineString", "coordinates": [[-32.4137771, -3.8456581], [-32.4132729, -3.8458361]]}, "properties": {"osm_id": 130277196, "highway": "residential", "name": "Rua João Pedro da Silva", "surface": "paving_stones"}}, {"type": "Feature", "geometry": {"type": "LineString", "coordinates": [[-32.4248178, -3.8573154], [-32.4244477, -3.8567447]]}, "properties": {"osm_id": 189306745, "highway": "track", "name": null, "surface": null}}, {"type": "Feature", "geometry": {"type": "LineString", "coordinates": [[-32.4259838, -3.8560095], [-32.4257961, -3.8564216]]}, "properties": {"osm_id": 189306747, "highway": "track", "name": null, "surface": null}}, {"type": "Feature", "geometry": {"type": "LineString", "coordinates": [[-32.4248412, -3.857296], [-32.4249083, -3.8573516], [-32.4249438, -3.8573723], [-32.4250075, -3.8573944], [-32.4251235, -3.8574138], [-32.4256271, -3.8575268], [-32.4260268, -3.8576018], [-32.4263848, -3.8577262], [-32.4265109, -3.8577583], [-32.4265873, -3.8577597], [-32.426751, -3.8577623], [-32.4269789, -3.8577784], [-32.4270507, -3.8577891], [-32.4271178, -3.8578085], [-32.4272029, -3.8578292], [-32.4273639, -3.8579009], [-32.4275038, -3.8579643], [-32.4275901, -3.8580164]]}, "properties": {"osm_id": 189306751, "highway": "unclassified", "name": null, "surface": null}}, {"type": "Feature", "geometry": {"type": "LineString", "coordinates": [[-32.4125751, -3.8453125], [-32.4129832, -3.8451269]]}, "properties": {"osm_id": 211751229, "highway": "residential", "name": "Rua Amaro Preto", "surface": "cobblestone"}}, {"type": "Feature", "geometry": {"type": "LineString", "coordinates": [[-32.4140903, -3.8485464], [-32.4140393, -3.8485397], [-32.4140014, -3.848533], [-32.4139682, -3.8485223], [-32.4139417, -3.8485052], [-32.4139206, -3.8484862], [-32.4138992, -3.8484534], [-32.4138489, -3.8483035], [-32.4138053, -3.8481342], [-32.4137899, -3.8480372], [-32.4137791, -3.8479342], [-32.4137872, -3.8473767]]}, "properties": {"osm_id": 211751230, "highway": "residential", "name": "Rua Corveta do Ipiranga", "surface": null}}, {"type": "Feature", "geometry": {"type": "LineString", "coordinates": [[-32.4072979, -3.8470584], [-32.4073626, -3.8469527], [-32.4074035, -3.8469072], [-32.4074538, -3.8468651], [-32.4075477, -3.8467975], [-32.4078602, -3.8465961], [-32.4080975, -3.8464235], [-32.4083778, -3.846188], [-32.4087252, -3.8459138], [-32.4089813, -3.8456956], [-32.4096234, -3.8451102], [-32.4096864, -3.8450665], [-32.409729, -3.8450453]]}, "properties": {"osm_id": 211751231, "highway": "residential", "name": "Rua Dom Juquinha I", "surface": "asphalt"}}, {"type": "Feature", "geometry": {"type": "LineString", "coordinates": [[-32.4090968, -3.8416388], [-32.4094362, -3.841736], [-32.4097538, -3.8417589], [-32.4099228, -3.8417716], [-32.4100415, -3.841787], [-32.4101514, -3.8418111], [-32.4102866, -3.8418503], [-32.4103771, -3.841878], [-32.4104893, -3.8419122]]}, "properties": {"osm_id": 211751232, "highway": "unclassified", "name": "Rua Pescador Sérgio Linho", "surface": "ground"}}, {"type": "Feature", "geometry": {"type": "LineString", "coordinates": [[-32.4113625, -3.841696], [-32.4111794, -3.8416934], [-32.4110761, -3.8416954], [-32.4110037, -3.841696], [-32.4109226, -3.841698], [-32.4107747, -3.8416772]]}, "properties": {"osm_id": 211751233, "highway": "residential", "name": "Travessa da Estrela", "surface": "unhewn_cobblestone"}}, {"type": "Feature", "geometry": {"type": "LineString", "coordinates": [[-32.447512, -3.866206], [-32.447624, -3.866237], [-32.447858, -3.866343], [-32.448005, -3.86637], [-32.448061, -3.866359], [-32.44812, -3.866304], [-32.448148, -3.866237], [-32.448269, -3.865822], [-32.448271, -3.865736], [-32.448221, -3.865559], [-32.448161, -3.865252], [-32.448169, -3.865157], [-32.448223, -3.865085], [-32.448343, -3.865016], [-32.448427, -3.864943], [-32.448489, -3.864918], [-32.448724, -3.864893], [-32.448801, -3.864903], [-32.448918, -3.864967]]}, "properties": {"osm_id": 254128877, "highway": "path", "name": null, "surface": null}}, {"type": "Feature", "geometry": {"type": "LineString", "coordinates": [[-32.4466556, -3.8583197], [-32.44672, -3.857958], [-32.446784, -3.857832], [-32.44681, -3.857748], [-32.446823, -3.857553], [-32.446866, -3.857428], [-32.44694, -3.857305], [-32.447132, -3.85707], [-32.447264, -3.856809], [-32.447287, -3.8567], [-32.447277, -3.856649], [-32.447228, -3.856566], [-32.447052, -3.85639], [-32.446921, -3.856158], [-32.446668, -3.855894], [-32.4464778, -3.8556123], [-32.446343, -3.8558073], [-32.446257, -3.855925], [-32.446181, -3.855982], [-32.446056, -3.856032], [-32.44599, -3.856074], [-32.445859, -3.856201], [-32.445685, -3.856319], [-32.445601, -3.8565038], [-32.4454867, -3.856605], [-32.445372, -3.856624], [-32.445194, -3.856611], [-32.445043, -3.85662], [-32.444963, -3.856613], [-32.444825, -3.856576], [-32.444739, -3.856574], [-32.444472, -3.8566607], [-32.444305, -3.856757], [-32.444243, -3.856777]]}, "properties": {"osm_id": 254132375, "highway": "path", "name": "Trilha Golfinho Sancho", "surface": "ground"}}, {"type": "Feature", "geometry": {"type": "LineString", "coordinates": [[-32.440925, -3.850655], [-32.4408254, -3.850583], [-32.4408144, -3.8505357]]}, "properties": {"osm_id": 254133597, "highway": "steps", "name": null, "surface": null}}, {"type": "Feature", "geometry": {"type": "LineString", "coordinates": [[-32.4409409, -3.8506713], [-32.4410029, -3.8505993], [-32.4411967, -3.8505138]]}, "properties": {"osm_id": 254133598, "highway": "path", "name": null, "surface": null}}, {"type": "Feature", "geometry": {"type": "LineString", "coordinates": [[-32.4415634, -3.8516431], [-32.441417, -3.851618], [-32.441324, -3.851582], [-32.441251, -3.851535], [-32.441193, -3.851472], [-32.441073, -3.851269], [-32.4410663, -3.8511994], [-32.441117, -3.851062], [-32.441133, -3.850987], [-32.441129, -3.850903], [-32.441082, -3.850816], [-32.4409409, -3.8506713], [-32.440925, -3.850655]]}, "properties": {"osm_id": 254133599, "highway": "path", "name": null, "surface": null}}, {"type": "Feature", "geometry": {"type": "LineString", "coordinates": [[-32.433519, -3.848057], [-32.433423, -3.8478386]]}, "properties": {"osm_id": 254145642, "highway": "path", "name": null, "surface": "ground"}}, {"type": "Feature", "geometry": {"type": "LineString", "coordinates": [[-32.4308641, -3.8475462], [-32.4307099, -3.8475207], [-32.430441, -3.847485], [-32.4302486, -3.8474672], [-32.430019, -3.847437], [-32.429728, -3.847394], [-32.429605, -3.847353], [-32.429497, -3.847297], [-32.4293675, -3.8472156], [-32.4291958, -3.8471367], [-32.4291261, -3.847126], [-32.4289705, -3.8471407], [-32.42889, -3.847138], [-32.4288337, -3.8471287], [-32.4286083, -3.8470757]]}, "properties": {"osm_id": 254145643, "highway": "track", "name": "Alameda do Fortim", "surface": "grass"}}, {"type": "Feature", "geometry": {"type": "LineString", "coordinates": [[-32.4408144, -3.8505357], [-32.440636, -3.8503914], [-32.4403884, -3.8503313], [-32.4392516, -3.8502057], [-32.4383636, -3.8499339], [-32.4376597, -3.8494793], [-32.4369236, -3.8489715], [-32.4367334, -3.8489039], [-32.4364686, -3.8488099], [-32.4359534, -3.8487226], [-32.4354814, -3.8484769], [-32.4351695, -3.848411], [-32.4350858, -3.8483635], [-32.4346698, -3.8481649], [-32.4341348, -3.8478661], [-32.4339581, -3.8477487], [-32.4338337, -3.8476873], [-32.4337405, -3.8476319], [-32.4336174, -3.8474418], [-32.4335209, -3.8474619], [-32.4333116, -3.847684], [-32.4330704, -3.8476417], [-32.4327913, -3.8470636], [-32.4326216, -3.8469622], [-32.432301, -3.8467707], [-32.4320075, -3.8465028], [-32.4318544, -3.8463306]]}, "properties": {"osm_id": 254145644, "highway": "path", "name": null, "surface": "sand"}}, {"type": "Feature", "geometry": {"type": "LineString", "coordinates": [[-32.4326216, -3.8469622], [-32.432564, -3.847034], [-32.432555, -3.847099], [-32.432592, -3.847176], [-32.43259, -3.847229], [-32.43255, -3.847271], [-32.432425, -3.847314], [-32.43238, -3.847356], [-32.4322073, -3.8476106], [-32.432128, -3.847695], [-32.432067, -3.84773], [-32.431949, -3.847762], [-32.431897, -3.8478467], [-32.4318624, -3.848115], [-32.431541, -3.847637], [-32.431479, -3.847619], [-32.431411, -3.847556], [-32.431281, -3.847333], [-32.431182, -3.8470537]]}, "properties": {"osm_id": 254145646, "highway": "path", "name": null, "surface": null}}, {"type": "Feature", "geometry": {"type": "LineString", "coordinates": [[-32.4210982, -3.8488842], [-32.4214955, -3.8486011], [-32.4215476, -3.8482443], [-32.4219096, -3.8479998], [-32.4222708, -3.8475235], [-32.4223993, -3.8472241], [-32.4228964, -3.8469711], [-32.4232798, -3.8466915], [-32.4233349, -3.8463839], [-32.4230524, -3.8459809], [-32.4230211, -3.8454891]]}, "properties": {"osm_id": 254151280, "highway": "path", "name": null, "surface": null}}, {"type": "Feature", "geometry": {"type": "LineString", "coordinates": [[-32.4240195, -3.8427661], [-32.424028, -3.842858], [-32.42405, -3.8429], [-32.424094, -3.842928], [-32.424294, -3.842975], [-32.424532, -3.842972], [-32.424641, -3.842994], [-32.424777, -3.843058], [-32.425074, -3.843152], [-32.425168, -3.843229], [-32.425278, -3.843406], [-32.425557, -3.843646], [-32.425619, -3.843729], [-32.425724, -3.844026], [-32.425867, -3.84418], [-32.42593, -3.844298], [-32.426022, -3.84438], [-32.426111, -3.844423]]}, "properties": {"osm_id": 254153539, "highway": "path", "name": null, "surface": null}}, {"type": "Feature", "geometry": {"type": "LineString", "coordinates": [[-32.4318544, -3.8463306], [-32.431839, -3.846243], [-32.431769, -3.846178], [-32.431496, -3.846117], [-32.431383, -3.84611], [-32.431056, -3.84603], [-32.430514, -3.845792], [-32.430353, -3.845774], [-32.42989, -3.845651], [-32.4297281, -3.84556]]}, "properties": {"osm_id": 254154116, "highway": "path", "name": null, "surface": "sand"}}, {"type": "Feature", "geometry": {"type": "LineString", "coordinates": [[-32.411066, -3.8394094], [-32.4110011, -3.8395576], [-32.4109545, -3.8398368]]}, "properties": {"osm_id": 254154913, "highway": "steps", "name": null, "surface": "concrete"}}, {"type": "Feature", "geometry": {"type": "LineString", "coordinates": [[-32.4109545, -3.8398368], [-32.4111606, -3.8398288]]}, "properties": {"osm_id": 254154914, "highway": "residential", "name": null, "surface": null}}, {"type": "Feature", "geometry": {"type": "LineString", "coordinates": [[-32.411215, -3.8406374], [-32.4112223, -3.8408771], [-32.4112029, -3.8411655]]}, "properties": {"osm_id": 254160151, "highway": "residential", "name": null, "surface": "cobblestone"}}, {"type": "Feature", "geometry": {"type": "LineString", "coordinates": [[-32.411215, -3.8406374], [-32.4116756, -3.8406844], [-32.4117681, -3.8406844]]}, "properties": {"osm_id": 254160154, "highway": "residential", "name": "Estrada da Alamoa", "surface": "cobblestone"}}, {"type": "Feature", "geometry": {"type": "LineString", "coordinates": [[-32.4058163, -3.8459124], [-32.4061904, -3.8463768], [-32.4065351, -3.8461264]]}, "properties": {"osm_id": 254160159, "highway": "residential", "name": "Rua Aureliano Otaviano da Silva", "surface": "cobblestone"}}, {"type": "Feature", "geometry": {"type": "LineString", "coordinates": [[-32.4110829, -3.8456301], [-32.411, -3.8457003], [-32.4108087, -3.8458722]]}, "properties": {"osm_id": 254161838, "highway": "service", "name": null, "surface": null}}, {"type": "Feature", "geometry": {"type": "LineString", "coordinates": [[-32.4105467, -3.8457552], [-32.4105078, -3.8457247], [-32.4104978, -3.8457203], [-32.4104862, -3.8457165], [-32.4104646, -3.8457147], [-32.4103644, -3.8457196], [-32.4102949, -3.8458341], [-32.4102953, -3.8458608], [-32.410305, -3.8458879], [-32.4103268, -3.8459134]]}, "properties": {"osm_id": 254161839, "highway": "service", "name": null, "surface": "concrete:plates"}}, {"type": "Feature", "geometry": {"type": "LineString", "coordinates": [[-32.411, -3.8457003], [-32.4109263, -3.8456839], [-32.4108445, -3.8456705], [-32.4107818, -3.8456635], [-32.410716, -3.8456665], [-32.4106728, -3.8456742], [-32.4106379, -3.8456899], [-32.4105856, -3.845723], [-32.4105467, -3.8457552], [-32.4104527, -3.8458356]]}, "properties": {"osm_id": 254161840, "highway": "service", "name": null, "surface": "concrete:plates"}}, {"type": "Feature", "geometry": {"type": "LineString", "coordinates": [[-32.4113625, -3.841696], [-32.4115549, -3.8416967], [-32.4117172, -3.84168], [-32.411856, -3.8416552], [-32.4119043, -3.8416459], [-32.4119412, -3.8416347], [-32.4119978, -3.841603], [-32.4120411, -3.8415786], [-32.4121892, -3.8414913], [-32.4126358, -3.8412275]]}, "properties": {"osm_id": 254223467, "highway": "residential", "name": "Travessa da Estrela", "surface": "dirt"}}, {"type": "Feature", "geometry": {"type": "LineString", "coordinates": [[-32.4112029, -3.8411655], [-32.4111861, -3.841486], [-32.4111794, -3.8416934]]}, "properties": {"osm_id": 254233661, "highway": "residential", "name": "Rua Cabo Elias", "surface": "cobblestone"}}, {"type": "Feature", "geometry": {"type": "LineString", "coordinates": [[-32.4145043, -3.8397151], [-32.4146985, -3.839719]]}, "properties": {"osm_id": 254238689, "highway": "path", "name": null, "surface": "ground"}}, {"type": "Feature", "geometry": {"type": "LineString", "coordinates": [[-32.41486, -3.839612], [-32.415014, -3.839572]]}, "properties": {"osm_id": 254238690, "highway": "path", "name": null, "surface": "ground"}}, {"type": "Feature", "geometry": {"type": "LineString", "coordinates": [[-32.426109, -3.866538], [-32.4260448, -3.8666026], [-32.4256813, -3.8662733], [-32.425292, -3.8660418], [-32.4247608, -3.8658643], [-32.4243638, -3.8657447], [-32.4234241, -3.8656071], [-32.4231198, -3.8656019], [-32.4228233, -3.8656534], [-32.42259, -3.8657436], [-32.4221827, -3.8660497], [-32.4220202, -3.8663275], [-32.4219661, -3.8664407]]}, "properties": {"osm_id": 254247243, "highway": "path", "name": null, "surface": "sand"}}, {"type": "Feature", "geometry": {"type": "LineString", "coordinates": [[-32.4264398, -3.8662654], [-32.4264014, -3.8663547], [-32.4263682, -3.8664186]]}, "properties": {"osm_id": 254247245, "highway": "path", "name": null, "surface": "asphalt"}}, {"type": "Feature", "geometry": {"type": "LineString", "coordinates": [[-32.4284858, -3.8563281], [-32.4284723, -3.8561072]]}, "properties": {"osm_id": 254315113, "highway": "footway", "name": null, "surface": "asphalt"}}, {"type": "Feature", "geometry": {"type": "LineString", "coordinates": [[-32.428405, -3.8563343], [-32.4283925, -3.8561125]]}, "properties": {"osm_id": 254315114, "highway": "footway", "name": null, "surface": "asphalt"}}, {"type": "Feature", "geometry": {"type": "LineString", "coordinates": [[-32.4285846, -3.8560975], [-32.4285987, -3.8563167], [-32.4285314, -3.8563242], [-32.4284858, -3.8563281], [-32.428405, -3.8563343], [-32.4282928, -3.8563414], [-32.4282748, -3.8561215]]}, "properties": {"osm_id": 254315115, "highway": "footway", "name": null, "surface": "asphalt"}}, {"type": "Feature", "geometry": {"type": "LineString", "coordinates": [[-32.4001141, -3.8338973], [-32.3998595, -3.8340699], [-32.3997498, -3.8341485], [-32.39967, -3.8342121], [-32.3995543, -3.8343003]]}, "properties": {"osm_id": 254321040, "highway": "unclassified", "name": "Rua Joaquim Ferreira", "surface": "ground"}}, {"type": "Feature", "geometry": {"type": "LineString", "coordinates": [[-32.3996974, -3.834391], [-32.3995543, -3.8343003]]}, "properties": {"osm_id": 254321043, "highway": "unclassified", "name": "Rua Joaquim Ferreira", "surface": "ground"}}, {"type": "Feature", "geometry": {"type": "LineString", "coordinates": [[-32.3999813, -3.8352163], [-32.3998592, -3.8353147], [-32.3997609, -3.8354019], [-32.399648, -3.8354855], [-32.399546, -3.8355872], [-32.399474, -3.835642]]}, "properties": {"osm_id": 254321044, "highway": "path", "name": null, "surface": "unpaved"}}, {"type": "Feature", "geometry": {"type": "LineString", "coordinates": [[-32.4010638, -3.8359321], [-32.4009582, -3.8359549], [-32.4009146, -3.8359583], [-32.4008489, -3.8359482], [-32.4008173, -3.8359335], [-32.4007899, -3.8359098], [-32.4007661, -3.8358823], [-32.4007506, -3.8358452], [-32.4007396, -3.8358051], [-32.4007308, -3.8357188], [-32.4007304, -3.8356421]]}, "properties": {"osm_id": 254321049, "highway": "service", "name": null, "surface": null}}, {"type": "Feature", "geometry": {"type": "LineString", "coordinates": [[-32.4004006, -3.8350447], [-32.4004579, -3.8350759], [-32.4006255, -3.8350705], [-32.4008258, -3.835134], [-32.4009678, -3.8351413], [-32.4010547, -3.8350921], [-32.4011642, -3.8349562]]}, "properties": {"osm_id": 254322343, "highway": "path", "name": null, "surface": "ground"}}, {"type": "Feature", "geometry": {"type": "LineString", "coordinates": [[-32.4000996, -3.8347587], [-32.400135, -3.8347557], [-32.4002731, -3.8347453]]}, "properties": {"osm_id": 254322345, "highway": "service", "name": null, "surface": "paving_stones"}}, {"type": "Feature", "geometry": {"type": "LineString", "coordinates": [[-32.4004532, -3.8349557], [-32.4004006, -3.8350447], [-32.4003787, -3.8350751], [-32.4003252, -3.8351487]]}, "properties": {"osm_id": 254322347, "highway": "service", "name": null, "surface": "paving_stones"}}, {"type": "Feature", "geometry": {"type": "LineString", "coordinates": [[-32.4005274, -3.8347785], [-32.4005355, -3.8348302], [-32.4005244, -3.8348813], [-32.4004958, -3.8349251], [-32.4004532, -3.8349557], [-32.4003928, -3.8349694], [-32.4003321, -3.8349564], [-32.4002826, -3.8349191], [-32.4002535, -3.8348645], [-32.4002501, -3.8348028], [-32.4002731, -3.8347453], [-32.4003102, -3.8347081], [-32.4003583, -3.8346867], [-32.4004108, -3.8346839], [-32.4004606, -3.8347002], [-32.4005013, -3.8347331], [-32.4005274, -3.8347785]]}, "properties": {"osm_id": 254322349, "highway": "service", "name": null, "surface": "fine_gravel"}}, {"type": "Feature", "geometry": {"type": "LineString", "coordinates": [[-32.3999813, -3.8352163], [-32.399937, -3.835267], [-32.399865, -3.835461], [-32.399858, -3.835549], [-32.399895, -3.835715], [-32.40003, -3.8361], [-32.4000088, -3.8362187], [-32.400025, -3.836365]]}, "properties": {"osm_id": 254323469, "highway": "path", "name": null, "surface": "ground"}}, {"type": "Feature", "geometry": {"type": "LineString", "coordinates": [[-32.398413, -3.834995], [-32.3982471, -3.8350899], [-32.3982219, -3.8352313], [-32.398289, -3.835332], [-32.39832, -3.83537], [-32.39848, -3.835403], [-32.398677, -3.835486], [-32.399216, -3.835663], [-32.399334, -3.835675], [-32.399474, -3.835642]]}, "properties": {"osm_id": 254324529, "highway": "path", "name": null, "surface": "ground"}}, {"type": "Feature", "geometry": {"type": "LineString", "coordinates": [[-32.4281867, -3.8497182], [-32.4282047, -3.849731], [-32.4282577, -3.8497688]]}, "properties": {"osm_id": 254334592, "highway": "path", "name": null, "surface": "asphalt"}}, {"type": "Feature", "geometry": {"type": "LineString", "coordinates": [[-32.4098183, -3.8450579], [-32.4100021, -3.8451427], [-32.4100772, -3.8451773], [-32.4102909, -3.8452688], [-32.4108253, -3.8454898], [-32.4118202, -3.8459306], [-32.4118701, -3.8459417], [-32.4118974, -3.8459038], [-32.4118887, -3.8458677], [-32.4117334, -3.8456753]]}, "properties": {"osm_id": 254334593, "highway": "footway", "name": null, "surface": "paving_stones"}}, {"type": "Feature", "geometry": {"type": "LineString", "coordinates": [[-32.4254643, -3.8497992], [-32.4256724, -3.8497915], [-32.4258092, -3.8497769]]}, "properties": {"osm_id": 254334595, "highway": "path", "name": null, "surface": "asphalt"}}, {"type": "Feature", "geometry": {"type": "LineString", "coordinates": [[-32.4322012, -3.8529161], [-32.4322253, -3.8529239], [-32.4323878, -3.8529505]]}, "properties": {"osm_id": 254334597, "highway": "path", "name": null, "surface": "paving_stones"}}, {"type": "Feature", "geometry": {"type": "LineString", "coordinates": [[-32.4422926, -3.8543947], [-32.442321, -3.8543939]]}, "properties": {"osm_id": 254369289, "highway": "path", "name": "Trilha Sancho", "surface": "wood"}}, {"type": "Feature", "geometry": {"type": "LineString", "coordinates": [[-32.4288696, -3.8681732], [-32.4287988, -3.8680132], [-32.4286962, -3.8677901], [-32.4285963, -3.8675663], [-32.4285675, -3.8675201], [-32.4285346, -3.867492], [-32.4284984, -3.8674766], [-32.4283201, -3.8674365], [-32.4281437, -3.8674077], [-32.428074, -3.8673816], [-32.4280177, -3.8673543], [-32.4279841, -3.8673221], [-32.4277166, -3.8670873], [-32.4276703, -3.8670605], [-32.4274463, -3.8669836], [-32.4273947, -3.8669608], [-32.4273518, -3.8669207], [-32.4273089, -3.8668491], [-32.4272673, -3.866722], [-32.4270798, -3.8661285], [-32.427042, -3.8660088], [-32.4270199, -3.8659319], [-32.426989, -3.8658442], [-32.426966, -3.86579]]}, "properties": {"osm_id": 254369292, "highway": "unclassified", "name": null, "surface": null}}, {"type": "Feature", "geometry": {"type": "LineString", "coordinates": [[-32.4105809, -3.8404607], [-32.4105692, -3.8404111]]}, "properties": {"osm_id": 254377471, "highway": "steps", "name": null, "surface": "unhewn_cobblestone"}}, {"type": "Feature", "geometry": {"type": "LineString", "coordinates": [[-32.447512, -3.866206], [-32.447429, -3.866571], [-32.447441, -3.866654], [-32.447403, -3.866877], [-32.447437, -3.867205], [-32.447514, -3.867446], [-32.447654, -3.867619], [-32.447711, -3.867657], [-32.447778, -3.867678], [-32.44787, -3.867667], [-32.4479453, -3.8676351], [-32.448144, -3.867551], [-32.448483, -3.867454], [-32.448586, -3.867442], [-32.448798, -3.867445], [-32.449029, -3.867426], [-32.449437, -3.867364], [-32.449639, -3.86739], [-32.449739, -3.867423], [-32.449828, -3.867464], [-32.449975, -3.867573], [-32.450613, -3.867881], [-32.450743, -3.867968], [-32.450918, -3.868114], [-32.451248, -3.868295], [-32.45153, -3.868485], [-32.452162, -3.86884], [-32.452251, -3.868925], [-32.45235, -3.868983], [-32.452964, -3.8692], [-32.453428, -3.869443], [-32.453592, -3.869577], [-32.453978, -3.869743], [-32.454101, -3.869765], [-32.4543, -3.869735], [-32.454612, -3.86982], [-32.454845, -3.869774], [-32.455088, -3.86978], [-32.455368, -3.869858], [-32.455504, -3.869917], [-32.455628, -3.870029], [-32.455778, -3.870203], [-32.455846, -3.870257], [-32.456682, -3.870647], [-32.45683, -3.870701], [-32.456955, -3.870769], [-32.45713, -3.870944], [-32.457369, -3.871114], [-32.457634, -3.871328], [-32.457735, -3.871426], [-32.457803, -3.871526], [-32.457898, -3.871629], [-32.457968, -3.871787], [-32.458049, -3.871926], [-32.458084, -3.872059], [-32.45809, -3.872217], [-32.458138, -3.872404], [-32.458209, -3.872807], [-32.458212, -3.872998], [-32.458263, -3.873189], [-32.458379, -3.873796], [-32.458516, -3.874264], [-32.45851, -3.874451], [-32.458535, -3.874669], [-32.458525, -3.875005]]}, "properties": {"osm_id": 254390218, "highway": "path", "name": "Trilha do Farol", "surface": null}}, {"type": "Feature", "geometry": {"type": "LineString", "coordinates": [[-32.4085642, -3.844209], [-32.4084046, -3.8441856], [-32.4083135, -3.8441775], [-32.4082142, -3.8441755], [-32.4080573, -3.8441514], [-32.407948, -3.844136], [-32.4078521, -3.8441367], [-32.4077395, -3.8441554], [-32.4076523, -3.8441809], [-32.4073532, -3.844312], [-32.4072754, -3.8443508], [-32.4071259, -3.8444184], [-32.4070521, -3.8444351], [-32.4069844, -3.8444364], [-32.4069241, -3.8444264], [-32.4068644, -3.844407], [-32.4068215, -3.8443802], [-32.40679, -3.8443361], [-32.4067812, -3.8442906], [-32.40679, -3.8442525], [-32.4067993, -3.8442056], [-32.4069194, -3.8438564], [-32.4069247, -3.8438049], [-32.4069234, -3.8437634], [-32.4069204, -3.8437299], [-32.4068703, -3.8435956]]}, "properties": {"osm_id": 314985251, "highway": "unclassified", "name": "Estrada da Colina", "surface": "dirt"}}, {"type": "Feature", "geometry": {"type": "LineString", "coordinates": [[-32.4061904, -3.8463768], [-32.4062973, -3.8464972], [-32.4063492, -3.8464624], [-32.4064426, -3.8464529], [-32.4065512, -3.8465047], [-32.4067088, -3.8467204], [-32.4067551, -3.8468136], [-32.4067239, -3.846904], [-32.406639, -3.8469869], [-32.4065182, -3.8470444], [-32.4064549, -3.8470368], [-32.4062756, -3.8468165], [-32.4062312, -3.8467232], [-32.4062208, -3.8466168], [-32.4062425, -3.8465565], [-32.4062973, -3.8464972]]}, "properties": {"osm_id": 314985252, "highway": "service", "name": null, "surface": null}}, {"type": "Feature", "geometry": {"type": "LineString", "coordinates": [[-32.4079301, -3.8447177], [-32.4079386, -3.8445876], [-32.4079569, -3.8445065], [-32.4079882, -3.8444425], [-32.4080365, -3.8443782], [-32.4082142, -3.8441755], [-32.408308, -3.8440444]]}, "properties": {"osm_id": 314985253, "highway": "unclassified", "name": null, "surface": "dirt"}}, {"type": "Feature", "geometry": {"type": "LineString", "coordinates": [[-32.400025, -3.836365], [-32.400119, -3.836561], [-32.400099, -3.836608], [-32.400095, -3.836674], [-32.400126, -3.836822], [-32.400093, -3.837028], [-32.400102, -3.837111], [-32.400147, -3.837223], [-32.4002427, -3.8374877], [-32.4002442, -3.8375249], [-32.4002521, -3.8377259], [-32.400125, -3.838205], [-32.400107, -3.83853], [-32.400071, -3.838665], [-32.4000469, -3.8387194], [-32.399928, -3.838963], [-32.399898, -3.839101], [-32.399787, -3.839303], [-32.399688, -3.839541], [-32.39957, -3.83974], [-32.399309, -3.840061], [-32.399136, -3.84019], [-32.398924, -3.840233], [-32.398879, -3.840278], [-32.398741, -3.840484], [-32.398679, -3.840626], [-32.398529, -3.84076], [-32.398479, -3.840829], [-32.398429, -3.841007], [-32.398416, -3.841135], [-32.398429, -3.841255], [-32.398414, -3.841326], [-32.398378, -3.841394], [-32.398291, -3.841493], [-32.398117, -3.841627], [-32.398026, -3.841729], [-32.397746, -3.842224], [-32.397632, -3.842404], [-32.397452, -3.842624], [-32.397389, -3.842732], [-32.397258, -3.843042], [-32.397218, -3.843168], [-32.397179, -3.843431], [-32.39717, -3.843582], [-32.397182, -3.843838], [-32.397116, -3.844038], [-32.397087, -3.84432], [-32.397002, -3.844608], [-32.396985, -3.844821], [-32.396887, -3.845343], [-32.396792, -3.845664], [-32.39678, -3.845935], [-32.396693, -3.84614], [-32.396554, -3.846247], [-32.396526, -3.84631], [-32.396355, -3.846988], [-32.396321, -3.847199], [-32.396361, -3.84755], [-32.396338, -3.847823], [-32.39627, -3.848166], [-32.396266, -3.848289], [-32.396221, -3.848533], [-32.396214, -3.848735], [-32.396165, -3.848896], [-32.395742, -3.849413], [-32.39551, -3.849634], [-32.395302, -3.849879], [-32.394911, -3.850217], [-32.394726, -3.850315], [-32.394539, -3.850462], [-32.3942251, -3.8505515], [-32.393908, -3.850642]]}, "properties": {"osm_id": 314986092, "highway": "path", "name": "Trilha Pontinha Pedra Alta", "surface": "ground"}}, {"type": "Feature", "geometry": {"type": "LineString", "coordinates": [[-32.402768, -3.851641], [-32.40289, -3.851512], [-32.402996, -3.851357], [-32.403119, -3.851246], [-32.403251, -3.851076], [-32.403521, -3.850665], [-32.403794, -3.8502], [-32.403884, -3.849988], [-32.404101, -3.849244], [-32.4041884, -3.8490568], [-32.404353, -3.848599], [-32.404413, -3.848489]]}, "properties": {"osm_id": 314986093, "highway": "path", "name": "Trilha Pontinha Pedra Alta e Trilha da Atalaia", "surface": null}}, {"type": "Feature", "geometry": {"type": "LineString", "coordinates": [[-32.411567, -3.842329], [-32.4114771, -3.8421108], [-32.4114195, -3.8419516], [-32.4113846, -3.8418178], [-32.4113625, -3.841696]]}, "properties": {"osm_id": 314986094, "highway": "residential", "name": "Rua da Consolação", "surface": "cobblestone"}}, {"type": "Feature", "geometry": {"type": "LineString", "coordinates": [[-32.4044965, -3.8472042], [-32.4045456, -3.847304], [-32.4045758, -3.8473428], [-32.4046194, -3.8473749], [-32.404675, -3.8473949], [-32.4047374, -3.8474083], [-32.4048199, -3.8474117], [-32.4048983, -3.8474137], [-32.4049647, -3.847403], [-32.4050231, -3.8473689], [-32.4052576, -3.8471885]]}, "properties": {"osm_id": 314986095, "highway": "residential", "name": "Rua João Soares", "surface": "cobblestone"}}, {"type": "Feature", "geometry": {"type": "LineString", "coordinates": [[-32.399495, -3.8342121], [-32.3994796, -3.8342156], [-32.3994679, -3.8342176], [-32.3994493, -3.8342167], [-32.3994306, -3.8342107], [-32.3994045, -3.8341993], [-32.3993063, -3.8341177], [-32.3992838, -3.8341084], [-32.3992556, -3.8341007], [-32.3992328, -3.834099], [-32.399197, -3.8341007], [-32.399147, -3.834109], [-32.399091, -3.8341248], [-32.399037, -3.8341475], [-32.3989157, -3.8342261], [-32.3988392, -3.8342723], [-32.3987943, -3.834299], [-32.3987456, -3.8343248], [-32.3986577, -3.8343748]]}, "properties": {"osm_id": 316130518, "highway": "unclassified", "name": "Rua Alameda de Sao Pedro", "surface": "ground"}}, {"type": "Feature", "geometry": {"type": "LineString", "coordinates": [[-32.3995543, -3.8343003], [-32.3994699, -3.8343445], [-32.399439, -3.8343713], [-32.3994199, -3.834391], [-32.3994045, -3.8344198], [-32.3993931, -3.8344569], [-32.399377, -3.8345118], [-32.3993606, -3.8345636], [-32.3993361, -3.8346188], [-32.3993207, -3.8346423], [-32.3992979, -3.8346613], [-32.399263, -3.8346811], [-32.3992027, -3.8347145], [-32.399157, -3.834735], [-32.3988996, -3.8348477], [-32.398776, -3.834897], [-32.3985285, -3.8349647], [-32.398476, -3.834979], [-32.398413, -3.834995]]}, "properties": {"osm_id": 316130519, "highway": "unclassified", "name": "Rua Almirante Tamandare", "surface": "ground"}}, {"type": "Feature", "geometry": {"type": "LineString", "coordinates": [[-32.4260616, -3.8481028], [-32.4258685, -3.8483731], [-32.4257002, -3.8485658], [-32.4256519, -3.8486327], [-32.4256137, -3.8487049], [-32.4255983, -3.8487665], [-32.4255989, -3.8488193], [-32.4256318, -3.8489598], [-32.4257106, -3.8492037], [-32.42573, -3.8492274], [-32.4257559, -3.8492335], [-32.4257894, -3.8492268], [-32.4259014, -3.849126], [-32.4262333, -3.8488207], [-32.4262836, -3.8487999], [-32.4263231, -3.8488019], [-32.426362, -3.8488153], [-32.4265069, -3.8489645]]}, "properties": {"osm_id": 316130520, "highway": "residential", "name": "Rua Doutor José Alberto Pulga Nlobey", "surface": null}}, {"type": "Feature", "geometry": {"type": "LineString", "coordinates": [[-32.3991316, -3.8323133], [-32.3990578, -3.8324257], [-32.3990269, -3.8324648], [-32.3989955, -3.8324933], [-32.3989358, -3.8325261], [-32.3988707, -3.8325401], [-32.3988017, -3.8325434], [-32.3987353, -3.8325354], [-32.3986823, -3.8325267], [-32.3986495, -3.83251], [-32.3986267, -3.8324949], [-32.3985975, -3.8324678], [-32.3985596, -3.8323471], [-32.3985435, -3.8323233], [-32.3985227, -3.8323033], [-32.3984952, -3.8322915], [-32.3984647, -3.8322885], [-32.3984258, -3.8322989], [-32.3983578, -3.83233], [-32.3982471, -3.8324063]]}, "properties": {"osm_id": 316130521, "highway": "unclassified", "name": "Rua Joaquim Ferreira", "surface": "ground"}}, {"type": "Feature", "geometry": {"type": "LineString", "coordinates": [[-32.4006792, -3.8355922], [-32.40059, -3.83569], [-32.40032, -3.83588], [-32.400251, -3.835961], [-32.4000088, -3.8362187]]}, "properties": {"osm_id": 316130522, "highway": "path", "name": "Rua Joaquim Ferreira", "surface": "ground"}}, {"type": "Feature", "geometry": {"type": "LineString", "coordinates": [[-32.4344583, -3.8525037], [-32.4345817, -3.8525586], [-32.4347191, -3.8526101], [-32.4349163, -3.8526917], [-32.4352656, -3.8528389], [-32.4356525, -3.8530122], [-32.4357766, -3.8530778], [-32.4358544, -3.8531306], [-32.4359, -3.8531768], [-32.435938, -3.853221], [-32.436008, -3.853346], [-32.4361803, -3.8537455], [-32.4362621, -3.8539515], [-32.4362949, -3.8540418], [-32.4363097, -3.8541121], [-32.4363023, -3.854175], [-32.4362842, -3.8542446], [-32.4362138, -3.8543489], [-32.4360193, -3.8545791], [-32.4358718, -3.8548032]]}, "properties": {"osm_id": 316130523, "highway": "unclassified", "name": "Estrada do Quixaba", "surface": "gravel"}}, {"type": "Feature", "geometry": {"type": "LineString", "coordinates": [[-32.4323878, -3.8529505], [-32.4333624, -3.8529103], [-32.4335187, -3.8529166], [-32.4337133, -3.852945], [-32.4339033, -3.8530606], [-32.434008, -3.8531719], [-32.4340845, -3.8532808], [-32.4341314, -3.8534537], [-32.434165, -3.8537036], [-32.434163, -3.8539096], [-32.4341473, -3.8540339], [-32.4341233, -3.8541138], [-32.4339908, -3.8543013], [-32.433892, -3.8543826], [-32.4337597, -3.8544407], [-32.4335612, -3.854489], [-32.4332204, -3.8545279], [-32.4326346, -3.8545532], [-32.4323323, -3.8545806], [-32.4321898, -3.8546038], [-32.4321278, -3.8546284], [-32.4320206, -3.8546768], [-32.4316362, -3.8548972], [-32.4314067, -3.8550432], [-32.4311739, -3.8551712], [-32.430744, -3.8554282], [-32.4306641, -3.8554906], [-32.4303194, -3.8557244], [-32.4297497, -3.8562238], [-32.4294215, -3.8565116], [-32.4292121, -3.856679], [-32.4291774, -3.8567226], [-32.4290399, -3.856918], [-32.4289481, -3.8571999], [-32.4289496, -3.857366], [-32.428984, -3.8577495], [-32.4290327, -3.8581545], [-32.4290485, -3.8584837], [-32.4291403, -3.8587098], [-32.4292723, -3.8589116], [-32.4293741, -3.8590977], [-32.4293713, -3.8592064], [-32.4293397, -3.8593839], [-32.4292479, -3.8595442], [-32.4290758, -3.8597374], [-32.4289194, -3.8599492], [-32.4288055, -3.8601073], [-32.4287875, -3.8601267], [-32.4286248, -3.8603639], [-32.4285749, -3.8604318], [-32.4284762, -3.8605889], [-32.4283535, -3.8607715], [-32.4282194, -3.860971], [-32.4282059, -3.8609966], [-32.4281176, -3.8611642], [-32.428086, -3.8612945], [-32.4281133, -3.8614176], [-32.4281979, -3.8617052], [-32.4282529, -3.8619844], [-32.4282912, -3.8621646], [-32.4284303, -3.8627356], [-32.428539, -3.8632279], [-32.4285494, -3.8632752], [-32.4285838, -3.8635328], [-32.4286297, -3.8637346], [-32.4286512, -3.863882], [-32.4286125, -3.8641024], [-32.428459, -3.864332], [-32.4282955, -3.8644888], [-32.4280688, -3.8647493], [-32.4278608, -3.8650112]]}, "properties": {"osm_id": 316130524, "highway": "footway", "name": null, "surface": "paving_stones"}}, {"type": "Feature", "geometry": {"type": "LineString", "coordinates": [[-32.399671, -3.8333182], [-32.3995701, -3.8333129], [-32.3994729, -3.8333088], [-32.399377, -3.8333115], [-32.3992556, -3.8333236], [-32.3991557, -3.8333376], [-32.3990662, -3.8333531], [-32.3989965, -3.8333747], [-32.3989522, -3.8333821], [-32.3989274, -3.8333828], [-32.398909, -3.8333774], [-32.3988895, -3.8333684], [-32.398802, -3.833271]]}, "properties": {"osm_id": 316130525, "highway": "track", "name": null, "surface": "ground"}}, {"type": "Feature", "geometry": {"type": "LineString", "coordinates": [[-32.4212162, -3.8510787], [-32.4214429, -3.8511643], [-32.4216387, -3.8512416], [-32.4220705, -3.8514199], [-32.4226941, -3.8517196], [-32.4228182, -3.8518253], [-32.4228597, -3.8518528], [-32.4229811, -3.8518862], [-32.4230247, -3.8519036], [-32.4230589, -3.8519297], [-32.4231072, -3.8520127], [-32.4236986, -3.8532183]]}, "properties": {"osm_id": 316134961, "highway": "unclassified", "name": "Alameda das Cajazeiras", "surface": "compacted"}}, {"type": "Feature", "geometry": {"type": "LineString", "coordinates": [[-32.4197625, -3.8479543], [-32.4195464, -3.8482204], [-32.4193148, -3.848599], [-32.4191992, -3.8488401], [-32.4191134, -3.8490475], [-32.4190825, -3.8491438], [-32.4190421, -3.8493068], [-32.4190947, -3.8493892], [-32.4191226, -3.8494698]]}, "properties": {"osm_id": 316134962, "highway": "track", "name": "Estrada da Alamoa", "surface": null}}, {"type": "Feature", "geometry": {"type": "LineString", "coordinates": [[-32.4282577, -3.8497688], [-32.4283895, -3.8499773], [-32.4286248, -3.8504691], [-32.4286918, -3.8505724], [-32.4289778, -3.8508739], [-32.4300144, -3.8519304], [-32.430555, -3.8524689], [-32.4306169, -3.8525275], [-32.4306435, -3.852548], [-32.4306798, -3.8525761], [-32.4310652, -3.8527663], [-32.4313228, -3.8528696], [-32.431546, -3.8529323], [-32.4317245, -3.8529384], [-32.4322012, -3.8529161]]}, "properties": {"osm_id": 316134967, "highway": "footway", "name": null, "surface": "sett"}}, {"type": "Feature", "geometry": {"type": "LineString", "coordinates": [[-32.4258092, -3.8497769], [-32.4261683, -3.849787], [-32.4267422, -3.8497737], [-32.4268539, -3.8497749], [-32.4277769, -3.8497749], [-32.4281035, -3.8497567], [-32.4281867, -3.8497182]]}, "properties": {"osm_id": 316135033, "highway": "footway", "name": null, "surface": "paving_stones"}}, {"type": "Feature", "geometry": {"type": "LineString", "coordinates": [[-32.407866, -3.856152], [-32.4079246, -3.8561551]]}, "properties": {"osm_id": 316135593, "highway": "path", "name": null, "surface": null}}, {"type": "Feature", "geometry": {"type": "LineString", "coordinates": [[-32.4004108, -3.8346839], [-32.4003807, -3.8346192], [-32.4003174, -3.834469], [-32.4002494, -3.8342636], [-32.4002478, -3.8342521], [-32.4002403, -3.8342291]]}, "properties": {"osm_id": 316137007, "highway": "path", "name": null, "surface": "dirt"}}, {"type": "Feature", "geometry": {"type": "LineString", "coordinates": [[-32.4166545, -3.8480885], [-32.4169337, -3.8476491]]}, "properties": {"osm_id": 316264367, "highway": "residential", "name": "Rua Nice Cordeiro", "surface": "ground"}}, {"type": "Feature", "geometry": {"type": "LineString", "coordinates": [[-32.4158553, -3.8471913], [-32.415555, -3.8467465]]}, "properties": {"osm_id": 316265272, "highway": "residential", "name": null, "surface": "ground"}}, {"type": "Feature", "geometry": {"type": "LineString", "coordinates": [[-32.4158948, -3.8475585], [-32.4161249, -3.8474068], [-32.4161334, -3.8473832], [-32.4161349, -3.8473522], [-32.4161231, -3.8473312], [-32.4160086, -3.8472712]]}, "properties": {"osm_id": 316265273, "highway": "residential", "name": null, "surface": "ground"}}, {"type": "Feature", "geometry": {"type": "LineString", "coordinates": [[-32.4142979, -3.8463061], [-32.41432, -3.8462527], [-32.4143552, -3.8462211], [-32.4144282, -3.8462521], [-32.4144695, -3.846267], [-32.4145223, -3.8462964], [-32.4145713, -3.8463209], [-32.4146109, -3.8463425], [-32.4146935, -3.8463881], [-32.414743, -3.8463826], [-32.4147874, -3.8463469], [-32.4148302, -3.8463026], [-32.4148615, -3.8462446], [-32.4148876, -3.8462073], [-32.4149404, -3.8461513], [-32.41502, -3.846207], [-32.4150891, -3.8462743], [-32.4151485, -3.8463242]]}, "properties": {"osm_id": 316265274, "highway": "residential", "name": null, "surface": null}}, {"type": "Feature", "geometry": {"type": "LineString", "coordinates": [[-32.4157171, -3.8478542], [-32.4158948, -3.8475585], [-32.4160086, -3.8472712], [-32.4158553, -3.8471913], [-32.4156007, -3.8470703], [-32.4155474, -3.8470381], [-32.415486, -3.8470145], [-32.4154608, -3.8469763], [-32.415555, -3.8467465], [-32.4154862, -3.8466199], [-32.4154487, -3.846557], [-32.4154054, -3.8465188], [-32.4153277, -3.8464636], [-32.4152343, -3.8463964], [-32.4151485, -3.8463242]]}, "properties": {"osm_id": 316265275, "highway": "residential", "name": null, "surface": "ground"}}, {"type": "Feature", "geometry": {"type": "LineString", "coordinates": [[-32.4278713, -3.8566636], [-32.4277071, -3.8568431]]}, "properties": {"osm_id": 316272589, "highway": "service", "name": null, "surface": null}}, {"type": "Feature", "geometry": {"type": "LineString", "coordinates": [[-32.4275441, -3.8551679], [-32.4269487, -3.8560871], [-32.4269092, -3.8561567]]}, "properties": {"osm_id": 316272590, "highway": "service", "name": null, "surface": null}}, {"type": "Feature", "geometry": {"type": "LineString", "coordinates": [[-32.4281671, -3.8568217], [-32.4278713, -3.8566636], [-32.4278647, -3.8564695]]}, "properties": {"osm_id": 316272591, "highway": "service", "name": null, "surface": null}}, {"type": "Feature", "geometry": {"type": "LineString", "coordinates": [[-32.415014, -3.839572], [-32.415122, -3.8396454], [-32.4152267, -3.8398666], [-32.4154022, -3.840181], [-32.4158706, -3.8406733], [-32.4162298, -3.8409631], [-32.41649, -3.841145], [-32.4168231, -3.8412996], [-32.4173384, -3.8415458], [-32.4175914, -3.84162], [-32.4180816, -3.8417639], [-32.4187468, -3.8419851], [-32.4194745, -3.8421472], [-32.4201022, -3.8422033], [-32.4207955, -3.8422375], [-32.4216792, -3.8423497], [-32.4222585, -3.8424541], [-32.4227691, -3.8424961], [-32.4234034, -3.8426143], [-32.4239535, -3.8427454], [-32.4240195, -3.8427661]]}, "properties": {"osm_id": 316549697, "highway": "path", "name": null, "surface": "sand"}}, {"type": "Feature", "geometry": {"type": "LineString", "coordinates": [[-32.411066, -3.8394094], [-32.4110814, -3.8393753], [-32.4111526, -3.8392723], [-32.4115272, -3.8394208]]}, "properties": {"osm_id": 316549699, "highway": "path", "name": null, "surface": "sand"}}, {"type": "Feature", "geometry": {"type": "LineString", "coordinates": [[-32.4122078, -3.8398252], [-32.4126688, -3.8399655], [-32.4134318, -3.8400541], [-32.4140846, -3.8398943], [-32.4143539, -3.8397246], [-32.4145043, -3.8397151]]}, "properties": {"osm_id": 316549700, "highway": "path", "name": null, "surface": "sand"}}, {"type": "Feature", "geometry": {"type": "LineString", "coordinates": [[-32.4287901, -3.85709], [-32.4287633, -3.8571816], [-32.4287586, -3.8572773], [-32.4287687, -3.8574318], [-32.4288183, -3.8579082], [-32.4288645, -3.858414], [-32.4289249, -3.8586428], [-32.4290201, -3.8588154], [-32.429181, -3.8590991], [-32.4292105, -3.8591901], [-32.4291931, -3.859261], [-32.429169, -3.8593359], [-32.4291006, -3.8594523], [-32.4287103, -3.8600531], [-32.4284984, -3.8603756], [-32.4281283, -3.8609603], [-32.4280118, -3.8611128], [-32.4279679, -3.8612329], [-32.4279575, -3.861337], [-32.4279737, -3.8614545], [-32.428093, -3.8619846], [-32.4283311, -3.862871], [-32.4284589, -3.8633469], [-32.4284703, -3.8634036], [-32.4285001, -3.8635321], [-32.4285327, -3.8636785], [-32.4285688, -3.8638499], [-32.4285755, -3.8639402], [-32.4285661, -3.8640191], [-32.428546, -3.86409], [-32.4285098, -3.8641643], [-32.4284568, -3.8642359], [-32.4281692, -3.864541], [-32.4277367, -3.8649785], [-32.42712, -3.8656252], [-32.426966, -3.86579], [-32.4265411, -3.866198], [-32.4265105, -3.8662202], [-32.4264742, -3.8662455], [-32.4264398, -3.8662654]]}, "properties": {"osm_id": 316564731, "highway": "secondary", "name": "BR-363", "surface": "asphalt"}}, {"type": "Feature", "geometry": {"type": "LineString", "coordinates": [[-32.4290235, -3.8566979], [-32.4288678, -3.8568766]]}, "properties": {"osm_id": 316564732, "highway": "secondary", "name": "BR-363", "surface": "asphalt"}}, {"type": "Feature", "geometry": {"type": "LineString", "coordinates": [[-32.4288678, -3.8568766], [-32.4287901, -3.85709]]}, "properties": {"osm_id": 316564733, "highway": "secondary", "name": "BR-363", "surface": "asphalt"}}, {"type": "Feature", "geometry": {"type": "LineString", "coordinates": [[-32.3997785, -3.8343458], [-32.3998923, -3.8345078], [-32.4000996, -3.8347587], [-32.4002416, -3.8349387]]}, "properties": {"osm_id": 316564734, "highway": "secondary", "name": "BR-363", "surface": "asphalt"}}, {"type": "Feature", "geometry": {"type": "LineString", "coordinates": [[-32.3997785, -3.8343458], [-32.39978, -3.8343541], [-32.3997814, -3.8343541], [-32.3997785, -3.8343458]]}, "properties": {"osm_id": 316564736, "highway": "dummy", "name": "Início da BR-363", "surface": null}}, {"type": "Feature", "geometry": {"type": "LineString", "coordinates": [[-32.4064467, -3.8446536], [-32.406562, -3.8446044], [-32.4066632, -3.8445716], [-32.4068156, -3.8445382]]}, "properties": {"osm_id": 316564737, "highway": "residential", "name": "Rua Major Costa", "surface": "asphalt"}}, {"type": "Feature", "geometry": {"type": "LineString", "coordinates": [[-32.4288678, -3.8568766], [-32.4288356, -3.856884], [-32.428804, -3.8568882], [-32.4287683, -3.8568884], [-32.4287233, -3.8568774], [-32.4286862, -3.8568578]]}, "properties": {"osm_id": 316564738, "highway": "unclassified", "name": null, "surface": "asphalt"}}, {"type": "Feature", "geometry": {"type": "LineString", "coordinates": [[-32.4285327, -3.8636785], [-32.4284081, -3.8637051], [-32.4284002, -3.8637033], [-32.4283948, -3.8636985], [-32.428377, -3.8636538], [-32.4283797, -3.8636063], [-32.4284, -3.8635612], [-32.4284057, -3.8635545], [-32.4284154, -3.8635498], [-32.4285001, -3.8635321]]}, "properties": {"osm_id": 317483219, "highway": "service", "name": null, "surface": null}}, {"type": "Feature", "geometry": {"type": "LineString", "coordinates": [[-32.4104818, -3.8429681], [-32.4105564, -3.8429974]]}, "properties": {"osm_id": 332691725, "highway": "tertiary_link", "name": "Rua São Miguel", "surface": "asphalt"}}, {"type": "Feature", "geometry": {"type": "LineString", "coordinates": [[-32.4106581, -3.8428199], [-32.4106323, -3.8428277], [-32.4106229, -3.8428285], [-32.4106175, -3.8428271], [-32.4105893, -3.8428154], [-32.4105117, -3.8427877]]}, "properties": {"osm_id": 332691726, "highway": "tertiary_link", "name": "Rua São Miguel", "surface": "asphalt"}}, {"type": "Feature", "geometry": {"type": "LineString", "coordinates": [[-32.4286875, -3.8469507], [-32.4284019, -3.846766], [-32.4281557, -3.8466154]]}, "properties": {"osm_id": 367845844, "highway": "service", "name": "Rua Alameda Boldró", "surface": "dirt"}}, {"type": "Feature", "geometry": {"type": "LineString", "coordinates": [[-32.428332, -3.8637374], [-32.428377, -3.8636538]]}, "properties": {"osm_id": 367870597, "highway": "path", "name": null, "surface": "unhewn_cobblestone"}}, {"type": "Feature", "geometry": {"type": "LineString", "coordinates": [[-32.428093, -3.8619846], [-32.4282529, -3.8619844], [-32.4283422, -3.8619614], [-32.4284287, -3.862087], [-32.4285977, -3.8623305]]}, "properties": {"osm_id": 367871187, "highway": "service", "name": null, "surface": null}}, {"type": "Feature", "geometry": {"type": "LineString", "coordinates": [[-32.4282369, -3.8568204], [-32.4282185, -3.8565529]]}, "properties": {"osm_id": 367872842, "highway": "service", "name": null, "surface": null}}, {"type": "Feature", "geometry": {"type": "LineString", "coordinates": [[-32.4285555, -3.8565651], [-32.4285599, -3.8566115]]}, "properties": {"osm_id": 367873678, "highway": "footway", "name": null, "surface": "asphalt"}}, {"type": "Feature", "geometry": {"type": "LineString", "coordinates": [[-32.4285314, -3.8563242], [-32.4285316, -3.8563512]]}, "properties": {"osm_id": 367873679, "highway": "footway", "name": null, "surface": "asphalt"}}, {"type": "Feature", "geometry": {"type": "LineString", "coordinates": [[-32.4142979, -3.8463061], [-32.4140266, -3.8468289], [-32.4139676, -3.8469349], [-32.4138957, -3.8470509]]}, "properties": {"osm_id": 368042843, "highway": "residential", "name": "Rua Nice Cordeiro", "surface": "paving_stones"}}, {"type": "Feature", "geometry": {"type": "LineString", "coordinates": [[-32.4175914, -3.84162], [-32.4174516, -3.8420968]]}, "properties": {"osm_id": 368044150, "highway": "path", "name": null, "surface": "sand"}}, {"type": "Feature", "geometry": {"type": "LineString", "coordinates": [[-32.4079246, -3.8561551], [-32.408461, -3.8563333], [-32.4088795, -3.8566468], [-32.409184, -3.8570216]]}, "properties": {"osm_id": 368136786, "highway": "path", "name": null, "surface": null}}, {"type": "Feature", "geometry": {"type": "LineString", "coordinates": [[-32.4297281, -3.84556], [-32.4293156, -3.8458724], [-32.4292869, -3.8459879], [-32.4292768, -3.8459871]]}, "properties": {"osm_id": 368159065, "highway": "path", "name": null, "surface": null}}, {"type": "Feature", "geometry": {"type": "LineString", "coordinates": [[-32.4350858, -3.8483635], [-32.43443, -3.848565]]}, "properties": {"osm_id": 368159067, "highway": "path", "name": null, "surface": "ground"}}, {"type": "Feature", "geometry": {"type": "LineString", "coordinates": [[-32.4061791, -3.8452064], [-32.4060621, -3.8451458], [-32.4059252, -3.8451214], [-32.4057715, -3.8450905], [-32.4056568, -3.8450675]]}, "properties": {"osm_id": 368303791, "highway": "service", "name": null, "surface": null}}, {"type": "Feature", "geometry": {"type": "LineString", "coordinates": [[-32.4087141, -3.8448533], [-32.4085817, -3.845072], [-32.4085361, -3.8451537], [-32.4084798, -3.8452607], [-32.4084221, -3.8454253]]}, "properties": {"osm_id": 368355986, "highway": "unclassified", "name": null, "surface": null}}, {"type": "Feature", "geometry": {"type": "LineString", "coordinates": [[-32.4073399, -3.8446348], [-32.4073027, -3.8447651], [-32.407218, -3.8451231], [-32.4072985, -3.8453416], [-32.4073775, -3.8455067], [-32.4073927, -3.8455989], [-32.4073229, -3.8456484], [-32.4065934, -3.8461976]]}, "properties": {"osm_id": 368355987, "highway": "residential", "name": null, "surface": "dirt"}}, {"type": "Feature", "geometry": {"type": "LineString", "coordinates": [[-32.4044548, -3.8480171], [-32.4045965, -3.8480947], [-32.4046125, -3.8481382], [-32.4046301, -3.8481836], [-32.4047439, -3.8481678]]}, "properties": {"osm_id": 368667958, "highway": "service", "name": null, "surface": null}}, {"type": "Feature", "geometry": {"type": "LineString", "coordinates": [[-32.404444, -3.848167], [-32.4044065, -3.8481667], [-32.4043989, -3.8481633], [-32.4044075, -3.8481209], [-32.4043994, -3.8480238], [-32.4044273, -3.8479292], [-32.4044901, -3.8478544]]}, "properties": {"osm_id": 368667959, "highway": "path", "name": null, "surface": null}}, {"type": "Feature", "geometry": {"type": "LineString", "coordinates": [[-32.4105605, -3.8435306], [-32.4105079, -3.8435304]]}, "properties": {"osm_id": 368668151, "highway": "tertiary_link", "name": "Rua São Miguel", "surface": "asphalt"}}, {"type": "Feature", "geometry": {"type": "LineString", "coordinates": [[-32.4104924, -3.8416731], [-32.4105073, -3.8417547], [-32.4105173, -3.8418981]]}, "properties": {"osm_id": 368680066, "highway": "track", "name": null, "surface": "ground"}}, {"type": "Feature", "geometry": {"type": "LineString", "coordinates": [[-32.4109675, -3.8446131], [-32.4108307, -3.8446813], [-32.4107707, -3.8447091], [-32.4107241, -3.8447295], [-32.4106188, -3.8447589], [-32.410299, -3.8448372], [-32.4101816, -3.8448727], [-32.4100596, -3.8449148], [-32.4097563, -3.8450315], [-32.409729, -3.8450453]]}, "properties": {"osm_id": 368797232, "highway": "residential", "name": "Rua dos Ipês", "surface": "asphalt"}}, {"type": "Feature", "geometry": {"type": "LineString", "coordinates": [[-32.411213, -3.8453577], [-32.4111348, -3.8452717], [-32.4110792, -3.845174], [-32.4110212, -3.8451108], [-32.4109894, -3.845024], [-32.4109964, -3.8449272], [-32.4109546, -3.8448555], [-32.4109256, -3.8448037], [-32.4108639, -3.8447729], [-32.4107928, -3.8447903], [-32.4107244, -3.8448264], [-32.4106198, -3.8448572], [-32.4105248, -3.8448685], [-32.4104374, -3.8448947], [-32.4103637, -3.8449268], [-32.4103489, -3.8449656], [-32.410357, -3.8450098], [-32.4104388, -3.8450446], [-32.4105058, -3.8450151], [-32.4105259, -3.8449991], [-32.4105917, -3.8449429], [-32.4106735, -3.8449188], [-32.41077, -3.8449241], [-32.4108277, -3.8449723], [-32.4108465, -3.8450338], [-32.4108398, -3.8450847], [-32.4108431, -3.8451501], [-32.4108669, -3.8452327], [-32.4108918, -3.845304], [-32.4108798, -3.8453676], [-32.4109199, -3.8454269], [-32.4109816, -3.8455069], [-32.4113138, -3.8456597], [-32.4116116, -3.8457775], [-32.4117242, -3.845815], [-32.4117323, -3.845732], [-32.4116411, -3.8456009], [-32.4115177, -3.845443], [-32.4114392, -3.8453975], [-32.4113822, -3.8453888], [-32.4113346, -3.8454122], [-32.4112495, -3.8453781], [-32.411213, -3.8453577]]}, "properties": {"osm_id": 368797233, "highway": "footway", "name": null, "surface": "paving_stones"}}, {"type": "Feature", "geometry": {"type": "LineString", "coordinates": [[-32.4133323, -3.844289], [-32.4133815, -3.8443066], [-32.413411, -3.844323], [-32.4134291, -3.8443458], [-32.4134381, -3.8443635], [-32.4134365, -3.8443853], [-32.4134311, -3.8444073], [-32.4134187, -3.8444344], [-32.4134046, -3.8444528], [-32.4133808, -3.8444752], [-32.4133506, -3.844493], [-32.413305, -3.844511], [-32.4132192, -3.8445348]]}, "properties": {"osm_id": 368809395, "highway": "service", "name": null, "surface": null}}, {"type": "Feature", "geometry": {"type": "LineString", "coordinates": [[-32.4117988, -3.845693], [-32.4118703, -3.845695], [-32.4119358, -3.8457023], [-32.4119814, -3.845717], [-32.4120243, -3.8457377], [-32.4121053, -3.8458021]]}, "properties": {"osm_id": 369172817, "highway": "service", "name": null, "surface": null}}, {"type": "Feature", "geometry": {"type": "LineString", "coordinates": [[-32.4096234, -3.8451102], [-32.4096448, -3.8451312], [-32.4096673, -3.8451493], [-32.4097002, -3.845169], [-32.4097545, -3.8451921], [-32.4098041, -3.8452119], [-32.4098564, -3.8452323], [-32.4099155, -3.8452499]]}, "properties": {"osm_id": 369174499, "highway": "service", "name": null, "surface": "cobblestone"}}, {"type": "Feature", "geometry": {"type": "LineString", "coordinates": [[-32.4577939, -3.8789511], [-32.4577493, -3.8785396], [-32.4577466, -3.8783496], [-32.4577707, -3.8781622], [-32.4577653, -3.8780124], [-32.4576956, -3.8778625], [-32.4575615, -3.8777234], [-32.4572906, -3.8776244], [-32.4570572, -3.8775575], [-32.4567756, -3.8774906], [-32.4566576, -3.8774477], [-32.4565449, -3.8773621], [-32.4563921, -3.8772363], [-32.4562606, -3.8771186], [-32.4560058, -3.8770356], [-32.4557751, -3.8769473], [-32.4556276, -3.8768858], [-32.4553755, -3.8767627], [-32.4552816, -3.8767466], [-32.4551609, -3.8767546], [-32.4550268, -3.8768028], [-32.4548069, -3.8768269], [-32.4546593, -3.8768135], [-32.4544153, -3.8767225], [-32.4540103, -3.876487], [-32.4538949, -3.8763773], [-32.4537742, -3.8762194], [-32.4535972, -3.876], [-32.4534041, -3.8757912], [-32.4532163, -3.8756039], [-32.4530661, -3.8754327], [-32.4529669, -3.8753658], [-32.4527442, -3.8752641], [-32.4524412, -3.8751891], [-32.452112, -3.875113], [-32.451901, -3.875058], [-32.4517062, -3.8750179], [-32.451434, -3.874964], [-32.451275, -3.874949], [-32.451092, -3.8749483], [-32.4508694, -3.8749135], [-32.450544, -3.8748], [-32.45047, -3.874779], [-32.4503785, -3.8747717], [-32.45029, -3.8747583], [-32.4501345, -3.8747101], [-32.4499092, -3.8746379], [-32.4495497, -3.8745442], [-32.4493513, -3.8745121], [-32.4491796, -3.874496], [-32.4490321, -3.8745041], [-32.4488872, -3.8745308], [-32.4485976, -3.8745094], [-32.448152, -3.874539], [-32.447927, -3.874502], [-32.447786, -3.874436], [-32.447632, -3.874309], [-32.447525, -3.874264], [-32.447326, -3.87415], [-32.44719, -3.874096], [-32.44678, -3.873973], [-32.446657, -3.873922], [-32.446476, -3.873809], [-32.446338, -3.873749], [-32.446235, -3.873727], [-32.446027, -3.873648], [-32.445838, -3.873613], [-32.445649, -3.873543], [-32.445253, -3.873326], [-32.445155, -3.873232], [-32.444955, -3.872782], [-32.4448639, -3.8725719], [-32.4447915, -3.8724167], [-32.4447593, -3.8723418], [-32.444722, -3.872242], [-32.444705, -3.872189], [-32.444614, -3.872102], [-32.444505, -3.872034], [-32.444301, -3.871838], [-32.4440029, -3.8715818], [-32.4438179, -3.8714613], [-32.443496, -3.8712366], [-32.4431366, -3.8710359], [-32.442898, -3.870874], [-32.4427739, -3.870776], [-32.442565, -3.870611], [-32.442439, -3.870547], [-32.442297, -3.870537], [-32.442037, -3.870416], [-32.441646, -3.870324], [-32.441247, -3.870298], [-32.441035, -3.870312], [-32.440922, -3.870303], [-32.440708, -3.870249], [-32.440507, -3.87018], [-32.440227, -3.870114], [-32.440112, -3.870103], [-32.439854, -3.870084]]}, "properties": {"osm_id": 369175730, "highway": "path", "name": "Trilha Praia do Leão", "surface": null}}, {"type": "Feature", "geometry": {"type": "LineString", "coordinates": [[-32.398586, -3.8550498], [-32.3976597, -3.8561038]]}, "properties": {"osm_id": 369175733, "highway": "path", "name": "Trilha Pontinha Pedra Alta", "surface": "ground"}}, {"type": "Feature", "geometry": {"type": "LineString", "coordinates": [[-32.4252888, -3.8755567], [-32.4252234, -3.8753282], [-32.4253051, -3.8749098]]}, "properties": {"osm_id": 369176447, "highway": "path", "name": null, "surface": "ground"}}, {"type": "Feature", "geometry": {"type": "LineString", "coordinates": [[-32.444472, -3.8566607], [-32.4445134, -3.8565452]]}, "properties": {"osm_id": 369177583, "highway": "path", "name": null, "surface": null}}, {"type": "Feature", "geometry": {"type": "LineString", "coordinates": [[-32.4464778, -3.8556123], [-32.4465167, -3.8555493]]}, "properties": {"osm_id": 369177584, "highway": "path", "name": null, "surface": "wood"}}, {"type": "Feature", "geometry": {"type": "LineString", "coordinates": [[-32.445685, -3.856319], [-32.445661, -3.8562902], [-32.4456216, -3.8562835]]}, "properties": {"osm_id": 369177585, "highway": "path", "name": null, "surface": null}}, {"type": "Feature", "geometry": {"type": "LineString", "coordinates": [[-32.4313214, -3.8489618], [-32.4313096, -3.8490778], [-32.4310549, -3.8491466], [-32.4308631, -3.8491765], [-32.4305065, -3.8492094], [-32.4301889, -3.8492452], [-32.4299551, -3.8492931], [-32.4295217, -3.8493492], [-32.4293798, -3.8493828], [-32.4289812, -3.8494187], [-32.4287625, -3.8494456], [-32.4285857, -3.8495592], [-32.4284238, -3.8496818], [-32.4282577, -3.8497688]]}, "properties": {"osm_id": 369180290, "highway": "footway", "name": null, "surface": "grass_paver"}}, {"type": "Feature", "geometry": {"type": "LineString", "coordinates": [[-32.4129832, -3.8451269], [-32.4127471, -3.8445943], [-32.4126264, -3.8443254], [-32.4124843, -3.843936], [-32.4123663, -3.8436724], [-32.4122965, -3.8435533], [-32.4122, -3.8433994], [-32.4119438, -3.8429726], [-32.411567, -3.842329]]}, "properties": {"osm_id": 369251349, "highway": "residential", "name": "Rua da Consolação", "surface": "cobblestone"}}, {"type": "Feature", "geometry": {"type": "LineString", "coordinates": [[-32.4281041, -3.8498303], [-32.4281692, -3.849853], [-32.4282349, -3.8498992], [-32.4282973, -3.8499607], [-32.4283911, -3.8501233], [-32.4285615, -3.8504391], [-32.4286553, -3.8505782], [-32.4288028, -3.8507642], [-32.4289665, -3.8509355], [-32.4295928, -3.8515845], [-32.4304417, -3.8524669], [-32.4305201, -3.8525258], [-32.4306174, -3.8525967], [-32.4307421, -3.8526723], [-32.4309178, -3.8527539], [-32.4315561, -3.8529961], [-32.4317171, -3.8530349], [-32.4318592, -3.8530443], [-32.4321965, -3.8530316], [-32.4334297, -3.852948], [-32.4335879, -3.8529734], [-32.433714, -3.8530229], [-32.4337851, -3.8530684], [-32.4338602, -3.853146], [-32.4339326, -3.8532477], [-32.4339795, -3.8533481], [-32.4340037, -3.853439], [-32.4340278, -3.8535996], [-32.4340412, -3.8537629], [-32.4340157, -3.8538846], [-32.4339594, -3.8540331], [-32.4338977, -3.8541415], [-32.4338079, -3.8542178], [-32.4336939, -3.8543034], [-32.4336134, -3.8543623], [-32.4333063, -3.8544025], [-32.4324292, -3.8544587], [-32.4323165, -3.8544774], [-32.4321583, -3.8545296], [-32.4319947, -3.8546085], [-32.4311592, -3.8550755], [-32.4306388, -3.8554274], [-32.4303974, -3.8556121], [-32.4297068, -3.856162], [-32.429283, -3.8564725], [-32.4291408, -3.8566035], [-32.4290235, -3.8566979]]}, "properties": {"osm_id": 369270643, "highway": "secondary", "name": "Rodovia Miguel Arraes de Alencar", "surface": "asphalt"}}, {"type": "Feature", "geometry": {"type": "LineString", "coordinates": [[-32.4220544, -3.8503735], [-32.4222858, -3.8501447], [-32.4223481, -3.8500872], [-32.4224125, -3.850041], [-32.4224688, -3.8500176], [-32.4225546, -3.8500042], [-32.4228591, -3.8499908], [-32.4231112, -3.8499794], [-32.4243036, -3.8499147], [-32.4243557, -3.8499119], [-32.4252489, -3.849865], [-32.4254514, -3.8498557], [-32.4256553, -3.8498463], [-32.4260697, -3.849843], [-32.4267697, -3.8498349]]}, "properties": {"osm_id": 369270650, "highway": "secondary", "name": "Rodovia Miguel Arraes de Alencar", "surface": "asphalt"}}, {"type": "Feature", "geometry": {"type": "LineString", "coordinates": [[-32.4284703, -3.8634036], [-32.4282637, -3.8632698], [-32.4281371, -3.8630375], [-32.4281265, -3.8629869], [-32.4281336, -3.8629398], [-32.4281513, -3.8629163], [-32.4283311, -3.862871]]}, "properties": {"osm_id": 369285255, "highway": "service", "name": null, "surface": null}}, {"type": "Feature", "geometry": {"type": "LineString", "coordinates": [[-32.4137872, -3.8473767], [-32.4137692, -3.8473761], [-32.4133667, -3.8473632], [-32.4133471, -3.8473626]]}, "properties": {"osm_id": 371412286, "highway": "service", "name": null, "surface": null}}, {"type": "Feature", "geometry": {"type": "LineString", "coordinates": [[-32.4112583, -3.8489331], [-32.4115951, -3.8486527], [-32.4116944, -3.8485818], [-32.4117715, -3.8485303], [-32.4118254, -3.8485032], [-32.4119136, -3.8484892], [-32.4119976, -3.8484809]]}, "properties": {"osm_id": 371571903, "highway": "residential", "name": "Alameda da Bela Vista", "surface": "paving_stones"}}, {"type": "Feature", "geometry": {"type": "LineString", "coordinates": [[-32.4120453, -3.8485235], [-32.4119976, -3.8484809], [-32.411803, -3.8482446], [-32.4116971, -3.8480974], [-32.4116085, -3.847961], [-32.4115482, -3.8478619], [-32.411512, -3.8478004], [-32.4114315, -3.8476933], [-32.4113842, -3.8476037], [-32.4113879, -3.8475763], [-32.4113953, -3.8475592], [-32.4114057, -3.8475428], [-32.411427, -3.8475255]]}, "properties": {"osm_id": 371571904, "highway": "residential", "name": "Alameda da Bela Vista", "surface": null}}, {"type": "Feature", "geometry": {"type": "LineString", "coordinates": [[-32.4107901, -3.8477044], [-32.4106828, -3.8477459], [-32.4106352, -3.8477582], [-32.4106053, -3.8477629], [-32.4104686, -3.8477666], [-32.4104411, -3.847772], [-32.410422, -3.8477843], [-32.4104058, -3.8477974], [-32.4103952, -3.8478185], [-32.4103863, -3.8478535], [-32.4103848, -3.848258], [-32.4103794, -3.8482968], [-32.4103667, -3.8483436], [-32.4103239, -3.8483981]]}, "properties": {"osm_id": 371579735, "highway": "residential", "name": "Alameda das Flores", "surface": null}}, {"type": "Feature", "geometry": {"type": "LineString", "coordinates": [[-32.4110606, -3.8480749], [-32.411182, -3.8480671], [-32.41126, -3.8480219]]}, "properties": {"osm_id": 371579737, "highway": "path", "name": null, "surface": null}}, {"type": "Feature", "geometry": {"type": "LineString", "coordinates": [[-32.4107908, -3.847056], [-32.4106562, -3.847056], [-32.4103854, -3.8470744]]}, "properties": {"osm_id": 371579738, "highway": "track", "name": null, "surface": null}}, {"type": "Feature", "geometry": {"type": "LineString", "coordinates": [[-32.4099155, -3.8452499], [-32.409955, -3.8452701], [-32.4099999, -3.8452962], [-32.4100757, -3.845337], [-32.41013, -3.8453644], [-32.4101883, -3.8453962], [-32.4102339, -3.8454276], [-32.4102604, -3.8454507], [-32.4102899, -3.8454848], [-32.4103097, -3.845523], [-32.4103208, -3.8455578], [-32.4103241, -3.8455946], [-32.4103228, -3.8456588], [-32.4103151, -3.8457254], [-32.4102949, -3.8458341]]}, "properties": {"osm_id": 372165922, "highway": "track", "name": null, "surface": "dirt"}}, {"type": "Feature", "geometry": {"type": "LineString", "coordinates": [[-32.4120165, -3.8460409], [-32.41213, -3.8460936], [-32.4122393, -3.8461459], [-32.4123413, -3.846194], [-32.4129177, -3.8465185], [-32.4129484, -3.8465358], [-32.4130162, -3.846571], [-32.4134116, -3.8467843], [-32.4138957, -3.8470509], [-32.4141549, -3.8471974], [-32.414198, -3.8472215], [-32.4143723, -3.847319], [-32.414545, -3.8474156], [-32.414728, -3.8475234], [-32.4149264, -3.8476438], [-32.4162908, -3.8484316], [-32.4163738, -3.8484795], [-32.4175686, -3.8491686], [-32.4189488, -3.8499915], [-32.4189985, -3.8500124], [-32.4193011, -3.8501755], [-32.4197443, -3.8504177], [-32.4212162, -3.8510787], [-32.4213217, -3.8510601], [-32.4214201, -3.8510349], [-32.4215149, -3.8509779], [-32.4215609, -3.8509302], [-32.4220544, -3.8503735]]}, "properties": {"osm_id": 372466552, "highway": "secondary", "name": "Rodovia Miguel Arraes de Alencar", "surface": "asphalt"}}, {"type": "Feature", "geometry": {"type": "LineString", "coordinates": [[-32.4067037, -3.8438427], [-32.406626, -3.844206]]}, "properties": {"osm_id": 372466557, "highway": "secondary", "name": "Rua Major Costa", "surface": "asphalt"}}, {"type": "Feature", "geometry": {"type": "LineString", "coordinates": [[-32.4260448, -3.8666026], [-32.4261299, -3.8668214]]}, "properties": {"osm_id": 373993674, "highway": "path", "name": null, "surface": "wood"}}, {"type": "Feature", "geometry": {"type": "LineString", "coordinates": [[-32.3956819, -3.8520181], [-32.3957138, -3.8521574]]}, "properties": {"osm_id": 472395502, "highway": "path", "name": null, "surface": "ground"}}, {"type": "Feature", "geometry": {"type": "LineString", "coordinates": [[-32.393908, -3.850642], [-32.39401, -3.850774], [-32.394019, -3.850836], [-32.393949, -3.850894], [-32.39388, -3.85092]]}, "properties": {"osm_id": 472395503, "highway": "steps", "name": "Trilha Pontinha Pedra Alta", "surface": "ground"}}, {"type": "Feature", "geometry": {"type": "LineString", "coordinates": [[-32.39388, -3.85092], [-32.393964, -3.851266], [-32.3940132, -3.8513634], [-32.394109, -3.851553], [-32.394183, -3.851673], [-32.3942129, -3.8516991], [-32.394254, -3.851735], [-32.394439, -3.851843], [-32.394826, -3.851969], [-32.395293, -3.852033], [-32.395398, -3.852018], [-32.395607, -3.852029], [-32.3956819, -3.8520181], [-32.395859, -3.85192], [-32.39617, -3.851888], [-32.396276, -3.851886], [-32.396453, -3.851906], [-32.396786, -3.851994], [-32.396858, -3.852064], [-32.396992, -3.852407], [-32.397029, -3.852525], [-32.397092, -3.852889], [-32.397092, -3.852955], [-32.397048, -3.853081], [-32.397031, -3.853204], [-32.397016, -3.853503], [-32.396975, -3.853721], [-32.396912, -3.853949], [-32.39691, -3.854081], [-32.396932, -3.854147], [-32.396986, -3.854214], [-32.39706, -3.854264], [-32.397586, -3.854554], [-32.397775, -3.854741], [-32.397933, -3.85487], [-32.398038, -3.854911], [-32.398213, -3.854929], [-32.398397, -3.855021], [-32.398499, -3.855051], [-32.398586, -3.8550498], [-32.398796, -3.855047], [-32.398832, -3.855033], [-32.398954, -3.854954], [-32.399041, -3.854922], [-32.399082, -3.854886], [-32.399139, -3.85479], [-32.399198, -3.854725], [-32.399293, -3.854643], [-32.39966, -3.854386], [-32.399784, -3.854315], [-32.400213, -3.854145], [-32.400261, -3.854098], [-32.400346, -3.853945], [-32.400411, -3.853873], [-32.400677, -3.853681], [-32.400778, -3.853568], [-32.400983, -3.853251], [-32.401043, -3.853188], [-32.401359, -3.852922], [-32.401639, -3.852728], [-32.401722, -3.852648], [-32.401946, -3.852368], [-32.40227, -3.852072], [-32.402439, -3.851889], [-32.402768, -3.851641]]}, "properties": {"osm_id": 472395504, "highway": "path", "name": "Trilha Pontinha Pedra Alta", "surface": "ground"}}, {"type": "Feature", "geometry": {"type": "LineString", "coordinates": [[-32.4287192, -3.8565358], [-32.4287306, -3.8565813]]}, "properties": {"osm_id": 479805575, "highway": "platform", "name": null, "surface": null}}, {"type": "Feature", "geometry": {"type": "LineString", "coordinates": [[-32.428368, -3.8632296], [-32.4283458, -3.8631447]]}, "properties": {"osm_id": 479805580, "highway": "platform", "name": null, "surface": null}}, {"type": "Feature", "geometry": {"type": "LineString", "coordinates": [[-32.4264941, -3.8661877], [-32.4265424, -3.8661409]]}, "properties": {"osm_id": 479805581, "highway": "platform", "name": null, "surface": null}}, {"type": "Feature", "geometry": {"type": "LineString", "coordinates": [[-32.426532, -3.8662857], [-32.426471, -3.8663399]]}, "properties": {"osm_id": 479805582, "highway": "platform", "name": null, "surface": null}}, {"type": "Feature", "geometry": {"type": "LineString", "coordinates": [[-32.4103152, -3.8563195], [-32.4099881, -3.8562526], [-32.4097163, -3.8563681], [-32.4095729, -3.8564176], [-32.4093568, -3.8563279], [-32.4093354, -3.8560175], [-32.4089399, -3.8558076], [-32.4088311, -3.8557499], [-32.4079474, -3.856063]]}, "properties": {"osm_id": 523699962, "highway": "path", "name": null, "surface": null}}, {"type": "Feature", "geometry": {"type": "LineString", "coordinates": [[-32.4288028, -3.8507642], [-32.4287312, -3.8508239], [-32.4285826, -3.8509311], [-32.4284069, -3.8511145], [-32.4283666, -3.8512041], [-32.4283478, -3.8512817], [-32.4283211, -3.8513914]]}, "properties": {"osm_id": 525212380, "highway": "track", "name": null, "surface": "dirt"}}, {"type": "Feature", "geometry": {"type": "LineString", "coordinates": [[-32.4126709, -3.8475572], [-32.4120465, -3.8475519], [-32.4116655, -3.8475595], [-32.4115743, -3.8475555], [-32.4115241, -3.8475475], [-32.411427, -3.8475255]]}, "properties": {"osm_id": 525220993, "highway": "residential", "name": "Alameda da Harmonia", "surface": "paving_stones"}}, {"type": "Feature", "geometry": {"type": "LineString", "coordinates": [[-32.4227119, -3.859155], [-32.422591, -3.8590395], [-32.4225427, -3.8589726], [-32.4224703, -3.8588602], [-32.4223992, -3.8587385], [-32.4223107, -3.858602], [-32.4222235, -3.8584856], [-32.4221203, -3.8583772], [-32.4220061, -3.8582467], [-32.4218184, -3.8580059], [-32.4216816, -3.8578226], [-32.421577, -3.8576727], [-32.4215086, -3.8575777], [-32.4213638, -3.8573877], [-32.4212685, -3.8572485], [-32.4211614, -3.8571015], [-32.4210407, -3.8569355], [-32.4209455, -3.8568071], [-32.4207765, -3.8565943], [-32.4204909, -3.8561742], [-32.4202545, -3.855859], [-32.4201619, -3.8557567], [-32.420115, -3.8557078], [-32.4200808, -3.8556858], [-32.4200365, -3.8556677], [-32.4200003, -3.8556637], [-32.4198682, -3.8556757], [-32.4196847, -3.8556977], [-32.4194594, -3.8557151], [-32.4191684, -3.8557392], [-32.4185702, -3.8557619], [-32.4181813, -3.8557726], [-32.4176851, -3.8558128], [-32.4175543, -3.8558175], [-32.417437, -3.8558315], [-32.4173203, -3.855877], [-32.4172184, -3.8559379], [-32.4171191, -3.8560088], [-32.4170514, -3.856065], [-32.4169448, -3.8562189], [-32.4168697, -3.8563681], [-32.4167564, -3.8566551], [-32.4166913, -3.8568377], [-32.4166732, -3.8568819], [-32.4166591, -3.8569194], [-32.4166484, -3.8569495], [-32.4166196, -3.8569756], [-32.4165894, -3.8569876], [-32.4165519, -3.8569782], [-32.4164982, -3.8569649], [-32.4163909, -3.8569073], [-32.416285, -3.8568605], [-32.4162032, -3.8567963], [-32.4161267, -3.8567401], [-32.4160194, -3.8566919], [-32.4159001, -3.8566357], [-32.4156922, -3.856546], [-32.4156245, -3.8565019], [-32.4154823, -3.8564497], [-32.4153576, -3.8564109], [-32.4152698, -3.8563915], [-32.4151249, -3.8563708], [-32.4149627, -3.85635], [-32.4148654, -3.856344], [-32.4147474, -3.856338], [-32.4146394, -3.856338], [-32.4145073, -3.8563413], [-32.414215, -3.8563627], [-32.4138348, -3.8563989], [-32.413635, -3.8564122], [-32.4135076, -3.8564122], [-32.413352, -3.8564109], [-32.4131005, -3.8564009], [-32.4129899, -3.8564062], [-32.4129128, -3.8564129], [-32.4128189, -3.8564229], [-32.4127512, -3.8564316], [-32.4126573, -3.8564377], [-32.4125259, -3.8564417], [-32.4123656, -3.8564443], [-32.4121638, -3.8564497], [-32.4120618, -3.856445], [-32.4118446, -3.8564296], [-32.4117333, -3.8564336], [-32.4116729, -3.856437], [-32.4116106, -3.8564457], [-32.4115717, -3.8564544], [-32.41152, -3.8564658], [-32.4114597, -3.8564711], [-32.4113879, -3.8564704], [-32.4110225, -3.8564765], [-32.4108079, -3.8564785], [-32.4107496, -3.8564678], [-32.4106785, -3.8564443], [-32.4106094, -3.8564109], [-32.4105303, -3.8563728], [-32.4104331, -3.85634], [-32.4103152, -3.8563195]]}, "properties": {"osm_id": 529558722, "highway": "unclassified", "name": null, "surface": null}}, {"type": "Feature", "geometry": {"type": "LineString", "coordinates": [[-32.418168, -3.8633434], [-32.41808, -3.863318], [-32.418046, -3.863288], [-32.418048, -3.86321], [-32.418089, -3.863107], [-32.418101, -3.863038], [-32.418102, -3.862904], [-32.417936, -3.862213], [-32.417906, -3.862149], [-32.417823, -3.86206], [-32.417728, -3.861997], [-32.417616, -3.861941], [-32.417496, -3.861909], [-32.41742, -3.861916], [-32.417063, -3.862098], [-32.416803, -3.862313], [-32.416659, -3.862361], [-32.416536, -3.862379], [-32.416328, -3.862454], [-32.4162, -3.862516], [-32.415933, -3.862675], [-32.415813, -3.862769], [-32.4152845, -3.8627132], [-32.4149573, -3.8626061], [-32.4139702, -3.8626489], [-32.4138039, -3.8628844], [-32.4137878, -3.8632377]]}, "properties": {"osm_id": 533476181, "highway": "path", "name": "Trilha do Abreus", "surface": null}}, {"type": "Feature", "geometry": {"type": "LineString", "coordinates": [[-32.4228939, -3.8613109], [-32.4227309, -3.861365], [-32.4224376, -3.8614501], [-32.4222073, -3.8615798], [-32.4221523, -3.8616227], [-32.4219523, -3.8618279], [-32.4218318, -3.861897], [-32.4217808, -3.8619077], [-32.4217245, -3.861905], [-32.421606, -3.861892]]}, "properties": {"osm_id": 533476182, "highway": "track", "name": "Trilha do Abreus", "surface": null}}, {"type": "Feature", "geometry": {"type": "LineString", "coordinates": [[-32.4182793, -3.8470816], [-32.418182, -3.847089], [-32.417961, -3.847018], [-32.417742, -3.846894], [-32.417381, -3.846663], [-32.417116, -3.846523], [-32.416969, -3.846463], [-32.416692, -3.846165], [-32.415497, -3.844247], [-32.415329, -3.843845], [-32.415296, -3.843726], [-32.4152743, -3.843548], [-32.415256, -3.843398], [-32.415223, -3.843253], [-32.415124, -3.843017], [-32.414958, -3.842542], [-32.414893, -3.842408], [-32.414664, -3.842059], [-32.414372, -3.841785], [-32.414174, -3.841689], [-32.413941, -3.841626], [-32.413684, -3.841622], [-32.413482, -3.841574], [-32.413305, -3.84159], [-32.413137, -3.841583], [-32.412646, -3.841488], [-32.412543, -3.841486], [-32.412078, -3.841577], [-32.4119412, -3.8416347]]}, "properties": {"osm_id": 542160343, "highway": "path", "name": null, "surface": null}}, {"type": "Feature", "geometry": {"type": "LineString", "coordinates": [[-32.4387465, -3.8508465], [-32.438674, -3.85083], [-32.438608, -3.850829], [-32.4384697, -3.8508416], [-32.438341, -3.850846]]}, "properties": {"osm_id": 542161990, "highway": "track", "name": "Estrada da Cacimba do Padre", "surface": null}}, {"type": "Feature", "geometry": {"type": "LineString", "coordinates": [[-32.4387465, -3.8508465], [-32.438837, -3.850723], [-32.43893, -3.850569], [-32.43898, -3.850519], [-32.4392516, -3.8502057]]}, "properties": {"osm_id": 542161991, "highway": "path", "name": null, "surface": null}}, {"type": "Feature", "geometry": {"type": "LineString", "coordinates": [[-32.4116703, -3.839901], [-32.4120072, -3.8401456], [-32.412362, -3.840426], [-32.412468, -3.840484], [-32.412663, -3.840558], [-32.412985, -3.840634], [-32.413024, -3.840661], [-32.413058, -3.840715], [-32.4130717, -3.8407808]]}, "properties": {"osm_id": 542161994, "highway": "path", "name": null, "surface": null}}, {"type": "Feature", "geometry": {"type": "LineString", "coordinates": [[-32.4074424, -3.840831], [-32.407274, -3.840508], [-32.40726, -3.84039], [-32.4071586, -3.8401202], [-32.4073662, -3.8397553], [-32.407389, -3.839676], [-32.407368, -3.839604], [-32.407322, -3.839559], [-32.406824, -3.839363], [-32.406561, -3.83923], [-32.406351, -3.839057], [-32.406288, -3.839032], [-32.406004, -3.839049], [-32.405857, -3.839079], [-32.405654, -3.839056], [-32.405599, -3.839033], [-32.405293, -3.8388], [-32.405252, -3.838745], [-32.405197, -3.838529], [-32.40506, -3.838327], [-32.405013, -3.83828], [-32.404948, -3.838257], [-32.404799, -3.838239], [-32.40474, -3.838251], [-32.404709, -3.838276], [-32.404637, -3.838403], [-32.40457, -3.838602], [-32.404502, -3.838706]]}, "properties": {"osm_id": 542161995, "highway": "path", "name": null, "surface": "dirt"}}, {"type": "Feature", "geometry": {"type": "LineString", "coordinates": [[-32.3995543, -3.8343003], [-32.3995131, -3.8342448], [-32.399495, -3.8342121], [-32.3994823, -3.8340522], [-32.3994863, -3.8339859], [-32.3994964, -3.8339391], [-32.3995098, -3.8338963], [-32.3995855, -3.8337076], [-32.3996191, -3.8336273], [-32.3996466, -3.833549], [-32.3996653, -3.8334801], [-32.3996757, -3.8334316], [-32.3996747, -3.8333627], [-32.399671, -3.8333182], [-32.3996653, -3.8332546], [-32.3996539, -3.8331931], [-32.3996338, -3.8331309], [-32.3995252, -3.8329021], [-32.3993702, -3.8325505], [-32.3993368, -3.8324866], [-32.3993059, -3.8324438], [-32.3992583, -3.8324023], [-32.3991939, -3.8323534], [-32.3991316, -3.8323133], [-32.3990699, -3.8322531], [-32.3990075, -3.8321735], [-32.3989747, -3.8321126], [-32.3989646, -3.8320524], [-32.3989673, -3.8319761], [-32.3989733, -3.8319326], [-32.3990062, -3.8318008], [-32.3990826, -3.8314957], [-32.3990994, -3.8314368], [-32.3991054, -3.831382], [-32.3991087, -3.8313006], [-32.3991021, -3.831216], [-32.399088, -3.831115], [-32.3990597, -3.83098], [-32.3990798, -3.8307886], [-32.3990769, -3.8306928]]}, "properties": {"osm_id": 542161996, "highway": "unclassified", "name": "Rua Joaquim Ferreira", "surface": "ground"}}, {"type": "Feature", "geometry": {"type": "LineString", "coordinates": [[-32.398802, -3.833271], [-32.398734, -3.833209], [-32.398569, -3.833008], [-32.398512, -3.832967], [-32.397913, -3.832643], [-32.397805, -3.832597], [-32.3976534, -3.8327208], [-32.3974075, -3.8329356]]}, "properties": {"osm_id": 542161997, "highway": "path", "name": null, "surface": null}}, {"type": "Feature", "geometry": {"type": "LineString", "coordinates": [[-32.398802, -3.833271], [-32.3987589, -3.8335152], [-32.3987482, -3.8335758], [-32.3983781, -3.8339291], [-32.3985821, -3.8345154], [-32.3985732, -3.8345776], [-32.3985187, -3.8347444], [-32.3985062, -3.8348497], [-32.3985285, -3.8349647]]}, "properties": {"osm_id": 542161998, "highway": "path", "name": null, "surface": null}}, {"type": "Feature", "geometry": {"type": "LineString", "coordinates": [[-32.4107573, -3.8417452], [-32.4107747, -3.8416772], [-32.4108167, -3.8414694], [-32.410824, -3.8407491]]}, "properties": {"osm_id": 542162130, "highway": "tertiary", "name": "Rua São Miguel", "surface": "unhewn_cobblestone"}}, {"type": "Feature", "geometry": {"type": "LineString", "coordinates": [[-32.410824, -3.8407491], [-32.4108817, -3.8407018], [-32.4109427, -3.8406657], [-32.4109977, -3.8406523], [-32.411052, -3.840647], [-32.411215, -3.8406374]]}, "properties": {"osm_id": 542162131, "highway": "residential", "name": "Pátio do Palácio", "surface": "unhewn_cobblestone"}}, {"type": "Feature", "geometry": {"type": "LineString", "coordinates": [[-32.4116492, -3.8411612], [-32.4116715, -3.8408745], [-32.4116756, -3.8406844]]}, "properties": {"osm_id": 542162673, "highway": "residential", "name": "Rua General Dutra", "surface": "cobblestone"}}, {"type": "Feature", "geometry": {"type": "LineString", "coordinates": [[-32.4109729, -3.8477112], [-32.411117, -3.8476626], [-32.4113842, -3.8476037]]}, "properties": {"osm_id": 545930425, "highway": "path", "name": null, "surface": null}}, {"type": "Feature", "geometry": {"type": "LineString", "coordinates": [[-32.4119772, -3.8458261], [-32.4120008, -3.8458843], [-32.4120248, -3.8459284], [-32.4121745, -3.8459848], [-32.4125, -3.846168], [-32.412687, -3.8462932], [-32.4129647, -3.8464445], [-32.4134548, -3.8467115], [-32.4138866, -3.8469467], [-32.4139676, -3.8469349], [-32.4141989, -3.8470621], [-32.4141462, -3.8471609], [-32.4142127, -3.8471979], [-32.4143869, -3.8472949], [-32.4145586, -3.8473906], [-32.4147548, -3.8475066], [-32.414819, -3.847543], [-32.4151106, -3.8477248], [-32.4153989, -3.8478951], [-32.415997, -3.8482242], [-32.4176192, -3.8491267], [-32.4176847, -3.8491631], [-32.417845, -3.8492523], [-32.4178555, -3.8492582], [-32.4186606, -3.8497102], [-32.4189847, -3.8498957], [-32.4192844, -3.850082], [-32.4197514, -3.850379], [-32.4199284, -3.8504576], [-32.4201232, -3.8505442], [-32.4205056, -3.850714], [-32.4206259, -3.8507674], [-32.4211021, -3.8510021], [-32.4212599, -3.8510193], [-32.4215147, -3.8508309], [-32.421848, -3.8504468], [-32.4219726, -3.8503782], [-32.4222066, -3.8501291], [-32.4223448, -3.8500256], [-32.4224361, -3.8499631], [-32.4230301, -3.8499297], [-32.4231058, -3.8499246], [-32.4232942, -3.8499111], [-32.4236488, -3.8498862], [-32.4242987, -3.8498537], [-32.4252392, -3.8498113], [-32.4254643, -3.8497992]]}, "properties": {"osm_id": 545930426, "highway": "footway", "name": null, "surface": "paving_stones"}}, {"type": "Feature", "geometry": {"type": "LineString", "coordinates": [[-32.4120165, -3.8460409], [-32.4117988, -3.845693], [-32.4109675, -3.8446131]]}, "properties": {"osm_id": 545930427, "highway": "tertiary", "name": "Rua São Miguel", "surface": "asphalt"}}, {"type": "Feature", "geometry": {"type": "LineString", "coordinates": [[-32.442919, -3.8554155], [-32.4429526, -3.855367]]}, "properties": {"osm_id": 554657898, "highway": "path", "name": null, "surface": null}}, {"type": "Feature", "geometry": {"type": "LineString", "coordinates": [[-32.4290027, -3.8675971], [-32.4289645, -3.8676111], [-32.4289296, -3.8676292], [-32.4286962, -3.8677901]]}, "properties": {"osm_id": 556366239, "highway": "track", "name": null, "surface": null}}, {"type": "Feature", "geometry": {"type": "LineString", "coordinates": [[-32.4358021, -3.8695934], [-32.4355419, -3.8694851], [-32.4351262, -3.8693566]]}, "properties": {"osm_id": 556366242, "highway": "path", "name": "Trilha Praia do Leão", "surface": null}}, {"type": "Feature", "geometry": {"type": "LineString", "coordinates": [[-32.4137586, -3.8488151], [-32.4138411, -3.8487881], [-32.4139606, -3.8486717], [-32.4140431, -3.8485653], [-32.4140005, -3.8485681], [-32.4139123, -3.8485241], [-32.4138568, -3.8484503], [-32.4138212, -3.8483524], [-32.4137899, -3.8482346], [-32.4137601, -3.8481224], [-32.4137544, -3.8480274], [-32.4137601, -3.8478954], [-32.4137643, -3.847796], [-32.4137714, -3.8476087], [-32.4137715, -3.8473992], [-32.4137692, -3.8473761], [-32.4137288, -3.84697], [-32.4134243, -3.8468096], [-32.4133874, -3.8471573], [-32.4133667, -3.8473632], [-32.4133646, -3.8473844], [-32.4133475, -3.8475732], [-32.4133362, -3.8477676], [-32.4133333, -3.8478357], [-32.4133362, -3.8479621], [-32.4133347, -3.848175], [-32.4133276, -3.848429], [-32.4133276, -3.8485539], [-32.4133319, -3.8486944], [-32.4133262, -3.8487725], [-32.413312, -3.8488122], [-32.4132921, -3.8488349], [-32.4132565, -3.8488477], [-32.4132181, -3.8488463], [-32.4131868, -3.8488307], [-32.4131626, -3.848808], [-32.4131484, -3.8487711], [-32.4131512, -3.8487327], [-32.4131655, -3.8486958], [-32.4131939, -3.8486731], [-32.4132337, -3.8486632], [-32.4132494, -3.8486604], [-32.413265, -3.8486419], [-32.4132721, -3.8486135], [-32.4132736, -3.848473], [-32.4132707, -3.8481693], [-32.413273, -3.8478864], [-32.4132657, -3.8478689], [-32.4132504, -3.8478555], [-32.4132344, -3.8478523], [-32.4130481, -3.8478561], [-32.412821, -3.8478574], [-32.4127565, -3.8478599], [-32.41274, -3.8478657], [-32.4127272, -3.8478778], [-32.4127163, -3.8478905], [-32.4127087, -3.8479071], [-32.4127074, -3.8479905], [-32.4127174, -3.8482757], [-32.4127145, -3.8484276], [-32.412706, -3.84849], [-32.4126733, -3.8485397], [-32.4126292, -3.8485823], [-32.4125794, -3.8486107], [-32.4125324, -3.8486107], [-32.4124912, -3.8485866], [-32.4124727, -3.8485553], [-32.4124656, -3.8485142], [-32.4124699, -3.848473], [-32.4124955, -3.8484375], [-32.4125324, -3.8484318], [-32.4125666, -3.848429], [-32.4126036, -3.8484475], [-32.4126278, -3.8484517], [-32.4126534, -3.8484304], [-32.4126576, -3.8483311], [-32.4126548, -3.8480884], [-32.4126534, -3.8480061], [-32.4126292, -3.8480515], [-32.4125979, -3.8481026], [-32.4125609, -3.8481523], [-32.412504, -3.8481991], [-32.4124442, -3.8482261], [-32.4124058, -3.8482488], [-32.4123589, -3.8482814], [-32.412302, -3.8483254], [-32.4122252, -3.8483879], [-32.4120716, -3.8485369], [-32.411968, -3.8486453], [-32.4120255, -3.8487107], [-32.4121078, -3.8488306], [-32.4121622, -3.8489523]]}, "properties": {"osm_id": 603545249, "highway": "footway", "name": null, "surface": "concrete:plates"}}, {"type": "Feature", "geometry": {"type": "LineString", "coordinates": [[-32.4129572, -3.8466052], [-32.4127544, -3.8469551], [-32.4127194, -3.8470311], [-32.4127041, -3.8471179], [-32.4127026, -3.8473536], [-32.4127011, -3.8475879], [-32.4127056, -3.8477522], [-32.4127194, -3.8477811], [-32.4127483, -3.8477932], [-32.4132488, -3.8478021], [-32.4132732, -3.8477965], [-32.4132878, -3.8477805], [-32.4133033, -3.8475848], [-32.4133307, -3.8473369], [-32.4133734, -3.8469886], [-32.4133948, -3.8467969], [-32.4129999, -3.84659], [-32.4129572, -3.8466052]]}, "properties": {"osm_id": 603545252, "highway": "footway", "name": null, "surface": null}}, {"type": "Feature", "geometry": {"type": "LineString", "coordinates": [[-32.4126401, -3.8476077], [-32.4126096, -3.8475864], [-32.4122772, -3.8475909], [-32.4120409, -3.8475879], [-32.4118016, -3.8475879], [-32.4116445, -3.8475879], [-32.4115287, -3.8475818], [-32.411457, -3.8475681], [-32.4114341, -3.8475544], [-32.4114097, -3.8475696], [-32.4114036, -3.8476001], [-32.4114494, -3.8476852], [-32.41155, -3.8477826], [-32.4117009, -3.8480245], [-32.4118488, -3.8482572], [-32.4120104, -3.8484702], [-32.412044, -3.8485021], [-32.4122757, -3.8482815], [-32.41239, -3.8482009], [-32.4124876, -3.8481401], [-32.4125501, -3.8480701], [-32.412605, -3.8479834], [-32.4126416, -3.8478693], [-32.4126508, -3.8477796], [-32.4126538, -3.8476457], [-32.4126401, -3.8476077]]}, "properties": {"osm_id": 603545253, "highway": "footway", "name": null, "surface": null}}, {"type": "Feature", "geometry": {"type": "LineString", "coordinates": [[-32.4129057, -3.8465337], [-32.4129082, -3.8465776], [-32.4127976, -3.8467707], [-32.4127297, -3.8468861], [-32.4126895, -3.8469563], [-32.4126643, -3.8470366], [-32.4126555, -3.8472135], [-32.412653, -3.8474305], [-32.4126505, -3.8475032], [-32.4126153, -3.8475283], [-32.4125273, -3.8475283], [-32.4123375, -3.8475358], [-32.4120986, -3.8475321], [-32.4120785, -3.8475132], [-32.4120697, -3.8474781], [-32.4120647, -3.8472448], [-32.4120672, -3.8470416], [-32.4120848, -3.8468397], [-32.4120861, -3.8468159], [-32.4120961, -3.8468071], [-32.412125, -3.8468033], [-32.4121564, -3.8467908], [-32.4121828, -3.8467619], [-32.4121954, -3.8467331], [-32.4122017, -3.8466967], [-32.4121992, -3.8466729], [-32.4121766, -3.8466415], [-32.4121476, -3.8466252], [-32.4121062, -3.8466265], [-32.4120647, -3.8466428], [-32.4120408, -3.8466641], [-32.4120257, -3.8467093], [-32.4120194, -3.8467695], [-32.4120207, -3.8468886], [-32.4120245, -3.8471094], [-32.4120182, -3.8475057], [-32.4120031, -3.8475233], [-32.4119541, -3.8475308], [-32.4117416, -3.8475333], [-32.4115128, -3.8475258], [-32.4114751, -3.8475145], [-32.4114562, -3.8474944], [-32.4114437, -3.8474656], [-32.4114386, -3.8474254], [-32.4114437, -3.8472047], [-32.4114424, -3.8468811], [-32.4114437, -3.8466967], [-32.4114462, -3.8464797], [-32.4114487, -3.8463305], [-32.4114474, -3.8460859], [-32.4114663, -3.8459906], [-32.411499, -3.8459003], [-32.4115078, -3.8458789], [-32.4115317, -3.8458601], [-32.4115606, -3.8458601], [-32.411763, -3.8459567], [-32.4120006, -3.8460721], [-32.4121166, -3.8461475], [-32.4122787, -3.8462282]]}, "properties": {"osm_id": 603545254, "highway": "footway", "name": null, "surface": "dirt"}}, {"type": "Feature", "geometry": {"type": "LineString", "coordinates": [[-32.4121476, -3.8466252], [-32.4121715, -3.8465387], [-32.4122017, -3.8464296], [-32.4122382, -3.8463581], [-32.4122633, -3.8462916], [-32.4122787, -3.8462282]]}, "properties": {"osm_id": 603545255, "highway": "path", "name": null, "surface": "paving_stones"}}, {"type": "Feature", "geometry": {"type": "LineString", "coordinates": [[-32.4119253, -3.8486486], [-32.4119859, -3.8487041], [-32.412033, -3.8487571], [-32.4120815, -3.8488306], [-32.4121342, -3.848967]]}, "properties": {"osm_id": 603545256, "highway": "residential", "name": "Alameda da Bela Vista", "surface": null}}, {"type": "Feature", "geometry": {"type": "LineString", "coordinates": [[-32.4044359, -3.8472488], [-32.4041461, -3.8470429]]}, "properties": {"osm_id": 677171032, "highway": "residential", "name": null, "surface": null}}, {"type": "Feature", "geometry": {"type": "LineString", "coordinates": [[-32.4072979, -3.8470584], [-32.4072573, -3.8471133], [-32.4072111, -3.8471568], [-32.4071574, -3.8471882], [-32.4070971, -3.8472116], [-32.4070092, -3.847235], [-32.4069449, -3.8472591], [-32.4068892, -3.8472812], [-32.4068429, -3.8473073], [-32.4067859, -3.8473515], [-32.406702, -3.8474238]]}, "properties": {"osm_id": 677171033, "highway": "residential", "name": null, "surface": "dirt"}}, {"type": "Feature", "geometry": {"type": "LineString", "coordinates": [[-32.4126264, -3.8443254], [-32.4123046, -3.8445047]]}, "properties": {"osm_id": 726989962, "highway": "residential", "name": "Rua da Consolação", "surface": "dirt"}}, {"type": "Feature", "geometry": {"type": "LineString", "coordinates": [[-32.4269487, -3.8560871], [-32.4268509, -3.8560489], [-32.4267939, -3.8560235], [-32.4267557, -3.8560081], [-32.426702, -3.8559974], [-32.4266329, -3.8560215], [-32.4265954, -3.8560851], [-32.4264837, -3.8562395]]}, "properties": {"osm_id": 747461029, "highway": "service", "name": null, "surface": null}}, {"type": "Feature", "geometry": {"type": "LineString", "coordinates": [[-32.4278608, -3.8650112], [-32.4277203, -3.8650827]]}, "properties": {"osm_id": 776024823, "highway": "steps", "name": null, "surface": "paving_stones"}}, {"type": "Feature", "geometry": {"type": "LineString", "coordinates": [[-32.4277203, -3.8650827], [-32.4276141, -3.8651872], [-32.4270031, -3.8658355], [-32.426989, -3.8658442], [-32.4267936, -3.8660359], [-32.4265503, -3.8662768], [-32.4264398, -3.8662654]]}, "properties": {"osm_id": 776024824, "highway": "footway", "name": null, "surface": "paving_stones"}}, {"type": "Feature", "geometry": {"type": "LineString", "coordinates": [[-32.4283422, -3.8619614], [-32.4284965, -3.8618282], [-32.4285077, -3.8618412]]}, "properties": {"osm_id": 776024829, "highway": "footway", "name": null, "surface": null}}, {"type": "Feature", "geometry": {"type": "LineString", "coordinates": [[-32.4283422, -3.8619614], [-32.4282832, -3.8618889], [-32.4282691, -3.8618561], [-32.4282496, -3.8617966], [-32.4282463, -3.861731], [-32.428255, -3.8616969], [-32.4282718, -3.8616668], [-32.4284583, -3.8615162], [-32.4285343, -3.8615047], [-32.4286124, -3.861521], [-32.4286493, -3.861533], [-32.4287184, -3.8615718], [-32.4288324, -3.8616748]]}, "properties": {"osm_id": 776024830, "highway": "service", "name": null, "surface": null}}, {"type": "Feature", "geometry": {"type": "LineString", "coordinates": [[-32.4276832, -3.860372], [-32.4281026, -3.8606146], [-32.4281153, -3.8606558], [-32.4281043, -3.8607591], [-32.4279966, -3.8609296]]}, "properties": {"osm_id": 776024831, "highway": "service", "name": null, "surface": null}}, {"type": "Feature", "geometry": {"type": "LineString", "coordinates": [[-32.4279966, -3.8609296], [-32.428069, -3.8609516], [-32.4281283, -3.8609603], [-32.4282059, -3.8609966]]}, "properties": {"osm_id": 776029426, "highway": "service", "name": null, "surface": null}}, {"type": "Feature", "geometry": {"type": "LineString", "coordinates": [[-32.4254643, -3.8497992], [-32.42554, -3.8497469], [-32.4255699, -3.8497262], [-32.4257081, -3.8496178], [-32.4258543, -3.8495121], [-32.4258873, -3.8495533]]}, "properties": {"osm_id": 776035890, "highway": "footway", "name": null, "surface": "ground"}}, {"type": "Feature", "geometry": {"type": "LineString", "coordinates": [[-32.4224125, -3.850041], [-32.4223448, -3.8500256], [-32.4222549, -3.8500196], [-32.4220812, -3.8500176], [-32.4218328, -3.8500247], [-32.4217339, -3.850039]]}, "properties": {"osm_id": 776035892, "highway": "unclassified", "name": null, "surface": null}}, {"type": "Feature", "geometry": {"type": "LineString", "coordinates": [[-32.4199284, -3.8504576], [-32.4199946, -3.8503158]]}, "properties": {"osm_id": 776035893, "highway": "footway", "name": null, "surface": "paving_stones"}}, {"type": "Feature", "geometry": {"type": "LineString", "coordinates": [[-32.4205255, -3.8504682], [-32.420421, -3.850479], [-32.4202896, -3.8504603], [-32.4199946, -3.8503158], [-32.4198524, -3.8502703], [-32.4197797, -3.850127]]}, "properties": {"osm_id": 776035894, "highway": "footway", "name": null, "surface": "paving_stones"}}, {"type": "Feature", "geometry": {"type": "LineString", "coordinates": [[-32.4175686, -3.8491686], [-32.4176192, -3.8491267], [-32.4177756, -3.8489291], [-32.4178326, -3.8488474], [-32.4178668, -3.8487805], [-32.4179292, -3.8486032], [-32.4179365, -3.8485524], [-32.4179345, -3.8485069], [-32.4179278, -3.8484306], [-32.4179278, -3.8483791], [-32.4179365, -3.8483089], [-32.4179902, -3.84816], [-32.4179946, -3.8481356], [-32.4179932, -3.8481145], [-32.4179855, -3.8480901], [-32.4179724, -3.8480586], [-32.417951, -3.8480319], [-32.4179248, -3.8480108], [-32.4178735, -3.84798], [-32.417556, -3.8478081], [-32.4173983, -3.8477243], [-32.4173865, -3.8477159], [-32.417376, -3.8477071], [-32.4173698, -3.8476938], [-32.4173488, -3.8476044]]}, "properties": {"osm_id": 776035895, "highway": "unclassified", "name": null, "surface": "sett"}}, {"type": "Feature", "geometry": {"type": "LineString", "coordinates": [[-32.4163738, -3.8484795], [-32.4163414, -3.8488091], [-32.4161831, -3.8490339]]}, "properties": {"osm_id": 776035896, "highway": "footway", "name": null, "surface": null}}, {"type": "Feature", "geometry": {"type": "LineString", "coordinates": [[-32.4145586, -3.8473906], [-32.414545, -3.8474156], [-32.4145087, -3.8474771]]}, "properties": {"osm_id": 776042576, "highway": "footway", "name": null, "surface": "asphalt"}}, {"type": "Feature", "geometry": {"type": "LineString", "coordinates": [[-32.414728, -3.8475234], [-32.4145764, -3.847585], [-32.4145301, -3.8475863], [-32.4144919, -3.8475783], [-32.4144457, -3.8475595], [-32.4142941, -3.8474732], [-32.4142532, -3.8474491], [-32.4142277, -3.8474184], [-32.4142177, -3.8473909], [-32.4142163, -3.8473602], [-32.414198, -3.8472215]]}, "properties": {"osm_id": 776042578, "highway": "service", "name": null, "surface": "paving_stones"}}, {"type": "Feature", "geometry": {"type": "LineString", "coordinates": [[-32.4138957, -3.8470509], [-32.4138261, -3.8471829], [-32.4138086, -3.8472297], [-32.4137959, -3.8472926], [-32.4137872, -3.8473767]]}, "properties": {"osm_id": 776042582, "highway": "residential", "name": null, "surface": null}}, {"type": "Feature", "geometry": {"type": "LineString", "coordinates": [[-32.4129057, -3.8465337], [-32.4129177, -3.8465185], [-32.4129369, -3.8464896]]}, "properties": {"osm_id": 776042583, "highway": "footway", "name": null, "surface": "asphalt"}}, {"type": "Feature", "geometry": {"type": "LineString", "coordinates": [[-32.4129369, -3.8464896], [-32.4129647, -3.8464445]]}, "properties": {"osm_id": 776042584, "highway": "steps", "name": null, "surface": "concrete"}}, {"type": "Feature", "geometry": {"type": "LineString", "coordinates": [[-32.4100021, -3.8451427], [-32.4099923, -3.8451649], [-32.4099756, -3.8451941]]}, "properties": {"osm_id": 776042586, "highway": "footway", "name": null, "surface": "asphalt"}}, {"type": "Feature", "geometry": {"type": "LineString", "coordinates": [[-32.4103644, -3.8457196], [-32.4103411, -3.8456464], [-32.4103518, -3.8455259], [-32.4102579, -3.8453841], [-32.4101077, -3.8452985], [-32.4099756, -3.8451941], [-32.4099443, -3.8451846], [-32.4096864, -3.8450665]]}, "properties": {"osm_id": 776042587, "highway": "footway", "name": null, "surface": "ground"}}, {"type": "Feature", "geometry": {"type": "LineString", "coordinates": [[-32.4067204, -3.8436625], [-32.4067752, -3.8436573], [-32.4068703, -3.8435956], [-32.4070583, -3.8434183]]}, "properties": {"osm_id": 776050617, "highway": "unclassified", "name": null, "surface": null}}, {"type": "Feature", "geometry": {"type": "LineString", "coordinates": [[-32.406748, -3.8437876], [-32.4067093, -3.8437837], [-32.4066587, -3.84371], [-32.4066774, -3.8435093]]}, "properties": {"osm_id": 776050618, "highway": "footway", "name": null, "surface": null}}, {"type": "Feature", "geometry": {"type": "LineString", "coordinates": [[-32.406507, -3.8404369], [-32.4065451, -3.8404042], [-32.4065714, -3.8403974], [-32.4066049, -3.8403947], [-32.4066377, -3.8404101], [-32.4066639, -3.8404349], [-32.4068101, -3.8406911], [-32.4069113, -3.8408564], [-32.4070434, -3.8410163], [-32.4070682, -3.841033], [-32.4070971, -3.8410427], [-32.4071319, -3.8410457], [-32.407137, -3.8410445], [-32.4071655, -3.8410377], [-32.4072037, -3.8410163], [-32.4072553, -3.8409855], [-32.4073311, -3.8409266], [-32.4073854, -3.8408778], [-32.4074424, -3.840831], [-32.4077046, -3.8406711], [-32.4079641, -3.8405486], [-32.4088246, -3.840216], [-32.409375, -3.840013], [-32.4097639, -3.8398515], [-32.4097961, -3.8398635], [-32.4098604, -3.8398695], [-32.4099376, -3.8398562], [-32.4100294, -3.8398521], [-32.4101877, -3.8398234], [-32.4103097, -3.8398521]]}, "properties": {"osm_id": 776050621, "highway": "unclassified", "name": "Estrada Velha do Porto", "surface": "unhewn_cobblestone"}}, {"type": "Feature", "geometry": {"type": "LineString", "coordinates": [[-32.406648, -3.8404956], [-32.4068914, -3.8408765], [-32.4070211, -3.8410573], [-32.4070506, -3.8410984], [-32.4071037, -3.8411241], [-32.4071068, -3.8411335], [-32.4071266, -3.8411943], [-32.4071195, -3.8413388], [-32.4070607, -3.8416365], [-32.4070348, -3.8420544], [-32.4070062, -3.8421746], [-32.4069545, -3.8422863], [-32.4068814, -3.8428487], [-32.4068355, -3.8431493], [-32.4068102, -3.8432743], [-32.4067594, -3.8435257], [-32.4067683, -3.8435996], [-32.4067752, -3.8436573], [-32.406748, -3.8437876], [-32.4067255, -3.8439656], [-32.4066935, -3.8441897], [-32.4067551, -3.8443829], [-32.4069359, -3.8444674], [-32.4070434, -3.8444474], [-32.4071941, -3.8444431], [-32.407359, -3.8444874], [-32.4074867, -3.8445475], [-32.4075742, -3.8445576], [-32.4077678, -3.844559], [-32.4079386, -3.8445876], [-32.408234, -3.8446506], [-32.4085008, -3.8447236], [-32.4089942, -3.8448137], [-32.4091047, -3.8448681], [-32.4092682, -3.8449153], [-32.4095325, -3.8449603], [-32.4096555, -3.8449926], [-32.4097563, -3.8450315], [-32.4097784, -3.8450424], [-32.4098183, -3.8450579]]}, "properties": {"osm_id": 776050622, "highway": "footway", "name": null, "surface": "paving_stones"}}, {"type": "Feature", "geometry": {"type": "LineString", "coordinates": [[-32.4003807, -3.8346192], [-32.4001641, -3.8346618], [-32.4001373, -3.8346926], [-32.4000957, -3.8346966], [-32.3998731, -3.834433], [-32.3998624, -3.8343955], [-32.3998624, -3.8343687], [-32.3998825, -3.834346], [-32.3999147, -3.8343313], [-32.3999508, -3.8343247], [-32.4001642, -3.8342745], [-32.4002478, -3.8342521], [-32.4005463, -3.8341694], [-32.4005656, -3.834163], [-32.4006003, -3.8341567]]}, "properties": {"osm_id": 776050624, "highway": "footway", "name": null, "surface": null}}, {"type": "Feature", "geometry": {"type": "LineString", "coordinates": [[-32.4003599, -3.8339392], [-32.4005463, -3.8341531], [-32.4005656, -3.834163], [-32.4006029, -3.8341815], [-32.4006992, -3.8342376]]}, "properties": {"osm_id": 776050628, "highway": "service", "name": null, "surface": null}}, {"type": "Feature", "geometry": {"type": "LineString", "coordinates": [[-32.4005198, -3.8347379], [-32.4005355, -3.834754], [-32.4005529, -3.834849], [-32.400506, -3.8349454], [-32.4004717, -3.8350014], [-32.4004579, -3.8350759], [-32.4004203, -3.8351596], [-32.4004933, -3.8353013], [-32.400615, -3.835451], [-32.4009031, -3.8356939], [-32.4015319, -3.8362323], [-32.4022014, -3.8367909], [-32.4033739, -3.8377422], [-32.404502, -3.838706], [-32.4047567, -3.8389133], [-32.4060637, -3.8399767], [-32.4065451, -3.8404042], [-32.406648, -3.8404956]]}, "properties": {"osm_id": 776061419, "highway": "footway", "name": null, "surface": "paving_stones"}}, {"type": "Feature", "geometry": {"type": "LineString", "coordinates": [[-32.4004203, -3.8351596], [-32.4003787, -3.8350751], [-32.4003437, -3.8350069], [-32.4002324, -3.8348852], [-32.400135, -3.8347557], [-32.4000957, -3.8346966]]}, "properties": {"osm_id": 776061420, "highway": "footway", "name": null, "surface": "paving_stones"}}, {"type": "Feature", "geometry": {"type": "LineString", "coordinates": [[-32.3990662, -3.8333531], [-32.3990093, -3.8334995], [-32.398898, -3.8335772], [-32.3988256, -3.8335731], [-32.3987589, -3.8335152]]}, "properties": {"osm_id": 776061423, "highway": "footway", "name": null, "surface": null}}, {"type": "Feature", "geometry": {"type": "LineString", "coordinates": [[-32.4103097, -3.8398521], [-32.4104006, -3.8398867], [-32.410631, -3.8403873]]}, "properties": {"osm_id": 776061427, "highway": "residential", "name": null, "surface": "unhewn_cobblestone"}}, {"type": "Feature", "geometry": {"type": "LineString", "coordinates": [[-32.4104006, -3.8398867], [-32.4109545, -3.8398368]]}, "properties": {"osm_id": 776061428, "highway": "residential", "name": null, "surface": null}}, {"type": "Feature", "geometry": {"type": "LineString", "coordinates": [[-32.4111606, -3.8398288], [-32.411418, -3.839863], [-32.4114833, -3.8398705], [-32.4116703, -3.839901]]}, "properties": {"osm_id": 776067039, "highway": "path", "name": null, "surface": "ground"}}, {"type": "Feature", "geometry": {"type": "LineString", "coordinates": [[-32.4116703, -3.839901], [-32.4118759, -3.8398158], [-32.4122078, -3.8398252]]}, "properties": {"osm_id": 776067040, "highway": "path", "name": null, "surface": null}}, {"type": "Feature", "geometry": {"type": "LineString", "coordinates": [[-32.4110814, -3.8393753], [-32.4111418, -3.8394013]]}, "properties": {"osm_id": 776067042, "highway": "path", "name": null, "surface": "concrete"}}, {"type": "Feature", "geometry": {"type": "LineString", "coordinates": [[-32.4109325, -3.8386523], [-32.4108809, -3.8387974], [-32.410956, -3.8390361], [-32.4111526, -3.8392723]]}, "properties": {"osm_id": 776067044, "highway": "path", "name": null, "surface": "sand"}}, {"type": "Feature", "geometry": {"type": "LineString", "coordinates": [[-32.410631, -3.8403873], [-32.4105692, -3.8404111], [-32.4104829, -3.8404316], [-32.4103725, -3.8405142]]}, "properties": {"osm_id": 776067047, "highway": "footway", "name": null, "surface": "unhewn_cobblestone"}}, {"type": "Feature", "geometry": {"type": "LineString", "coordinates": [[-32.4148225, -3.839618], [-32.4148075, -3.8395501], [-32.4148315, -3.8394514]]}, "properties": {"osm_id": 776067049, "highway": "path", "name": null, "surface": null}}, {"type": "Feature", "geometry": {"type": "LineString", "coordinates": [[-32.4162193, -3.8419128], [-32.4162753, -3.8419111], [-32.4163259, -3.8419075], [-32.4163648, -3.8419085], [-32.4164013, -3.8419162], [-32.4164383, -3.8419292], [-32.416598, -3.8420458], [-32.4166223, -3.8420605], [-32.4166436, -3.8420699], [-32.4166667, -3.8420751], [-32.4166952, -3.8420754], [-32.4167205, -3.8420704], [-32.4167386, -3.8420593], [-32.4167505, -3.8420471], [-32.4168165, -3.841956], [-32.4169032, -3.8418561], [-32.4169736, -3.8418309], [-32.4170085, -3.8418245], [-32.4170424, -3.8418245], [-32.4170675, -3.8418298], [-32.4171238, -3.8418633]]}, "properties": {"osm_id": 776067050, "highway": "unclassified", "name": "Alameda das Gameleiras", "surface": null}}, {"type": "Feature", "geometry": {"type": "LineString", "coordinates": [[-32.4171238, -3.8418633], [-32.4173384, -3.8415458]]}, "properties": {"osm_id": 776067051, "highway": "path", "name": null, "surface": null}}, {"type": "Feature", "geometry": {"type": "LineString", "coordinates": [[-32.4172778, -3.8419827], [-32.4174516, -3.8420968]]}, "properties": {"osm_id": 776067052, "highway": "path", "name": null, "surface": null}}, {"type": "Feature", "geometry": {"type": "LineString", "coordinates": [[-32.4116492, -3.8411612], [-32.4112029, -3.8411655]]}, "properties": {"osm_id": 776067057, "highway": "pedestrian", "name": "Rua General Dutra", "surface": null}}, {"type": "Feature", "geometry": {"type": "LineString", "coordinates": [[-32.4111861, -3.841486], [-32.4108167, -3.8414694]]}, "properties": {"osm_id": 776071703, "highway": "pedestrian", "name": null, "surface": null}}, {"type": "Feature", "geometry": {"type": "LineString", "coordinates": [[-32.410711, -3.8417669], [-32.4105073, -3.8417547]]}, "properties": {"osm_id": 776071704, "highway": "path", "name": null, "surface": null}}, {"type": "Feature", "geometry": {"type": "LineString", "coordinates": [[-32.4094362, -3.841736], [-32.4093592, -3.8419579]]}, "properties": {"osm_id": 776071708, "highway": "path", "name": null, "surface": null}}, {"type": "Feature", "geometry": {"type": "LineString", "coordinates": [[-32.4104877, -3.8424045], [-32.410415, -3.8425229], [-32.4103667, -3.842618], [-32.4102728, -3.8427893], [-32.4102406, -3.8428963], [-32.4101903, -3.8430422], [-32.4101441, -3.8431987], [-32.4101184, -3.8433029], [-32.4100958, -3.8434255], [-32.4100542, -3.8436282], [-32.4100193, -3.8437808], [-32.4099734, -3.8439526], [-32.4099308, -3.8440885], [-32.4098289, -3.8444144], [-32.4097974, -3.8444933], [-32.4097672, -3.8445595], [-32.4096438, -3.8448044], [-32.4095895, -3.844884], [-32.4095325, -3.8449603], [-32.4095089, -3.844989]]}, "properties": {"osm_id": 776071710, "highway": "residential", "name": "Rua do Sol", "surface": "dirt"}}, {"type": "Feature", "geometry": {"type": "LineString", "coordinates": [[-32.4102728, -3.8427893], [-32.4103193, -3.8423753], [-32.4104648, -3.8420025]]}, "properties": {"osm_id": 776071711, "highway": "path", "name": null, "surface": null}}, {"type": "Feature", "geometry": {"type": "LineString", "coordinates": [[-32.4065351, -3.8461264], [-32.4060244, -3.8454993], [-32.4058539, -3.8454139], [-32.4057969, -3.8453872], [-32.4057291, -3.8453671], [-32.4055193, -3.8453228]]}, "properties": {"osm_id": 776102399, "highway": "residential", "name": null, "surface": "dirt"}}, {"type": "Feature", "geometry": {"type": "LineString", "coordinates": [[-32.4216387, -3.8512416], [-32.4216025, -3.8511476], [-32.4215793, -3.8510529], [-32.4215609, -3.8509302]]}, "properties": {"osm_id": 776106275, "highway": "unclassified", "name": null, "surface": null}}, {"type": "Feature", "geometry": {"type": "LineString", "coordinates": [[-32.4259973, -3.8520972], [-32.4262856, -3.8521297], [-32.4263117, -3.8521204], [-32.4263406, -3.8521057], [-32.4265104, -3.8518783], [-32.4266701, -3.8516671], [-32.4267738, -3.8514766], [-32.4268019, -3.8513797], [-32.4268046, -3.8513169], [-32.4267682, -3.8511973], [-32.4265696, -3.8507145], [-32.4264049, -3.8503887], [-32.4262386, -3.8501092], [-32.4261598, -3.849971], [-32.4260697, -3.849843]]}, "properties": {"osm_id": 776106280, "highway": "track", "name": "Rua Trilha da Ema", "surface": "grass"}}, {"type": "Feature", "geometry": {"type": "LineString", "coordinates": [[-32.4267697, -3.8498349], [-32.4267563, -3.8497948], [-32.4267422, -3.8497737], [-32.426694, -3.8497289], [-32.4265833, -3.8496282], [-32.4264888, -3.8495419], [-32.4265592, -3.849473]]}, "properties": {"osm_id": 776106281, "highway": "service", "name": null, "surface": "sett"}}, {"type": "Feature", "geometry": {"type": "LineString", "coordinates": [[-32.4273686, -3.8481496], [-32.4271446, -3.8479235], [-32.4271328, -3.8479131], [-32.4271204, -3.8479111], [-32.427109, -3.8479141], [-32.426916, -3.8480869]]}, "properties": {"osm_id": 776106290, "highway": "residential", "name": null, "surface": "dirt"}}, {"type": "Feature", "geometry": {"type": "LineString", "coordinates": [[-32.4281336, -3.8475321], [-32.4282832, -3.8476204], [-32.4283985, -3.8476726], [-32.4285266, -3.8477321]]}, "properties": {"osm_id": 776106295, "highway": "service", "name": null, "surface": "dirt"}}, {"type": "Feature", "geometry": {"type": "LineString", "coordinates": [[-32.4290282, -3.8463325], [-32.4289195, -3.8465506], [-32.4288391, -3.8466991], [-32.4286875, -3.8469507], [-32.4286083, -3.8470757], [-32.4285588, -3.8471487], [-32.4284314, -3.8472866], [-32.4281336, -3.8475321], [-32.428088, -3.8475676], [-32.427966, -3.8476438], [-32.4278815, -3.8477014], [-32.4277011, -3.8478599], [-32.4274416, -3.8480841]]}, "properties": {"osm_id": 776106296, "highway": "unclassified", "name": "Rua Alameda Boldró", "surface": "dirt"}}, {"type": "Feature", "geometry": {"type": "LineString", "coordinates": [[-32.431182, -3.8470537], [-32.431225, -3.847019], [-32.431372, -3.846954], [-32.431471, -3.846866]]}, "properties": {"osm_id": 776106297, "highway": "path", "name": null, "surface": null}}, {"type": "Feature", "geometry": {"type": "LineString", "coordinates": [[-32.4316856, -3.8487886], [-32.4317633, -3.8489197], [-32.431768, -3.8489388], [-32.4317667, -3.8489592], [-32.431759, -3.8489746], [-32.4316711, -3.8490247], [-32.4316524, -3.8490261], [-32.4316326, -3.8490207], [-32.4316172, -3.849004], [-32.4315414, -3.8488514]]}, "properties": {"osm_id": 776106299, "highway": "service", "name": null, "surface": null}}, {"type": "Feature", "geometry": {"type": "LineString", "coordinates": [[-32.4331071, -3.8514661], [-32.4331205, -3.8514052], [-32.4331279, -3.8513028], [-32.4331567, -3.8511282], [-32.4331836, -3.8510553], [-32.4332064, -3.8510245], [-32.4332412, -3.8510058], [-32.4333116, -3.850989], [-32.433437, -3.8509589], [-32.4334873, -3.8509409], [-32.4335846, -3.8508833], [-32.4336275, -3.8508358], [-32.4336922, -3.8507177], [-32.4337123, -3.8506977], [-32.4337321, -3.8506883], [-32.4337602, -3.8506839], [-32.4338374, -3.8506799]]}, "properties": {"osm_id": 776107669, "highway": "service", "name": null, "surface": null}}, {"type": "Feature", "geometry": {"type": "LineString", "coordinates": [[-32.4327604, -3.8515363], [-32.4327618, -3.8514774], [-32.4327607, -3.8513874], [-32.4327584, -3.8512941], [-32.4327611, -3.851169], [-32.4327692, -3.8511469], [-32.4327799, -3.8511359], [-32.4328114, -3.8511282], [-32.4331567, -3.8511282]]}, "properties": {"osm_id": 776107670, "highway": "service", "name": null, "surface": null}}, {"type": "Feature", "geometry": {"type": "LineString", "coordinates": [[-32.4394421, -3.8557572], [-32.4393392, -3.8558221], [-32.4393252, -3.8558543], [-32.4393218, -3.8559018], [-32.4393319, -3.8560724], [-32.439352, -3.8561647], [-32.439474, -3.8564323], [-32.4394801, -3.8564597], [-32.4394747, -3.8564959], [-32.4394546, -3.8565193], [-32.4393969, -3.85654], [-32.4392764, -3.8565697], [-32.4391877, -3.8566063], [-32.4391508, -3.856641], [-32.4389993, -3.8568939]]}, "properties": {"osm_id": 776107671, "highway": "residential", "name": null, "surface": "ground"}}, {"type": "Feature", "geometry": {"type": "LineString", "coordinates": [[-32.4275901, -3.8580164], [-32.427789, -3.8581317]]}, "properties": {"osm_id": 776107675, "highway": "unclassified", "name": null, "surface": null}}, {"type": "Feature", "geometry": {"type": "LineString", "coordinates": [[-32.433423, -3.8478386], [-32.4337405, -3.8476319]]}, "properties": {"osm_id": 797176892, "highway": "path", "name": null, "surface": null}}, {"type": "Feature", "geometry": {"type": "LineString", "coordinates": [[-32.4337405, -3.8476319], [-32.4337736, -3.8474017], [-32.4338476, -3.8473373]]}, "properties": {"osm_id": 797176893, "highway": "path", "name": null, "surface": null}}, {"type": "Feature", "geometry": {"type": "LineString", "coordinates": [[-32.433423, -3.8478386], [-32.4333116, -3.847684]]}, "properties": {"osm_id": 797176894, "highway": "path", "name": null, "surface": "ground"}}, {"type": "Feature", "geometry": {"type": "LineString", "coordinates": [[-32.411636, -3.8437754], [-32.4122, -3.8433994]]}, "properties": {"osm_id": 797176895, "highway": "residential", "name": "Rua da Consolação", "surface": "dirt"}}, {"type": "Feature", "geometry": {"type": "LineString", "coordinates": [[-32.397805, -3.832597], [-32.3979923, -3.8324458], [-32.3982471, -3.8324063]]}, "properties": {"osm_id": 797176896, "highway": "path", "name": null, "surface": null}}, {"type": "Feature", "geometry": {"type": "LineString", "coordinates": [[-32.4002187, -3.8350384], [-32.3999813, -3.8352163]]}, "properties": {"osm_id": 797176897, "highway": "path", "name": null, "surface": "ground"}}, {"type": "Feature", "geometry": {"type": "LineString", "coordinates": [[-32.399216, -3.835663], [-32.3992744, -3.8358793], [-32.3996338, -3.8361924], [-32.400025, -3.836365]]}, "properties": {"osm_id": 797176898, "highway": "path", "name": null, "surface": null}}, {"type": "Feature", "geometry": {"type": "LineString", "coordinates": [[-32.4259838, -3.8560095], [-32.4260046, -3.8559774], [-32.4260227, -3.8559663], [-32.4260395, -3.8559633], [-32.426063, -3.8559687], [-32.426348, -3.8563828]]}, "properties": {"osm_id": 797176900, "highway": "track", "name": null, "surface": null}}, {"type": "Feature", "geometry": {"type": "LineString", "coordinates": [[-32.4322327, -3.8486996], [-32.4323031, -3.8483985], [-32.4318624, -3.848115]]}, "properties": {"osm_id": 797176901, "highway": "path", "name": null, "surface": null}}, {"type": "Feature", "geometry": {"type": "LineString", "coordinates": [[-32.4162193, -3.8419128], [-32.4164063, -3.8420573], [-32.4165908, -3.8421925]]}, "properties": {"osm_id": 797176902, "highway": "unclassified", "name": "Estrada da Alamoa", "surface": null}}, {"type": "Feature", "geometry": {"type": "LineString", "coordinates": [[-32.4152743, -3.843548], [-32.4156225, -3.8437018], [-32.4160087, -3.8434717], [-32.4167115, -3.8436483], [-32.4169676, -3.8435172]]}, "properties": {"osm_id": 797176903, "highway": "path", "name": null, "surface": null}}, {"type": "Feature", "geometry": {"type": "LineString", "coordinates": [[-32.4286862, -3.8568578], [-32.4286694, -3.8568494], [-32.4285883, -3.8568009]]}, "properties": {"osm_id": 824079188, "highway": "unclassified", "name": null, "surface": "asphalt"}}, {"type": "Feature", "geometry": {"type": "LineString", "coordinates": [[-32.4287925, -3.8567735], [-32.4289088, -3.8567554], [-32.428943, -3.8567394], [-32.4290235, -3.8566979]]}, "properties": {"osm_id": 824079189, "highway": "secondary_link", "name": null, "surface": "asphalt"}}, {"type": "Feature", "geometry": {"type": "LineString", "coordinates": [[-32.4264888, -3.8495419], [-32.4264693, -3.8495847], [-32.4264633, -3.8496382], [-32.426462, -3.8496871]]}, "properties": {"osm_id": 824095080, "highway": "service", "name": null, "surface": "sett"}}, {"type": "Feature", "geometry": {"type": "LineString", "coordinates": [[-32.4243732, -3.8493138], [-32.4243638, -3.8494676], [-32.4243464, -3.8495158], [-32.4243142, -3.8495774], [-32.4242967, -3.8496322], [-32.4242927, -3.8497105], [-32.4242987, -3.8498537], [-32.4243036, -3.8499147]]}, "properties": {"osm_id": 824106823, "highway": "residential", "name": null, "surface": "concrete:lanes"}}, {"type": "Feature", "geometry": {"type": "LineString", "coordinates": [[-32.4275268, -3.8476512], [-32.4277011, -3.8478599]]}, "properties": {"osm_id": 824106824, "highway": "service", "name": null, "surface": "pebblestone"}}, {"type": "Feature", "geometry": {"type": "LineString", "coordinates": [[-32.4239373, -3.8517865], [-32.4240889, -3.8521237], [-32.4243447, -3.8526936]]}, "properties": {"osm_id": 824106825, "highway": "residential", "name": null, "surface": null}}, {"type": "Feature", "geometry": {"type": "LineString", "coordinates": [[-32.4303934, -3.8509864], [-32.4304685, -3.8511978], [-32.4305007, -3.8513102], [-32.4305543, -3.8515243], [-32.4305946, -3.8516741], [-32.4306247, -3.8518722], [-32.4306536, -3.8520602], [-32.4306656, -3.8521304], [-32.4306697, -3.8521933], [-32.4306589, -3.8522515], [-32.4306268, -3.8523224], [-32.430555, -3.8524689], [-32.4305201, -3.8525258]]}, "properties": {"osm_id": 824111108, "highway": "unclassified", "name": null, "surface": "dirt"}}, {"type": "Feature", "geometry": {"type": "LineString", "coordinates": [[-32.4290134, -3.8602766], [-32.4292196, -3.8599864], [-32.4295455, -3.8593359], [-32.4296684, -3.8589223], [-32.4298455, -3.8585142], [-32.4302439, -3.8577016], [-32.4304605, -3.8575777]]}, "properties": {"osm_id": 824113160, "highway": "track", "name": null, "surface": null}}, {"type": "Feature", "geometry": {"type": "LineString", "coordinates": [[-32.4248667, -3.851919], [-32.4249592, -3.8519524], [-32.4250665, -3.8519819], [-32.4251591, -3.8519953], [-32.4259973, -3.8520972]]}, "properties": {"osm_id": 824113161, "highway": "unclassified", "name": "Rua Trilha da Ema", "surface": null}}, {"type": "Feature", "geometry": {"type": "LineString", "coordinates": [[-32.3990769, -3.8306928], [-32.3990662, -3.8306664], [-32.3990404, -3.830642], [-32.3989995, -3.8306246], [-32.3989706, -3.8306172], [-32.3989432, -3.8306209], [-32.3989267, -3.8306293], [-32.398911, -3.8306534], [-32.3989016, -3.8306903], [-32.3988952, -3.8307226], [-32.3988996, -3.8307584], [-32.3990597, -3.83098]]}, "properties": {"osm_id": 824123771, "highway": "unclassified", "name": "Rua Joaquim Ferreira", "surface": "ground"}}, {"type": "Feature", "geometry": {"type": "LineString", "coordinates": [[-32.4189847, -3.8498957], [-32.4189488, -3.8499915]]}, "properties": {"osm_id": 824145006, "highway": "residential", "name": "Rua Primavera", "surface": "asphalt"}}, {"type": "Feature", "geometry": {"type": "LineString", "coordinates": [[-32.3996974, -3.834391], [-32.3997267, -3.8343695], [-32.3997412, -3.8343593], [-32.3997522, -3.8343554], [-32.3997634, -3.8343511], [-32.3997785, -3.8343458]]}, "properties": {"osm_id": 824181985, "highway": "secondary", "name": null, "surface": "asphalt"}}, {"type": "Feature", "geometry": {"type": "LineString", "coordinates": [[-32.4171238, -3.8418633], [-32.4172778, -3.8419827]]}, "properties": {"osm_id": 824449016, "highway": "path", "name": "Alameda das Gameleiras", "surface": null}}, {"type": "Feature", "geometry": {"type": "LineString", "coordinates": [[-32.4078508, -3.8560857], [-32.407743, -3.856125]]}, "properties": {"osm_id": 835230110, "highway": "path", "name": null, "surface": null}}, {"type": "Feature", "geometry": {"type": "LineString", "coordinates": [[-32.4079474, -3.856063], [-32.4078508, -3.8560857]]}, "properties": {"osm_id": 835230111, "highway": "path", "name": null, "surface": null}}, {"type": "Feature", "geometry": {"type": "LineString", "coordinates": [[-32.4099155, -3.8452499], [-32.4099443, -3.8451846], [-32.4099658, -3.8451536]]}, "properties": {"osm_id": 885269841, "highway": "service", "name": null, "surface": "cobblestone"}}, {"type": "Feature", "geometry": {"type": "LineString", "coordinates": [[-32.4264837, -3.8562395], [-32.4264506, -3.8562798], [-32.426348, -3.8563828]]}, "properties": {"osm_id": 947602091, "highway": "service", "name": null, "surface": null}}, {"type": "Feature", "geometry": {"type": "LineString", "coordinates": [[-32.428668, -3.8566492], [-32.4287787, -3.8566323], [-32.428829, -3.8566063], [-32.4288337, -3.8565628], [-32.4288102, -3.8563761]]}, "properties": {"osm_id": 947606796, "highway": "service", "name": null, "surface": "asphalt"}}, {"type": "Feature", "geometry": {"type": "LineString", "coordinates": [[-32.4282081, -3.8564186], [-32.4282185, -3.8565529]]}, "properties": {"osm_id": 947671422, "highway": "service", "name": null, "surface": null}}, {"type": "Feature", "geometry": {"type": "LineString", "coordinates": [[-32.4269414, -3.857096], [-32.4275901, -3.8580164]]}, "properties": {"osm_id": 947672835, "highway": "unclassified", "name": null, "surface": null}}, {"type": "Feature", "geometry": {"type": "LineString", "coordinates": [[-32.4174516, -3.8420968], [-32.417433, -3.8421737], [-32.4174155, -3.8422473], [-32.4174035, -3.842339], [-32.4174021, -3.8424072], [-32.4173954, -3.8425016], [-32.417384, -3.8425912], [-32.4173626, -3.8426775], [-32.4173364, -3.8427458], [-32.4172291, -3.842899], [-32.4171366, -3.8430355], [-32.4170494, -3.8431572], [-32.4169649, -3.8432536], [-32.4169113, -3.8433245], [-32.4168925, -3.8433647]]}, "properties": {"osm_id": 953034798, "highway": "unclassified", "name": "Estrada da Alamoa", "surface": null}}, {"type": "Feature", "geometry": {"type": "LineString", "coordinates": [[-32.4068156, -3.8445382], [-32.4073399, -3.8446348], [-32.4079301, -3.8447177], [-32.4087141, -3.8448533], [-32.4088258, -3.8448753], [-32.4094701, -3.8449799], [-32.4095089, -3.844989], [-32.409729, -3.8450453]]}, "properties": {"osm_id": 1061423620, "highway": "secondary", "name": "Rodovia Miguel Arraes de Alencar", "surface": "asphalt"}}, {"type": "Feature", "geometry": {"type": "LineString", "coordinates": [[-32.409729, -3.8450453], [-32.4098996, -3.845127], [-32.4099658, -3.8451536], [-32.4099923, -3.8451649], [-32.4110829, -3.8456301], [-32.4115026, -3.845821], [-32.4120165, -3.8460409]]}, "properties": {"osm_id": 1061423621, "highway": "secondary", "name": "Rodovia Miguel Arraes de Alencar", "surface": "asphalt"}}, {"type": "Feature", "geometry": {"type": "LineString", "coordinates": [[-32.4006003, -3.8341567], [-32.4006841, -3.8341415], [-32.4012654, -3.833961], [-32.4013824, -3.8339247], [-32.4016902, -3.8337957], [-32.4017186, -3.8337846], [-32.4017398, -3.8337764], [-32.4017938, -3.8337558], [-32.4018685, -3.8337229], [-32.4018796, -3.8337456], [-32.4019077, -3.83381], [-32.4017595, -3.8338722], [-32.4017186, -3.8337846]]}, "properties": {"osm_id": 1149371527, "highway": "footway", "name": null, "surface": "wood"}}, {"type": "Feature", "geometry": {"type": "LineString", "coordinates": [[-32.4071068, -3.8411335], [-32.407137, -3.8410445]]}, "properties": {"osm_id": 1202629838, "highway": "path", "name": null, "surface": null}}, {"type": "Feature", "geometry": {"type": "LineString", "coordinates": [[-32.4104331, -3.85634], [-32.4103545, -3.8562213], [-32.4102616, -3.8560108], [-32.4102526, -3.8558323], [-32.4103671, -3.8555326], [-32.4108928, -3.8545977], [-32.410882, -3.8544889], [-32.4107908, -3.8543694], [-32.4107175, -3.8543284], [-32.4106371, -3.8543266], [-32.4105226, -3.854373], [-32.4102043, -3.8546548], [-32.4093335, -3.8554381], [-32.4089399, -3.8558076]]}, "properties": {"osm_id": 1237363660, "highway": "track", "name": null, "surface": null}}, {"type": "Feature", "geometry": {"type": "LineString", "coordinates": [[-32.4292768, -3.8459871], [-32.4292522, -3.8459852]]}, "properties": {"osm_id": 1240395472, "highway": "steps", "name": null, "surface": "wood"}}, {"type": "Feature", "geometry": {"type": "LineString", "coordinates": [[-32.4292258, -3.8461421], [-32.4290282, -3.8463325]]}, "properties": {"osm_id": 1240395475, "highway": "path", "name": null, "surface": null}}, {"type": "Feature", "geometry": {"type": "LineString", "coordinates": [[-32.4292311, -3.8460801], [-32.4292056, -3.8460777], [-32.4292118, -3.84596]]}, "properties": {"osm_id": 1240395476, "highway": "path", "name": null, "surface": "wood"}}, {"type": "Feature", "geometry": {"type": "LineString", "coordinates": [[-32.4292522, -3.8459852], [-32.4292394, -3.8459841], [-32.4292311, -3.8460801], [-32.4292258, -3.8461421]]}, "properties": {"osm_id": 1240395478, "highway": "path", "name": null, "surface": "wood"}}, {"type": "Feature", "geometry": {"type": "LineString", "coordinates": [[-32.4246709, -3.871563], [-32.4245261, -3.871575], [-32.4241893, -3.8717769], [-32.4239844, -3.8718936], [-32.4239128, -3.8720052], [-32.4237846, -3.8721206], [-32.4236338, -3.8722898], [-32.4235442, -3.8723659], [-32.4235262, -3.8724504]]}, "properties": {"osm_id": 1240438657, "highway": "path", "name": null, "surface": "ground"}}, {"type": "Feature", "geometry": {"type": "LineString", "coordinates": [[-32.4270798, -3.8661285], [-32.4269168, -3.8661365]]}, "properties": {"osm_id": 1240438661, "highway": "service", "name": null, "surface": null}}, {"type": "Feature", "geometry": {"type": "LineString", "coordinates": [[-32.4270225, -3.8708905], [-32.4272633, -3.8707174], [-32.4274269, -3.8705327], [-32.4278936, -3.870118], [-32.4280612, -3.8699761], [-32.4282047, -3.8698704], [-32.4285159, -3.8696791], [-32.428709, -3.8695212], [-32.428882, -3.8693633], [-32.4291193, -3.8692188], [-32.4289732, -3.8685029], [-32.4289584, -3.8684106], [-32.4289316, -3.8683343], [-32.4288696, -3.8681732]]}, "properties": {"osm_id": 1240438662, "highway": "unclassified", "name": null, "surface": "ground"}}, {"type": "Feature", "geometry": {"type": "LineString", "coordinates": [[-32.4339841, -3.8696886], [-32.4339971, -3.8697488], [-32.4340051, -3.8697885], [-32.4338936, -3.8697696], [-32.4338626, -3.8696574], [-32.4337832, -3.8697717], [-32.4336326, -3.8696712], [-32.4334299, -3.8695896], [-32.4334254, -3.8696078], [-32.4334203, -3.8696284], [-32.4333192, -3.8697014]]}, "properties": {"osm_id": 1240438663, "highway": "path", "name": null, "surface": "wood"}}, {"type": "Feature", "geometry": {"type": "LineString", "coordinates": [[-32.4263155, -3.8664457], [-32.4262547, -3.8664162], [-32.4261518, -3.8664526], [-32.426109, -3.866538]]}, "properties": {"osm_id": 1240443582, "highway": "path", "name": null, "surface": "wood"}}, {"type": "Feature", "geometry": {"type": "LineString", "coordinates": [[-32.4263682, -3.8664186], [-32.4263551, -3.8664424], [-32.4263449, -3.8664611], [-32.4263155, -3.8664457]]}, "properties": {"osm_id": 1240443583, "highway": "path", "name": null, "surface": null}}, {"type": "Feature", "geometry": {"type": "LineString", "coordinates": [[-32.439854, -3.870084], [-32.439762, -3.870101], [-32.439672, -3.870147], [-32.439604, -3.870157], [-32.439476, -3.870094], [-32.439314, -3.870057], [-32.4392534, -3.8701857], [-32.4383515, -3.8705809], [-32.4358021, -3.8695934]]}, "properties": {"osm_id": 1240765598, "highway": "path", "name": "Trilha Praia do Leão", "surface": null}}, {"type": "Feature", "geometry": {"type": "LineString", "coordinates": [[-32.4331322, -3.856432], [-32.4332478, -3.8564551], [-32.4332896, -3.8564867], [-32.4332962, -3.8565417], [-32.4332579, -3.8566615], [-32.4332161, -3.8566915], [-32.4331594, -3.8566998], [-32.4329208, -3.8565733], [-32.4325231, -3.8564266]]}, "properties": {"osm_id": 1240783865, "highway": "service", "name": null, "surface": null}}, {"type": "Feature", "geometry": {"type": "LineString", "coordinates": [[-32.4284583, -3.8615162], [-32.4286879, -3.8610649], [-32.4288885, -3.8606944], [-32.428878, -3.8605709]]}, "properties": {"osm_id": 1240783876, "highway": "living_street", "name": null, "surface": null}}, {"type": "Feature", "geometry": {"type": "LineString", "coordinates": [[-32.428878, -3.8605709], [-32.4290375, -3.8607188], [-32.4291703, -3.8607769], [-32.429314, -3.8607945], [-32.4293763, -3.860762]]}, "properties": {"osm_id": 1240783877, "highway": "service", "name": null, "surface": null}}, {"type": "Feature", "geometry": {"type": "LineString", "coordinates": [[-32.4394186, -3.8557067], [-32.4394421, -3.8557572], [-32.439799, -3.856693], [-32.4398327, -3.8567583]]}, "properties": {"osm_id": 1240962717, "highway": "unclassified", "name": "Trilha do Farol", "surface": "ground"}}, {"type": "Feature", "geometry": {"type": "LineString", "coordinates": [[-32.4479453, -3.8676351], [-32.4480709, -3.8679158]]}, "properties": {"osm_id": 1240962721, "highway": "path", "name": null, "surface": null}}, {"type": "Feature", "geometry": {"type": "LineString", "coordinates": [[-32.4474123, -3.8660147], [-32.447482, -3.8661336], [-32.447512, -3.866206]]}, "properties": {"osm_id": 1240962722, "highway": "path", "name": "Trilha do Farol", "surface": null}}, {"type": "Feature", "geometry": {"type": "LineString", "coordinates": [[-32.44418, -3.856776], [-32.444119, -3.856743], [-32.443731, -3.8564], [-32.4433918, -3.8560092], [-32.443304, -3.855908], [-32.443119, -3.855754], [-32.443025, -3.85565], [-32.44294, -3.855473], [-32.442919, -3.8554155], [-32.4428802, -3.8553093], [-32.442864, -3.855265], [-32.442811, -3.855206], [-32.44264, -3.855093], [-32.442579, -3.855034], [-32.442515, -3.854899], [-32.442445, -3.854681], [-32.4423953, -3.8546037], [-32.4423214, -3.8545514], [-32.4422942, -3.8544158]]}, "properties": {"osm_id": 1241144720, "highway": "path", "name": "Trilha Golfinho Sancho", "surface": "ground"}}, {"type": "Feature", "geometry": {"type": "LineString", "coordinates": [[-32.4422942, -3.8544158], [-32.4422926, -3.8543947], [-32.4422976, -3.8542037], [-32.4422897, -3.8541123], [-32.442267, -3.853899], [-32.442246, -3.853786], [-32.442158, -3.85361], [-32.442053, -3.853466], [-32.442015, -3.853387], [-32.442005, -3.853274], [-32.44204, -3.853017], [-32.442033, -3.852787], [-32.442051, -3.852711], [-32.4421939, -3.8524386], [-32.4420577, -3.8522833], [-32.4420658, -3.8521945], [-32.442174, -3.8521713]]}, "properties": {"osm_id": 1241144721, "highway": "path", "name": "Trilha Mirante", "surface": "wood"}}, {"type": "Feature", "geometry": {"type": "LineString", "coordinates": [[-32.4423493, -3.8543254], [-32.4423505, -3.8543065]]}, "properties": {"osm_id": 1241144722, "highway": "path", "name": "Trilha Sancho", "surface": null}}, {"type": "Feature", "geometry": {"type": "LineString", "coordinates": [[-32.4423214, -3.8545514], [-32.4422707, -3.8545235], [-32.442236, -3.8544911], [-32.4421632, -3.8544286]]}, "properties": {"osm_id": 1241144724, "highway": "path", "name": null, "surface": "wood"}}, {"type": "Feature", "geometry": {"type": "LineString", "coordinates": [[-32.444243, -3.856777], [-32.44418, -3.856776]]}, "properties": {"osm_id": 1241144725, "highway": "path", "name": "Trilha Golfinho Sancho", "surface": "wood"}}, {"type": "Feature", "geometry": {"type": "LineString", "coordinates": [[-32.442321, -3.8543939], [-32.4423279, -3.8543773], [-32.4423387, -3.8543638]]}, "properties": {"osm_id": 1241144726, "highway": "steps", "name": "Trilha Sancho", "surface": "wood"}}, {"type": "Feature", "geometry": {"type": "LineString", "coordinates": [[-32.4398069, -3.8552637], [-32.4398391, -3.8552133], [-32.4398756, -3.8551579]]}, "properties": {"osm_id": 1241144729, "highway": "path", "name": null, "surface": "paved"}}, {"type": "Feature", "geometry": {"type": "LineString", "coordinates": [[-32.4398756, -3.8551579], [-32.4398989, -3.8550982], [-32.4399092, -3.8550717]]}, "properties": {"osm_id": 1241144730, "highway": "path", "name": null, "surface": "paved"}}, {"type": "Feature", "geometry": {"type": "LineString", "coordinates": [[-32.4399209, -3.8550435], [-32.4398045, -3.8550606]]}, "properties": {"osm_id": 1241144731, "highway": "path", "name": null, "surface": "wood"}}, {"type": "Feature", "geometry": {"type": "LineString", "coordinates": [[-32.4399092, -3.8550717], [-32.4399209, -3.8550435]]}, "properties": {"osm_id": 1241144732, "highway": "path", "name": null, "surface": "paved"}}, {"type": "Feature", "geometry": {"type": "LineString", "coordinates": [[-32.4423387, -3.8543638], [-32.4423615, -3.8543537], [-32.4423634, -3.8543264], [-32.4423493, -3.8543254]]}, "properties": {"osm_id": 1241144734, "highway": "path", "name": "Trilha Sancho", "surface": "wood"}}, {"type": "Feature", "geometry": {"type": "LineString", "coordinates": [[-32.4423505, -3.8543065], [-32.4423604, -3.8542772], [-32.4423871, -3.8542309], [-32.4424052, -3.8542002], [-32.4425215, -3.8543941], [-32.4425414, -3.8542255], [-32.4426708, -3.8543328], [-32.4427224, -3.8543751]]}, "properties": {"osm_id": 1241144736, "highway": "steps", "name": "Trilha Sancho", "surface": "concrete"}}, {"type": "Feature", "geometry": {"type": "LineString", "coordinates": [[-32.4466556, -3.8583197], [-32.4466878, -3.858354], [-32.4466762, -3.8584019], [-32.4465883, -3.8583862], [-32.4466042, -3.8583081]]}, "properties": {"osm_id": 1241144738, "highway": "path", "name": null, "surface": "wood"}}, {"type": "Feature", "geometry": {"type": "LineString", "coordinates": [[-32.4297281, -3.84556], [-32.429559, -3.845465], [-32.42949, -3.845452], [-32.42931, -3.845473], [-32.429246, -3.845439], [-32.4291002, -3.8453958], [-32.428941, -3.845216], [-32.428858, -3.845201], [-32.428747, -3.845267], [-32.428661, -3.845272], [-32.428274, -3.845147], [-32.428106, -3.845051], [-32.428001, -3.845014], [-32.427836, -3.844993], [-32.427678, -3.844949], [-32.427477, -3.845005], [-32.427421, -3.844988], [-32.427295, -3.844902], [-32.427138, -3.844844], [-32.426776, -3.844659], [-32.426585, -3.844594], [-32.426499, -3.844515], [-32.426437, -3.844478], [-32.426111, -3.844423]]}, "properties": {"osm_id": 1242140525, "highway": "path", "name": null, "surface": "sand"}}, {"type": "Feature", "geometry": {"type": "LineString", "coordinates": [[-32.4146985, -3.839719], [-32.4147092, -3.8396876], [-32.4147286, -3.8396621], [-32.4148225, -3.839618], [-32.41486, -3.839612]]}, "properties": {"osm_id": 1242140528, "highway": "unclassified", "name": null, "surface": null}}, {"type": "Feature", "geometry": {"type": "LineString", "coordinates": [[-32.4002416, -3.8349387], [-32.4002631, -3.8349644], [-32.4002769, -3.8349922], [-32.4002829, -3.8350226], [-32.4002929, -3.8350801]]}, "properties": {"osm_id": 1242668090, "highway": "secondary", "name": "BR-363", "surface": "asphalt"}}, {"type": "Feature", "geometry": {"type": "LineString", "coordinates": [[-32.4058163, -3.8459124], [-32.4060244, -3.8454993], [-32.4061791, -3.8452064], [-32.4064024, -3.8447522], [-32.4064467, -3.8446536]]}, "properties": {"osm_id": 1242668091, "highway": "residential", "name": "Rua Major Costa", "surface": "asphalt"}}, {"type": "Feature", "geometry": {"type": "LineString", "coordinates": [[-32.4064467, -3.8446536], [-32.406599, -3.844271], [-32.406626, -3.844206]]}, "properties": {"osm_id": 1242668092, "highway": "residential", "name": "Rua Major Costa", "surface": "asphalt"}}, {"type": "Feature", "geometry": {"type": "LineString", "coordinates": [[-32.406626, -3.844206], [-32.4066914, -3.8443769], [-32.4067377, -3.8444512], [-32.4067806, -3.8445013], [-32.4068156, -3.8445382]]}, "properties": {"osm_id": 1242668093, "highway": "secondary", "name": "Rodovia Miguel Arraes de Alencar", "surface": "asphalt"}}, {"type": "Feature", "geometry": {"type": "LineString", "coordinates": [[-32.4109675, -3.8446131], [-32.4106494, -3.844078]]}, "properties": {"osm_id": 1242668094, "highway": "tertiary", "name": "Rua São Miguel", "surface": "asphalt"}}, {"type": "Feature", "geometry": {"type": "LineString", "coordinates": [[-32.4105657, -3.8418885], [-32.4106007, -3.8418522], [-32.4106305, -3.8418265], [-32.4106477, -3.8418108], [-32.410658, -3.8418014], [-32.410711, -3.8417669], [-32.4107573, -3.8417452]]}, "properties": {"osm_id": 1242668095, "highway": "tertiary", "name": "Rua São Miguel", "surface": "asphalt"}}, {"type": "Feature", "geometry": {"type": "LineString", "coordinates": [[-32.4107573, -3.8417452], [-32.4107382, -3.8418081], [-32.410718, -3.8418637], [-32.410705, -3.8419151], [-32.4107126, -3.8420127]]}, "properties": {"osm_id": 1242668096, "highway": "tertiary", "name": "Rua São Miguel", "surface": "asphalt"}}, {"type": "Feature", "geometry": {"type": "LineString", "coordinates": [[-32.4267697, -3.8498349], [-32.4280458, -3.8498276], [-32.4281041, -3.8498303]]}, "properties": {"osm_id": 1242668097, "highway": "secondary", "name": "Rodovia Miguel Arraes de Alencar", "surface": "asphalt"}}, {"type": "Feature", "geometry": {"type": "LineString", "coordinates": [[-32.4313644, -3.8489351], [-32.4315414, -3.8488514], [-32.4316326, -3.84881], [-32.4316856, -3.8487886]]}, "properties": {"osm_id": 1242668098, "highway": "residential", "name": "Estrada da Basinha", "surface": "ground"}}, {"type": "Feature", "geometry": {"type": "LineString", "coordinates": [[-32.4249103, -3.8526143], [-32.4247313, -3.8526737], [-32.4244955, -3.8527612], [-32.4244252, -3.8527655], [-32.4243763, -3.8527378], [-32.4243447, -3.8526936]]}, "properties": {"osm_id": 1265305157, "highway": "residential", "name": null, "surface": null}}, {"type": "Feature", "geometry": {"type": "LineString", "coordinates": [[-32.4316648, -3.8480881], [-32.4316031, -3.848262], [-32.4315602, -3.8484607], [-32.4315333, -3.8486521], [-32.4315414, -3.8488514]]}, "properties": {"osm_id": 1413836098, "highway": "service", "name": null, "surface": null}}]}