{
"type": "FeatureCollection",
"name": "hidrografia_bacia_4668",
"crs": { "type": "name", "properties": { "name": "urn:ogc:def:crs:EPSG::4674" } },
"features": [
{ "type": "Feature", "properties": { "cotrecho": 388, "cobacia": "46687342", "nome": null, "comp_km": 0.70070197, "nustrahler": 1 }, "geometry": { "type": "MultiLineString", "coordinates": [ [ [ -63.64060100001889, -16.588336099324831 ], [ -63.640601099731889, -16.594586099459075 ] ] ] } },
{ "type": "Feature", "properties": { "cotrecho": 683, "cobacia": "46689464", "nome": null, "comp_km": 4.60920579, "nustrahler": 1 }, "geometry": { "type": "MultiLineString", "coordinates": [ [ [ -63.346854700363913, -17.777926699054476 ], [ -63.340604599909433, -17.777926799138402 ], [ -63.332271099698559, -17.76959339957941 ], [ -63.332271099698559, -17.765426799213291 ], [ -63.328104399898777, -17.76126009919771 ], [ -63.328104300185778, -17.757093399647918 ], [ -63.323937600386003, -17.752926699734942 ], [ -63.319770899687903, -17.752926799832856 ] ] ] } },
{ "type": "Feature", "properties": { "cotrecho": 884, "cobacia": "46684742", "nome": null, "comp_km": 3.71220437, "nustrahler": 1 }, "geometry": { "type": "MultiLineString", "coordinates": [ [ [ -64.159364200321704, -18.06125709924212 ], [ -64.136447400381101, -18.061257199166128 ], [ -64.128113900170234, -18.052923899780573 ] ] ] } },
{ "type": "Feature", "properties": { "cotrecho": 1188, "cobacia": "46687462", "nome": null, "comp_km": 1.43265677, "nustrahler": 1 }, "geometry": { "type": "MultiLineString", "coordinates": [ [ [ -63.451019000050955, -17.188339999574019 ], [ -63.444769000207792, -17.182089999245353 ], [ -63.444769000207792, -17.177923299056957 ] ] ] } },
{ "type": "Feature", "properties": { "cotrecho": 2080, "cobacia": "46687892", "nome": null, "comp_km": 1.609931, "nustrahler": 1 }, "geometry": { "type": "MultiLineString", "coordinates": [ [ [ -63.405184800095135, -17.092506499117668 ], [ -63.394767900127874, -17.082089799816352 ] ] ] } },
{ "type": "Feature", "properties": { "cotrecho": 2457, "cobacia": "46687852", "nome": null, "comp_km": 3.14167382, "nustrahler": 1 }, "geometry": { "type": "MultiLineString", "coordinates": [ [ [ -63.413517599620093, -16.98417249929302 ], [ -63.423934300161342, -16.973755699265663 ], [ -63.428100999961146, -16.973755699265663 ], [ -63.432267699760914, -16.969588999350478 ], [ -63.436434399560689, -16.969588999350478 ] ] ] } },
{ "type": "Feature", "properties": { "cotrecho": 2938, "cobacia": "4668985", "nome": null, "comp_km": 1.28492689, "nustrahler": 2 }, "geometry": { "type": "MultiLineString", "coordinates": [ [ [ -63.694776900007497, -18.14459329977959 ], [ -63.68644339979663, -18.136259899072893 ] ] ] } },
{ "type": "Feature", "properties": { "cotrecho": 3184, "cobacia": "46689562", "nome": null, "comp_km": 0.66323004, "nustrahler": 1 }, "geometry": { "type": "MultiLineString", "coordinates": [ [ [ -63.259353099965033, -17.644593199340221 ], [ -63.253103000408871, -17.644593199340221 ] ] ] } },
{ "type": "Feature", "properties": { "cotrecho": 3763, "cobacia": "4668744", "nome": null, "comp_km": 10.20415077, "nustrahler": 1 }, "geometry": { "type": "MultiLineString", "coordinates": [ [ [ -63.58852009973193, -17.125838999446433 ], [ -63.578103199764655, -17.115422299209989 ], [ -63.573936599677879, -17.115422299209989 ], [ -63.569769800165098, -17.111255699801038 ], [ -63.569769699553781, -17.102922299289293 ], [ -63.557269699867447, -17.10292239974433 ], [ -63.544769499856805, -17.090422399562133 ], [ -63.548936099943582, -17.086255699313991 ], [ -63.548936099943582, -17.082088999520991 ], [ -63.544769400143785, -17.077922299350689 ], [ -63.544769300430801, -17.073755599687917 ], [ -63.540602599732715, -17.069588899700239 ], [ -63.53643599964591, -17.06958899931448 ] ] ] } },
{ "type": "Feature", "properties": { "cotrecho": 3931, "cobacia": "46688122", "nome": null, "comp_km": 5.87451977, "nustrahler": 1 }, "geometry": { "type": "MultiLineString", "coordinates": [ [ [ -63.271850199889641, -17.100840499681002 ], [ -63.265600100333472, -17.094590499803477 ], [ -63.265599999722177, -17.09042379915773 ], [ -63.257266600122605, -17.082090499645425 ], [ -63.257266500409607, -17.065423699672259 ], [ -63.248933000198726, -17.057090399713214 ] ] ] } },
{ "type": "Feature", "properties": { "cotrecho": 3967, "cobacia": "4668992", "nome": null, "comp_km": 7.18486193, "nustrahler": 1 }, "geometry": { "type": "MultiLineString", "coordinates": [ [ [ -63.634360000396548, -18.207093899033072 ], [ -63.623943200142286, -18.207093899033072 ], [ -63.619776500342503, -18.202927299661699 ], [ -63.61560979964441, -18.207093999727139 ], [ -63.611443099844642, -18.207093999727139 ], [ -63.607276400044839, -18.211260699112707 ], [ -63.607276499757837, -18.215427399498211 ], [ -63.603109700245071, -18.219594099150211 ], [ -63.594776299747195, -18.219594199837051 ], [ -63.590609699660398, -18.223760899579659 ], [ -63.586442900147624, -18.219594199837051 ], [ -63.582276200347842, -18.219594199837051 ] ] ] } },
{ "type": "Feature", "properties": { "cotrecho": 4178, "cobacia": "46687434", "nome": null, "comp_km": 0.66561028, "nustrahler": 1 }, "geometry": { "type": "MultiLineString", "coordinates": [ [ [ -63.601019399630665, -16.982088299255665 ], [ -63.607269500085152, -16.982088199594827 ] ] ] } },
{ "type": "Feature", "properties": { "cotrecho": 4228, "cobacia": "4668881", "nome": null, "comp_km": 2.8613166, "nustrahler": 2 }, "geometry": { "type": "MultiLineString", "coordinates": [ [ [ -62.861430800066429, -17.357093799575544 ], [ -62.865597499866233, -17.352927099116663 ], [ -62.86559740015322, -17.3487603991471 ], [ -62.873930799752777, -17.340426999066406 ], [ -62.873930799752777, -17.336260299865433 ] ] ] } },
{ "type": "Feature", "properties": { "cotrecho": 4336, "cobacia": "4668656", "nome": null, "comp_km": 8.87843794, "nustrahler": 1 }, "geometry": { "type": "MultiLineString", "coordinates": [ [ [ -63.830188699797283, -17.046670699312806 ], [ -63.823938600241121, -17.04042069941659 ], [ -63.819771900441353, -17.040420799046391 ], [ -63.807271700430697, -17.027920699801768 ], [ -63.807271700430697, -17.023753999658386 ], [ -63.803104900019598, -17.019587399145109 ], [ -63.811438299619155, -17.011253999772308 ], [ -63.815605000317255, -17.011253999772308 ], [ -63.819771700117023, -17.007087299744853 ], [ -63.819771600404039, -17.002920599811198 ], [ -63.823938300203828, -16.998753899138503 ], [ -63.823938300203828, -16.99042049911678 ] ] ] } },
{ "type": "Feature", "properties": { "cotrecho": 5768, "cobacia": "46689791", "nome": null, "comp_km": 0.44089235, "nustrahler": 4 }, "geometry": { "type": "MultiLineString", "coordinates": [ [ [ -63.478108099888829, -18.152927799669531 ], [ -63.473941400089053, -18.152927799669531 ] ] ] } },
{ "type": "Feature", "properties": { "cotrecho": 7225, "cobacia": "4668945", "nome": null, "comp_km": 14.99685401, "nustrahler": 3 }, "geometry": { "type": "MultiLineString", "coordinates": [ [ [ -63.432270600420971, -17.494591599810239 ], [ -63.432270400096662, -17.469591499836604 ], [ -63.419770299798998, -17.457091499270732 ], [ -63.411436799588131, -17.457091499270732 ], [ -63.407270099788342, -17.452924899457621 ], [ -63.411436799588131, -17.448758099829249 ], [ -63.411436799588131, -17.444591499760026 ], [ -63.415603500286217, -17.440424699062152 ], [ -63.415603399674914, -17.436258099699376 ], [ -63.394769800064701, -17.415424699200759 ], [ -63.390603100264919, -17.415424799485717 ], [ -63.386436299853834, -17.411258099166869 ], [ -63.365602799956605, -17.411258199454114 ] ] ] } },
{ "type": "Feature", "properties": { "cotrecho": 9056, "cobacia": "46689961", "nome": null, "comp_km": 1.57629767, "nustrahler": 2 }, "geometry": { "type": "MultiLineString", "coordinates": [ [ [ -63.682277699821761, -18.311260799764071 ], [ -63.682277699821761, -18.315427499049811 ], [ -63.678111099734977, -18.319594199517024 ], [ -63.678111099734977, -18.323760899433225 ] ] ] } },
{ "type": "Feature", "properties": { "cotrecho": 9628, "cobacia": "4668694", "nome": null, "comp_km": 7.74899146, "nustrahler": 1 }, "geometry": { "type": "MultiLineString", "coordinates": [ [ [ -63.601021899642099, -17.434173799292786 ], [ -63.590605100286147, -17.423757099865806 ], [ -63.569771499777616, -17.423757199289071 ], [ -63.565604799977848, -17.419590499643139 ], [ -63.565604799977848, -17.415423899492573 ], [ -63.561438100178059, -17.411257199153198 ], [ -63.553104599967192, -17.411257199153198 ], [ -63.548937900167417, -17.415423899492573 ], [ -63.54477120036762, -17.41125729944044 ] ] ] } },
{ "type": "Feature", "properties": { "cotrecho": 9914, "cobacia": "46684926", "nome": null, "comp_km": 0.96512911, "nustrahler": 1 }, "geometry": { "type": "MultiLineString", "coordinates": [ [ [ -64.321865099949378, -17.934172299442501 ], [ -64.315615000393208, -17.927922299295638 ] ] ] } },
{ "type": "Feature", "properties": { "cotrecho": 9927, "cobacia": "466875", "nome": null, "comp_km": 1.08901999, "nustrahler": 4 }, "geometry": { "type": "MultiLineString", "coordinates": [ [ [ -63.636435000006728, -16.719586799176088 ], [ -63.640601699806503, -16.715419999395813 ], [ -63.644768399606271, -16.715419999395813 ] ] ] } },
{ "type": "Feature", "properties": { "cotrecho": 9966, "cobacia": "466858", "nome": null, "comp_km": 2.26030179, "nustrahler": 1 }, "geometry": { "type": "MultiLineString", "coordinates": [ [ [ -64.076020600437417, -16.342499399475926 ], [ -64.061437100383344, -16.327916099315949 ] ] ] } },
{ "type": "Feature", "properties": { "cotrecho": 10049, "cobacia": "46688493", "nome": null, "comp_km": 13.94372164, "nustrahler": 1 }, "geometry": { "type": "MultiLineString", "coordinates": [ [ [ -63.148934399588235, -17.488342999422024 ], [ -63.148934399588235, -17.477926299838945 ], [ -63.144767600075454, -17.473759599191045 ], [ -63.144767600075454, -17.469592999379678 ], [ -63.148934299875236, -17.465426199665778 ], [ -63.148934200162252, -17.457092799249583 ], [ -63.132267300351813, -17.440426199702273 ], [ -63.128100599653713, -17.440426199702273 ], [ -63.123933800140939, -17.436259599516724 ], [ -63.123933800140939, -17.427926199372592 ], [ -63.119767100341157, -17.423759599161258 ], [ -63.111433600130283, -17.423759499737994 ], [ -63.107266900330515, -17.419592899570095 ], [ -63.107266900330515, -17.41125949975957 ], [ -63.115600299930072, -17.402926099572905 ], [ -63.115600200217074, -17.398759399725893 ], [ -63.119766900016849, -17.394592699221032 ] ] ] } },
{ "type": "Feature", "properties": { "cotrecho": 10411, "cobacia": "46687853", "nome": null, "comp_km": 2.04482385, "nustrahler": 2 }, "geometry": { "type": "MultiLineString", "coordinates": [ [ [ -63.440601199971788, -16.986255699348018 ], [ -63.440601199971788, -16.977922399483909 ], [ -63.436434500172012, -16.973755699265663 ], [ -63.436434399560689, -16.969588999350478 ] ] ] } },
{ "type": "Feature", "properties": { "cotrecho": 11459, "cobacia": "46689822", "nome": null, "comp_km": 3.50882564, "nustrahler": 1 }, "geometry": { "type": "MultiLineString", "coordinates": [ [ [ -63.601025800127061, -18.111260299471176 ], [ -63.611442499770021, -18.111260299471176 ], [ -63.615609199569796, -18.10709349980441 ], [ -63.632275999667243, -18.10709349980441 ] ] ] } },
{ "type": "Feature", "properties": { "cotrecho": 11467, "cobacia": "4668762", "nome": null, "comp_km": 10.16851837, "nustrahler": 1 }, "geometry": { "type": "MultiLineString", "coordinates": [ [ [ -63.501017099757824, -16.725837499212741 ], [ -63.507267099601002, -16.719587399692223 ], [ -63.507267099601002, -16.715420699726472 ], [ -63.519767100185682, -16.702920599415982 ], [ -63.519767100185682, -16.698753899548219 ], [ -63.52393379998545, -16.694587199124626 ], [ -63.528100499785225, -16.694587199124626 ], [ -63.532267199585007, -16.698753799738057 ], [ -63.553100800093524, -16.698753699067524 ], [ -63.561434099980097, -16.6904202994027 ], [ -63.565600799779872, -16.6904202994027 ], [ -63.569767600190971, -16.694586899687685 ] ] ] } },
{ "type": "Feature", "properties": { "cotrecho": 12491, "cobacia": "46687895", "nome": null, "comp_km": 7.51735429, "nustrahler": 1 }, "geometry": { "type": "MultiLineString", "coordinates": [ [ [ -63.373934899693943, -17.180006999434692 ], [ -63.373934899693943, -17.169590299158493 ], [ -63.369768199894175, -17.165423599550493 ], [ -63.369768100181176, -17.161256899041085 ], [ -63.373934799980951, -17.157090199373108 ], [ -63.373934799980951, -17.148756899663354 ], [ -63.382268099867524, -17.140423499775096 ], [ -63.369767899856868, -17.127923499160818 ], [ -63.365601200057093, -17.127923399577771 ] ] ] } },
{ "type": "Feature", "properties": { "cotrecho": 12610, "cobacia": "466895957", "nome": null, "comp_km": 0.64250811, "nustrahler": 4 }, "geometry": { "type": "MultiLineString", "coordinates": [ [ [ -63.369772500129429, -17.944594099087542 ], [ -63.365605800329654, -17.94042739905651 ] ] ] } },
{ "type": "Feature", "properties": { "cotrecho": 12612, "cobacia": "4668488", "nome": null, "comp_km": 1.10026069, "nustrahler": 1 }, "geometry": { "type": "MultiLineString", "coordinates": [ [ [ -64.00936520031722, -18.465426399748758 ], [ -64.019781999673185, -18.465426299205014 ] ] ] } },
{ "type": "Feature", "properties": { "cotrecho": 12839, "cobacia": "466895954", "nome": null, "comp_km": 2.0481655, "nustrahler": 1 }, "geometry": { "type": "MultiLineString", "coordinates": [ [ [ -63.301021299908697, -17.855010699124378 ], [ -63.290604499654435, -17.84459399957198 ], [ -63.286437799854632, -17.84459399957198 ] ] ] } },
{ "type": "Feature", "properties": { "cotrecho": 13086, "cobacia": "46689512", "nome": null, "comp_km": 2.73594424, "nustrahler": 1 }, "geometry": { "type": "MultiLineString", "coordinates": [ [ [ -63.29268529968639, -17.396675199401912 ], [ -63.298935300427871, -17.390425099682936 ], [ -63.315602200238303, -17.390424999384265 ] ] ] } },
{ "type": "Feature", "properties": { "cotrecho": 14230, "cobacia": "46684498", "nome": null, "comp_km": 4.83688673, "nustrahler": 1 }, "geometry": { "type": "MultiLineString", "coordinates": [ [ [ -63.863527300015029, -17.927924699285192 ], [ -63.857277199560549, -17.92792479928476 ], [ -63.853110499760781, -17.923758099205799 ], [ -63.819776799852903, -17.923758299209641 ] ] ] } },
{ "type": "Feature", "properties": { "cotrecho": 14582, "cobacia": "4668893", "nome": null, "comp_km": 4.54379376, "nustrahler": 2 }, "geometry": { "type": "MultiLineString", "coordinates": [ [ [ -62.928098199882193, -17.369593599264569 ], [ -62.923931400369405, -17.369593599264569 ], [ -62.919764800282621, -17.365426899203857 ], [ -62.915598099584521, -17.369593599264569 ], [ -62.911431399784746, -17.365426999516227 ], [ -62.907264600271965, -17.365426999516227 ], [ -62.903097899573872, -17.361260299868039 ], [ -62.89893119977409, -17.361260299868039 ], [ -62.894764400261323, -17.357093699258613 ] ] ] } },
{ "type": "Feature", "properties": { "cotrecho": 14763, "cobacia": "46689952", "nome": null, "comp_km": 2.04530345, "nustrahler": 1 }, "geometry": { "type": "MultiLineString", "coordinates": [ [ [ -63.588526899978632, -18.321677999065557 ], [ -63.598943599621585, -18.31126119974039 ], [ -63.603110300319685, -18.31126119974039 ] ] ] } },
{ "type": "Feature", "properties": { "cotrecho": 14876, "cobacia": "4668486", "nome": null, "comp_km": 6.82399611, "nustrahler": 1 }, "geometry": { "type": "MultiLineString", "coordinates": [ [ [ -64.00936490027992, -18.415426199811208 ], [ -64.015614900123111, -18.415426099238204 ], [ -64.019781599922879, -18.411259399432556 ], [ -64.023948299722662, -18.411259399432556 ], [ -64.023948299722662, -18.407092699337042 ], [ -64.032281700220537, -18.398759299236442 ], [ -64.032281599609234, -18.386259199715333 ], [ -64.044781600193886, -18.373759099038466 ] ] ] } },
{ "type": "Feature", "properties": { "cotrecho": 15816, "cobacia": "46689932", "nome": null, "comp_km": 4.89130132, "nustrahler": 1 }, "geometry": { "type": "MultiLineString", "coordinates": [ [ [ -63.626026899935972, -18.263344199129182 ], [ -63.61977680037981, -18.257094199067691 ], [ -63.603109899671061, -18.257094299732849 ], [ -63.598943199871265, -18.252927599353768 ], [ -63.594776599784488, -18.252927599353768 ], [ -63.590609800271721, -18.257094399544901 ], [ -63.586443099573621, -18.257094299732849 ] ] ] } },
{ "type": "Feature", "properties": { "cotrecho": 16287, "cobacia": "46684197", "nome": null, "comp_km": 4.674159, "nustrahler": 4 }, "geometry": { "type": "MultiLineString", "coordinates": [ [ [ -63.873940899571942, -17.377922099257969 ], [ -63.873940700145951, -17.336255199413809 ] ] ] } },
{ "type": "Feature", "properties": { "cotrecho": 16865, "cobacia": "4668697", "nome": null, "comp_km": 3.97404092, "nustrahler": 2 }, "geometry": { "type": "MultiLineString", "coordinates": [ [ [ -63.540605300068457, -17.561257999518496 ], [ -63.536438600268674, -17.557091399801141 ], [ -63.536438600268674, -17.548757999285392 ], [ -63.532271799857575, -17.544591299600967 ], [ -63.532271799857575, -17.54042459919204 ], [ -63.540605200355458, -17.532091199732626 ] ] ] } },
{ "type": "Feature", "properties": { "cotrecho": 17958, "cobacia": "46684193", "nome": null, "comp_km": 2.8665319, "nustrahler": 4 }, "geometry": { "type": "MultiLineString", "coordinates": [ [ [ -63.869773899734852, -17.319588499262213 ], [ -63.869773800021868, -17.311255099258403 ], [ -63.882273900319525, -17.29875499981846 ] ] ] } },
{ "type": "Feature", "properties": { "cotrecho": 18079, "cobacia": "46689772", "nome": null, "comp_km": 7.80348643, "nustrahler": 1 }, "geometry": { "type": "MultiLineString", "coordinates": [ [ [ -63.52185820030067, -18.098760699592184 ], [ -63.511441400046394, -18.098760699592184 ], [ -63.507274700246619, -18.094594099708022 ], [ -63.503108000446851, -18.094594099708022 ], [ -63.49894140036006, -18.098760799494841 ], [ -63.490607900149193, -18.098760799494841 ], [ -63.486441200349418, -18.102927499297657 ], [ -63.482274499651304, -18.10292759919794 ], [ -63.478107799851529, -18.107094299841499 ], [ -63.473941100051746, -18.107094299841499 ], [ -63.469774400251971, -18.111260999593707 ], [ -63.461440999754103, -18.102927699098228 ] ] ] } },
{ "type": "Feature", "properties": { "cotrecho": 19046, "cobacia": "4668891", "nome": null, "comp_km": 3.21545895, "nustrahler": 2 }, "geometry": { "type": "MultiLineString", "coordinates": [ [ [ -62.894764400261323, -17.357093699258613 ], [ -62.873930799752777, -17.336260299865433 ] ] ] } },
{ "type": "Feature", "properties": { "cotrecho": 19082, "cobacia": "4668872", "nome": null, "comp_km": 7.74852263, "nustrahler": 1 }, "geometry": { "type": "MultiLineString", "coordinates": [ [ [ -62.961431599752757, -17.32167649980277 ], [ -62.961431599752757, -17.315426499426113 ], [ -62.953098100440187, -17.307093099399307 ], [ -62.919764399633998, -17.307093299230161 ], [ -62.91559769983423, -17.3029265995191 ], [ -62.915597600121217, -17.298759899755794 ], [ -62.911430900321442, -17.294593299459901 ], [ -62.911430900321442, -17.290426599673282 ] ] ] } },
{ "type": "Feature", "properties": { "cotrecho": 20044, "cobacia": "4668731", "nome": null, "comp_km": 1.5347364, "nustrahler": 4 }, "geometry": { "type": "MultiLineString", "coordinates": [ [ [ -63.757268599802643, -16.536251899780478 ], [ -63.765602000300504, -16.536251899780478 ], [ -63.769768700100286, -16.540418599516144 ] ] ] } },
{ "type": "Feature", "properties": { "cotrecho": 20431, "cobacia": "4668473", "nome": null, "comp_km": 6.37199858, "nustrahler": 3 }, "geometry": { "type": "MultiLineString", "coordinates": [ [ [ -64.10728029966171, -18.040423999237063 ], [ -64.103113599861928, -18.036257299848298 ], [ -64.103113500148936, -18.027923899785954 ], [ -64.107280199948718, -18.023757199165701 ], [ -64.098946699737837, -18.015423899393344 ], [ -64.098946699737837, -18.011257199492707 ], [ -64.090613300138287, -18.002923899698501 ], [ -64.090613200425295, -17.998757199049194 ], [ -64.086446499727188, -17.994590499057274 ] ] ] } },
{ "type": "Feature", "properties": { "cotrecho": 20523, "cobacia": "46684943", "nome": null, "comp_km": 2.83771831, "nustrahler": 2 }, "geometry": { "type": "MultiLineString", "coordinates": [ [ [ -64.278116000260766, -18.16125689933553 ], [ -64.273949299562673, -18.157090199451723 ], [ -64.269782599762891, -18.157090199451723 ], [ -64.261449099552024, -18.148756899362883 ], [ -64.261449099552024, -18.144590299216222 ] ] ] } },
{ "type": "Feature", "properties": { "cotrecho": 20780, "cobacia": "4668791", "nome": null, "comp_km": 12.14615054, "nustrahler": 4 }, "geometry": { "type": "MultiLineString", "coordinates": [ [ [ -63.394767000015946, -16.902922199337379 ], [ -63.403100299902519, -16.902922199337379 ], [ -63.407267100313618, -16.898755499129219 ], [ -63.411433800113393, -16.898755399424221 ], [ -63.415600499913175, -16.894588699127819 ], [ -63.41976719971295, -16.894588699127819 ], [ -63.423933900411065, -16.890421999631027 ], [ -63.440600699610165, -16.890421899062044 ], [ -63.444767400308265, -16.886255199529231 ], [ -63.44476729969697, -16.877921799606852 ], [ -63.44893410010804, -16.873755099269474 ], [ -63.490601099902484, -16.873754899833056 ] ] ] } },
{ "type": "Feature", "properties": { "cotrecho": 20864, "cobacia": "46689471", "nome": null, "comp_km": 20.46395771, "nustrahler": 2 }, "geometry": { "type": "MultiLineString", "coordinates": [ [ [ -63.46560500011644, -17.636258799596153 ], [ -63.461438300316672, -17.632092099827389 ], [ -63.461438300316672, -17.623758699045403 ], [ -63.457271499905573, -17.619592099113504 ], [ -63.453104800105798, -17.619592099113504 ], [ -63.444771299894917, -17.61125879979295 ], [ -63.444771299894917, -17.602925399135064 ], [ -63.440604500382136, -17.602925399135064 ], [ -63.440604600095128, -17.598758699291661 ], [ -63.436437799684043, -17.594592099422453 ], [ -63.436437799684043, -17.590425399184081 ], [ -63.432271099884261, -17.586258699643071 ], [ -63.432271000171262, -17.582091999113256 ], [ -63.436437699971059, -17.577925299333788 ], [ -63.436437600258053, -17.561258599032953 ], [ -63.43227089955996, -17.557091899122522 ], [ -63.436437600258053, -17.552925099055656 ], [ -63.436437499646736, -17.536258399176923 ], [ -63.432270799846968, -17.532091799343586 ], [ -63.432270799846968, -17.52792509950325 ], [ -63.436437399933737, -17.523758399044059 ], [ -63.440604099733541, -17.523758399044059 ], [ -63.448937500231402, -17.515424999801557 ], [ -63.440604000020514, -17.507091599257489 ], [ -63.436437300220746, -17.507091599257489 ], [ -63.432270700133969, -17.502924999764005 ], [ -63.432270600420971, -17.494591599810239 ] ] ] } },
{ "type": "Feature", "properties": { "cotrecho": 21221, "cobacia": "4668922", "nome": null, "comp_km": 4.43382527, "nustrahler": 1 }, "geometry": { "type": "MultiLineString", "coordinates": [ [ [ -63.307268099952829, -17.27584119954782 ], [ -63.307267899628506, -17.236257599454984 ] ] ] } },
{ "type": "Feature", "properties": { "cotrecho": 21259, "cobacia": "46689472", "nome": null, "comp_km": 3.31316131, "nustrahler": 1 }, "geometry": { "type": "MultiLineString", "coordinates": [ [ [ -63.486438599726668, -17.650842099116531 ], [ -63.486438599726668, -17.644591999152389 ], [ -63.478105200127096, -17.636258699433185 ], [ -63.46560500011644, -17.636258799596153 ] ] ] } },
{ "type": "Feature", "properties": { "cotrecho": 21833, "cobacia": "4668655", "nome": null, "comp_km": 2.41926953, "nustrahler": 3 }, "geometry": { "type": "MultiLineString", "coordinates": [ [ [ -63.823938300203828, -16.99042049911678 ], [ -63.836438399603168, -16.990420399460334 ], [ -63.840605100301246, -16.986253699302321 ], [ -63.844771800101043, -16.986253699302321 ] ] ] } },
{ "type": "Feature", "properties": { "cotrecho": 23043, "cobacia": "46684196", "nome": null, "comp_km": 10.43039074, "nustrahler": 1 }, "geometry": { "type": "MultiLineString", "coordinates": [ [ [ -63.917691500345398, -17.400838599362277 ], [ -63.911441399890919, -17.394588699367041 ], [ -63.911441300177906, -17.386255299735936 ], [ -63.90727460037813, -17.382088599039008 ], [ -63.907274499766821, -17.369588599192809 ], [ -63.894774400367488, -17.369588599192809 ], [ -63.890607699669388, -17.365421999330742 ], [ -63.890607699669388, -17.36125529956886 ], [ -63.886440900156607, -17.357088599386255 ], [ -63.882274200356818, -17.357088599386255 ], [ -63.882274099745523, -17.340421899588055 ], [ -63.878107399945726, -17.336255199413809 ], [ -63.873940700145951, -17.336255199413809 ] ] ] } },
{ "type": "Feature", "properties": { "cotrecho": 23283, "cobacia": "46684581", "nome": null, "comp_km": 19.15126948, "nustrahler": 2 }, "geometry": { "type": "MultiLineString", "coordinates": [ [ [ -63.919778099900832, -17.973757999376531 ], [ -63.919778099900832, -17.969591299641046 ], [ -63.923944699987608, -17.965424599040844 ], [ -63.923944699987608, -17.961257899311576 ], [ -63.928111399787383, -17.957091199625399 ], [ -63.928111399787383, -17.952924499154463 ], [ -63.944778199884823, -17.936257699356194 ], [ -63.944778100171831, -17.927924299286943 ], [ -63.948944700258615, -17.923757599196225 ], [ -63.948944700258615, -17.91125749987431 ], [ -63.95727800014518, -17.902924099247713 ], [ -63.961444799657961, -17.902924099247713 ], [ -63.969778100442838, -17.894590699431483 ], [ -63.973944899955619, -17.894590699431483 ], [ -63.978111500042395, -17.890423899766294 ], [ -63.982278199842177, -17.890423899766294 ], [ -63.986444899641953, -17.886257199760824 ], [ -63.990611600340067, -17.890423899766294 ], [ -64.007278400437485, -17.873756999538379 ], [ -64.007278299826169, -17.861256999671316 ], [ -64.003111500313409, -17.857090299610398 ], [ -64.003111600026401, -17.852923599403749 ] ] ] } },
{ "type": "Feature", "properties": { "cotrecho": 23336, "cobacia": "4668923", "nome": null, "comp_km": 19.08015939, "nustrahler": 1 }, "geometry": { "type": "MultiLineString", "coordinates": [ [ [ -63.378102600216955, -17.359174499650067 ], [ -63.378102499605639, -17.344591199316387 ], [ -63.373935799805871, -17.340424499490286 ], [ -63.369769100006081, -17.340424499490286 ], [ -63.365602400206313, -17.336257799375041 ], [ -63.365602400206313, -17.332091199327628 ], [ -63.36976900029309, -17.327924399240047 ], [ -63.36976900029309, -17.323757699272967 ], [ -63.365602299594997, -17.319591099459448 ], [ -63.365602299594997, -17.315424399153265 ], [ -63.369768899681787, -17.311257699573513 ], [ -63.369768899681787, -17.30709099988891 ], [ -63.365602199881991, -17.302924399614604 ], [ -63.365602100168992, -17.290424299265975 ], [ -63.357268599958118, -17.282090899694943 ], [ -63.357268599958118, -17.277924199157432 ], [ -63.35310190015835, -17.273757599087954 ], [ -63.348935200358561, -17.273757599087954 ], [ -63.340601700147694, -17.265424299875381 ], [ -63.332268299649819, -17.265424299875381 ], [ -63.323934800337248, -17.257090999694174 ], [ -63.319768099639163, -17.257090999694174 ], [ -63.315601399839373, -17.252924399707382 ], [ -63.315601399839373, -17.240424199079424 ], [ -63.311434600326606, -17.236257599454984 ], [ -63.307267899628506, -17.236257599454984 ] ] ] } },
{ "type": "Feature", "properties": { "cotrecho": 23453, "cobacia": "46684832", "nome": null, "comp_km": 0.96408836, "nustrahler": 1 }, "geometry": { "type": "MultiLineString", "coordinates": [ [ [ -64.084364399833007, -18.205008199810241 ], [ -64.078114300276852, -18.198758099391657 ] ] ] } },
{ "type": "Feature", "properties": { "cotrecho": 23827, "cobacia": "4668745", "nome": null, "comp_km": 3.15592016, "nustrahler": 3 }, "geometry": { "type": "MultiLineString", "coordinates": [ [ [ -63.528102600046367, -17.094589199840065 ], [ -63.528102600046367, -17.077922399819169 ], [ -63.53643599964591, -17.06958899931448 ] ] ] } },
{ "type": "Feature", "properties": { "cotrecho": 24164, "cobacia": "4668723", "nome": null, "comp_km": 13.43907364, "nustrahler": 3 }, "geometry": { "type": "MultiLineString", "coordinates": [ [ [ -63.757269599627548, -16.723752799889763 ], [ -63.75726949991455, -16.702919399139219 ], [ -63.761436100001326, -16.698752699245301 ], [ -63.761436100001326, -16.690419299536867 ], [ -63.757269400201558, -16.686252699591041 ], [ -63.757268899839936, -16.607085599484474 ] ] ] } },
{ "type": "Feature", "properties": { "cotrecho": 24184, "cobacia": "46689475", "nome": null, "comp_km": 8.36219157, "nustrahler": 2 }, "geometry": { "type": "MultiLineString", "coordinates": [ [ [ -63.453105299569103, -17.707092499094813 ], [ -63.453105199856083, -17.694592399272967 ], [ -63.448938500056308, -17.69042579978473 ], [ -63.444771800256532, -17.69042579978473 ], [ -63.440605099558432, -17.686259099371501 ], [ -63.453105100143098, -17.673758999620926 ], [ -63.448938400343323, -17.669592399862648 ], [ -63.448938299732006, -17.665425699300275 ], [ -63.453105000430099, -17.661258999814294 ], [ -63.453105000430099, -17.657092299719288 ], [ -63.457271700229882, -17.652925599041726 ], [ -63.461438400029657, -17.652925599041726 ] ] ] } },
{ "type": "Feature", "properties": { "cotrecho": 24359, "cobacia": "4668768", "nome": null, "comp_km": 6.55178581, "nustrahler": 1 }, "geometry": { "type": "MultiLineString", "coordinates": [ [ [ -63.280182199913995, -16.836255799058083 ], [ -63.286432199757165, -16.836255699320105 ], [ -63.290598899556933, -16.832088999162288 ], [ -63.294765600255047, -16.832088999162288 ], [ -63.303098999854605, -16.82375559986685 ], [ -63.307265599941381, -16.823755499262404 ], [ -63.31143240035248, -16.819588899061667 ], [ -63.319765799952023, -16.819588899061667 ], [ -63.32393249975182, -16.823755499262404 ], [ -63.332265900249695, -16.823755399517839 ] ] ] } },
{ "type": "Feature", "properties": { "cotrecho": 25022, "cobacia": "46689931", "nome": null, "comp_km": 4.72859494, "nustrahler": 3 }, "geometry": { "type": "MultiLineString", "coordinates": [ [ [ -63.586443099573621, -18.257094299732849 ], [ -63.582276399773846, -18.252927699168183 ], [ -63.582276300060848, -18.244594399602406 ], [ -63.578109600261065, -18.240427699797038 ], [ -63.578109499649749, -18.223760899579659 ], [ -63.582276200347842, -18.219594199837051 ] ] ] } },
{ "type": "Feature", "properties": { "cotrecho": 25347, "cobacia": "4668496", "nome": null, "comp_km": 5.52711689, "nustrahler": 1 }, "geometry": { "type": "MultiLineString", "coordinates": [ [ [ -64.209365899577932, -18.250840999243501 ], [ -64.203115800021749, -18.244590999776602 ], [ -64.198948999610678, -18.244590999776602 ], [ -64.186448799600015, -18.232090999846044 ], [ -64.182282200411549, -18.232091099672452 ], [ -64.173948700200683, -18.223757799693388 ], [ -64.173948599589366, -18.21959099918972 ] ] ] } },
{ "type": "Feature", "properties": { "cotrecho": 26620, "cobacia": "4668276", "nome": null, "comp_km": 2.72851247, "nustrahler": 1 }, "geometry": { "type": "MultiLineString", "coordinates": [ [ [ -64.269773100078766, -16.454998999207596 ], [ -64.26977300036576, -16.440415599545634 ], [ -64.273939799878548, -16.436248899786513 ], [ -64.278106399965324, -16.436248899786513 ] ] ] } },
{ "type": "Feature", "properties": { "cotrecho": 26912, "cobacia": "4668965", "nome": null, "comp_km": 3.49190829, "nustrahler": 2 }, "geometry": { "type": "MultiLineString", "coordinates": [ [ [ -63.507273999560702, -17.961260099742056 ], [ -63.49477380044835, -17.961260199722755 ], [ -63.490607099750278, -17.957093499236262 ], [ -63.486440399950482, -17.961260199722755 ], [ -63.478107000350931, -17.961260299703479 ] ] ] } },
{ "type": "Feature", "properties": { "cotrecho": 27085, "cobacia": "46687132", "nome": null, "comp_km": 5.97584907, "nustrahler": 1 }, "geometry": { "type": "MultiLineString", "coordinates": [ [ [ -63.901019700225085, -16.488334299222547 ], [ -63.894769599770605, -16.482084299475993 ], [ -63.89060289997083, -16.482084299475993 ], [ -63.886436200171033, -16.477917699793654 ], [ -63.886436099559731, -16.452917499605839 ], [ -63.890602699646507, -16.448750799389771 ], [ -63.890602699646507, -16.44458419925499 ] ] ] } },
{ "type": "Feature", "properties": { "cotrecho": 29217, "cobacia": "46689771", "nome": null, "comp_km": 1.5760862, "nustrahler": 4 }, "geometry": { "type": "MultiLineString", "coordinates": [ [ [ -63.461440999754103, -18.102927699098228 ], [ -63.457274200241308, -18.098760999300129 ], [ -63.457274200241308, -18.090427699686138 ] ] ] } },
{ "type": "Feature", "properties": { "cotrecho": 29627, "cobacia": "4668735", "nome": null, "comp_km": 4.33695206, "nustrahler": 4 }, "geometry": { "type": "MultiLineString", "coordinates": [ [ [ -63.707268399834618, -16.590419099139531 ], [ -63.707268300121633, -16.586252399393516 ], [ -63.732268400105639, -16.561252199712658 ] ] ] } },
{ "type": "Feature", "properties": { "cotrecho": 29769, "cobacia": "4668272", "nome": null, "comp_km": 6.26642002, "nustrahler": 1 }, "geometry": { "type": "MultiLineString", "coordinates": [ [ [ -64.246855900387857, -16.388332099597612 ], [ -64.253105900231034, -16.382082099256504 ], [ -64.273939400128242, -16.382081999282416 ], [ -64.278106099928024, -16.377915299748683 ], [ -64.282272799727807, -16.38208189930829 ], [ -64.298939599825246, -16.382081799334198 ] ] ] } },
{ "type": "Feature", "properties": { "cotrecho": 30318, "cobacia": "4668974", "nome": null, "comp_km": 18.19098751, "nustrahler": 1 }, "geometry": { "type": "MultiLineString", "coordinates": [ [ [ -63.580191799868238, -18.044593399782425 ], [ -63.569774999613962, -18.044593499715909 ], [ -63.565608400425504, -18.048760199792124 ], [ -63.540608100117183, -18.048760299723234 ], [ -63.53227480023061, -18.057093699146449 ], [ -63.528108100430842, -18.057093799072828 ], [ -63.523941399732749, -18.061260499220431 ], [ -63.519774699932967, -18.061260499220431 ], [ -63.5156079004202, -18.065427199624661 ], [ -63.498941100322753, -18.0654272995463 ], [ -63.494774399624653, -18.061260599144436 ], [ -63.494774299911654, -18.04876049958547 ], [ -63.490607600111879, -18.044593899449815 ], [ -63.482274199614011, -18.044593899449815 ], [ -63.473940800014454, -18.052927399848851 ], [ -63.444773899619364, -18.052927499777599 ], [ -63.44060719981956, -18.057094199632363 ] ] ] } },
{ "type": "Feature", "properties": { "cotrecho": 30953, "cobacia": "46689465", "nome": null, "comp_km": 5.89393766, "nustrahler": 1 }, "geometry": { "type": "MultiLineString", "coordinates": [ [ [ -63.321854400055607, -17.78626019927982 ], [ -63.315604400212429, -17.786260299359075 ], [ -63.311437700412654, -17.782093599124263 ], [ -63.307270999714554, -17.782093599124263 ], [ -63.303104200201787, -17.777926999306253 ], [ -63.303104200201787, -17.773760299766113 ], [ -63.307270900001555, -17.76959359975659 ], [ -63.307270900001555, -17.765426899304213 ], [ -63.319770899687903, -17.752926799832856 ] ] ] } },
{ "type": "Feature", "properties": { "cotrecho": 32341, "cobacia": "4668954", "nome": null, "comp_km": 14.66002951, "nustrahler": 1 }, "geometry": { "type": "MultiLineString", "coordinates": [ [ [ -63.261436099971121, -17.584176199739414 ], [ -63.261436000258122, -17.573759499540696 ], [ -63.257269299560036, -17.569592799649296 ], [ -63.257269199847038, -17.565426199077052 ], [ -63.253102500047248, -17.561259499161089 ], [ -63.253102299722954, -17.532092699616619 ], [ -63.261435700220829, -17.523759299358456 ], [ -63.244768800410384, -17.507092599032315 ], [ -63.244768699799081, -17.498759199157281 ], [ -63.236435199588215, -17.490425899503776 ], [ -63.2406019002863, -17.486259199829387 ], [ -63.2406019002863, -17.482092499800309 ], [ -63.232268499788418, -17.473759199036458 ] ] ] } },
{ "type": "Feature", "properties": { "cotrecho": 33132, "cobacia": "4668277", "nome": null, "comp_km": 8.31084118, "nustrahler": 2 }, "geometry": { "type": "MultiLineString", "coordinates": [ [ [ -64.278106799715644, -16.507082599088456 ], [ -64.278106700002638, -16.490415799151087 ], [ -64.273940000202842, -16.486249199584964 ], [ -64.273939899591539, -16.469582399246683 ], [ -64.278106600289632, -16.465415699552871 ], [ -64.278106399965324, -16.436248899786513 ] ] ] } },
{ "type": "Feature", "properties": { "cotrecho": 33286, "cobacia": "4668852", "nome": null, "comp_km": 4.44848092, "nustrahler": 1 }, "geometry": { "type": "MultiLineString", "coordinates": [ [ [ -63.009348099927067, -17.213342399727775 ], [ -63.003098000370876, -17.207092299570565 ], [ -63.003098000370876, -17.202925599853643 ], [ -62.990597800360234, -17.190425699088856 ], [ -62.986431099662134, -17.190425699088856 ], [ -62.982264399862359, -17.186258999274639 ] ] ] } },
{ "type": "Feature", "properties": { "cotrecho": 33416, "cobacia": "4668682", "nome": null, "comp_km": 1.89956033, "nustrahler": 1 }, "geometry": { "type": "MultiLineString", "coordinates": [ [ [ -63.617688399702217, -17.367506699603396 ], [ -63.623938400443727, -17.36125659937229 ], [ -63.623938299832403, -17.352923299848367 ] ] ] } },
{ "type": "Feature", "properties": { "cotrecho": 33525, "cobacia": "4668224", "nome": null, "comp_km": 2.89599356, "nustrahler": 1 }, "geometry": { "type": "MultiLineString", "coordinates": [ [ [ -64.30935549996758, -16.198747599635595 ], [ -64.336439100319296, -16.19874739950032 ] ] ] } },
{ "type": "Feature", "properties": { "cotrecho": 33745, "cobacia": "46689462", "nome": null, "comp_km": 23.62692009, "nustrahler": 1 }, "geometry": { "type": "MultiLineString", "coordinates": [ [ [ -63.384354899747258, -17.746676399095918 ], [ -63.378104800191096, -17.740426399583512 ], [ -63.382271400277872, -17.736259699334067 ], [ -63.382271400277872, -17.727926299025828 ], [ -63.386438100077655, -17.723759599875827 ], [ -63.386438000364656, -17.719592899719252 ], [ -63.38227129966657, -17.715426199438369 ], [ -63.382271199953571, -17.694592799794911 ], [ -63.378104500153789, -17.690426199460113 ], [ -63.37810440044079, -17.677926099394206 ], [ -63.382271100240573, -17.67375939933337 ], [ -63.382270999629249, -17.665425999740474 ], [ -63.390604400127131, -17.657092599317419 ], [ -63.390604400127131, -17.652925899502822 ], [ -63.39477109992692, -17.648759199132176 ], [ -63.394771000213922, -17.644592499087956 ], [ -63.398937700013697, -17.640425799396763 ], [ -63.398937700013697, -17.636259099228937 ], [ -63.407271099613268, -17.627925699281622 ], [ -63.40727099990027, -17.61125899929042 ], [ -63.411437699700038, -17.607092299098507 ], [ -63.411437599987046, -17.602925599498018 ], [ -63.403104200387489, -17.594592199608556 ], [ -63.407270900187271, -17.590425499372493 ], [ -63.386437199965741, -17.56959219930603 ] ] ] } },
{ "type": "Feature", "properties": { "cotrecho": 33764, "cobacia": "4668684", "nome": null, "comp_km": 6.9616346, "nustrahler": 1 }, "geometry": { "type": "MultiLineString", "coordinates": [ [ [ -63.646855600134629, -17.421673499223981 ], [ -63.653105599977799, -17.415423399782096 ], [ -63.657272299777595, -17.415423399782096 ], [ -63.661438999577371, -17.411256699431323 ], [ -63.657272299777595, -17.407089999200828 ], [ -63.657272200064583, -17.390423299450458 ], [ -63.669772199750945, -17.377923199189414 ], [ -63.669772199750945, -17.373756499158116 ] ] ] } },
{ "type": "Feature", "properties": { "cotrecho": 34521, "cobacia": "46689823", "nome": null, "comp_km": 7.83428135, "nustrahler": 1 }, "geometry": { "type": "MultiLineString", "coordinates": [ [ [ -63.66352610039273, -18.059176399246933 ], [ -63.657275999938236, -18.065426499319205 ], [ -63.657276099651234, -18.073759799198886 ], [ -63.653109399851459, -18.077926499377547 ], [ -63.653109499564458, -18.086259899303272 ], [ -63.657276200262558, -18.090426599850783 ], [ -63.653109499564458, -18.094593299613873 ], [ -63.653109499564458, -18.098759999419737 ], [ -63.648942799764683, -18.102926699241568 ], [ -63.636442700365329, -18.102926799141859 ], [ -63.632275999667243, -18.10709349980441 ] ] ] } },
{ "type": "Feature", "properties": { "cotrecho": 34813, "cobacia": "46689783", "nome": null, "comp_km": 5.22374661, "nustrahler": 1 }, "geometry": { "type": "MultiLineString", "coordinates": [ [ [ -63.459358299785308, -18.221678199568796 ], [ -63.453108200229146, -18.215428199039209 ], [ -63.453108200229146, -18.202928099260077 ], [ -63.448941399818047, -18.198761499259522 ], [ -63.448941399818047, -18.194594799642857 ], [ -63.453108099617829, -18.190428099426658 ], [ -63.453108099617829, -18.186261399491098 ], [ -63.457274800315922, -18.182094699862972 ] ] ] } },
{ "type": "Feature", "properties": { "cotrecho": 36076, "cobacia": "46687464", "nome": null, "comp_km": 1.40894842, "nustrahler": 1 }, "geometry": { "type": "MultiLineString", "coordinates": [ [ [ -63.409352000256526, -17.188340199533499 ], [ -63.415602099812688, -17.194590199222436 ], [ -63.419768799612484, -17.194590199222436 ] ] ] } },
{ "type": "Feature", "properties": { "cotrecho": 36258, "cobacia": "4668733", "nome": null, "comp_km": 3.87011934, "nustrahler": 4 }, "geometry": { "type": "MultiLineString", "coordinates": [ [ [ -63.732268400105639, -16.561252199712658 ], [ -63.757268599802643, -16.536251899780478 ] ] ] } },
{ "type": "Feature", "properties": { "cotrecho": 36880, "cobacia": "4668631", "nome": null, "comp_km": 6.96895548, "nustrahler": 3 }, "geometry": { "type": "MultiLineString", "coordinates": [ [ [ -64.02810399965179, -16.423749999623624 ], [ -64.028103800225779, -16.394583199882099 ], [ -64.032270500025575, -16.390416499651671 ], [ -64.028103800225779, -16.386249799060906 ], [ -64.028103800225779, -16.382083199833442 ], [ -64.040603799912134, -16.369582999644351 ] ] ] } },
{ "type": "Feature", "properties": { "cotrecho": 37320, "cobacia": "46684512", "nome": null, "comp_km": 6.3717351, "nustrahler": 1 }, "geometry": { "type": "MultiLineString", "coordinates": [ [ [ -63.940609799574219, -17.646672999831505 ], [ -63.94060969986122, -17.640422999179055 ], [ -63.944776399660995, -17.636256299802589 ], [ -63.944776299947996, -17.623756199078517 ], [ -63.948942999747793, -17.619589499772804 ], [ -63.94894290003478, -17.598756099650959 ], [ -63.944776099623695, -17.594589399535721 ] ] ] } },
{ "type": "Feature", "properties": { "cotrecho": 37837, "cobacia": "46684921", "nome": null, "comp_km": 3.65544473, "nustrahler": 2 }, "geometry": { "type": "MultiLineString", "coordinates": [ [ [ -64.228115099606853, -18.094590199142377 ], [ -64.215615000207507, -18.107090299656093 ], [ -64.21144840012073, -18.107090399554004 ], [ -64.207281599709631, -18.102923699671567 ], [ -64.203114899909849, -18.107090399554004 ] ] ] } },
{ "type": "Feature", "properties": { "cotrecho": 37944, "cobacia": "4668441", "nome": null, "comp_km": 8.39435237, "nustrahler": 3 }, "geometry": { "type": "MultiLineString", "coordinates": [ [ [ -63.882275699645035, -17.632089899615757 ], [ -63.882275699645035, -17.623756499588254 ], [ -63.886442400343135, -17.619589799433296 ], [ -63.886442400343135, -17.615423199108697 ], [ -63.890609000429919, -17.611256399829681 ], [ -63.890609000429919, -17.602923099242531 ], [ -63.907275799629033, -17.586256199156935 ], [ -63.911442500327126, -17.586256199156935 ], [ -63.911442399715824, -17.582089499425859 ], [ -63.919775800213699, -17.573756099672146 ] ] ] } },
{ "type": "Feature", "properties": { "cotrecho": 38621, "cobacia": "466841552", "nome": null, "comp_km": 2.25780586, "nustrahler": 1 }, "geometry": { "type": "MultiLineString", "coordinates": [ [ [ -64.09685640002175, -16.771667999211431 ], [ -64.107273299989018, -16.782084699262285 ], [ -64.111439900075794, -16.777917999340648 ] ] ] } },
{ "type": "Feature", "properties": { "cotrecho": 39158, "cobacia": "46684496", "nome": null, "comp_km": 7.2475954, "nustrahler": 1 }, "geometry": { "type": "MultiLineString", "coordinates": [ [ [ -63.75935979963063, -17.959175399628052 ], [ -63.765609800372111, -17.952925399023385 ], [ -63.765609699760816, -17.944591999294421 ], [ -63.769776399560598, -17.940425299213942 ], [ -63.769776399560598, -17.936258599309895 ], [ -63.773943100258684, -17.932091899608942 ], [ -63.778109800058473, -17.932091899608942 ], [ -63.782276400145264, -17.927925199283003 ], [ -63.782276400145264, -17.915425099095462 ], [ -63.77810970034546, -17.911258399100273 ], [ -63.778109599734165, -17.907091699468097 ] ] ] } },
{ "type": "Feature", "properties": { "cotrecho": 40832, "cobacia": "46684243", "nome": null, "comp_km": 5.1426497, "nustrahler": 1 }, "geometry": { "type": "MultiLineString", "coordinates": [ [ [ -63.686440700359199, -17.667507799554723 ], [ -63.686440599747897, -17.65292439976546 ], [ -63.678107200148325, -17.644591099439523 ], [ -63.678107100435334, -17.63625769951577 ], [ -63.66977360022446, -17.62792429950375 ] ] ] } },
{ "type": "Feature", "properties": { "cotrecho": 41018, "cobacia": "466828", "nome": null, "comp_km": 12.70107972, "nustrahler": 1 }, "geometry": { "type": "MultiLineString", "coordinates": [ [ [ -64.198940000288161, -16.630000199176322 ], [ -64.198939899676844, -16.619583499523383 ], [ -64.203106700087929, -16.615416799432243 ], [ -64.203106600374923, -16.611250099304797 ], [ -64.207273300174734, -16.607083399166996 ], [ -64.207273099850397, -16.582083299447522 ], [ -64.223939899947851, -16.565416499366037 ], [ -64.232273300445726, -16.565416399486473 ], [ -64.236440000245508, -16.561249699225844 ], [ -64.236440000245508, -16.557082999266225 ], [ -64.244773399845059, -16.548749599492872 ], [ -64.248940099644855, -16.548749599492872 ], [ -64.253106800342934, -16.552916199747607 ] ] ] } },
{ "type": "Feature", "properties": { "cotrecho": 41200, "cobacia": "46687465", "nome": null, "comp_km": 1.11052896, "nustrahler": 2 }, "geometry": { "type": "MultiLineString", "coordinates": [ [ [ -63.415602099812688, -17.202923599558215 ], [ -63.415602099812688, -17.198756899516884 ], [ -63.419768799612484, -17.194590199222436 ] ] ] } },
{ "type": "Feature", "properties": { "cotrecho": 43473, "cobacia": "4668447", "nome": null, "comp_km": 1.75357718, "nustrahler": 3 }, "geometry": { "type": "MultiLineString", "coordinates": [ [ [ -63.81144289989173, -17.819591099782286 ], [ -63.803109299967865, -17.811257799376342 ], [ -63.803109299967865, -17.807091099350046 ] ] ] } },
{ "type": "Feature", "properties": { "cotrecho": 44934, "cobacia": "4668963", "nome": null, "comp_km": 4.3350248, "nustrahler": 2 }, "geometry": { "type": "MultiLineString", "coordinates": [ [ [ -63.478107000350931, -17.961260299703479 ], [ -63.469773599853063, -17.96959359908929 ], [ -63.457273499555392, -17.969593799041284 ], [ -63.453106799755616, -17.973760399598646 ], [ -63.448940099955827, -17.9737604995723 ], [ -63.444773400156059, -17.977927199211877 ] ] ] } },
{ "type": "Feature", "properties": { "cotrecho": 46141, "cobacia": "4668847", "nome": null, "comp_km": 6.24049764, "nustrahler": 2 }, "geometry": { "type": "MultiLineString", "coordinates": [ [ [ -63.065599199850141, -17.282092399058861 ], [ -63.065599000424157, -17.273758999872868 ], [ -63.061432299726057, -17.26959239911362 ], [ -63.06143210030006, -17.227925499606467 ] ] ] } },
{ "type": "Feature", "properties": { "cotrecho": 46356, "cobacia": "4668443", "nome": null, "comp_km": 15.18142251, "nustrahler": 3 }, "geometry": { "type": "MultiLineString", "coordinates": [ [ [ -63.823942499827773, -17.732090699756778 ], [ -63.828109099914556, -17.732090699756778 ], [ -63.832275799714346, -17.72792399987506 ], [ -63.832275799714346, -17.723757299815919 ], [ -63.828109099914556, -17.719590599605926 ], [ -63.832275799714346, -17.71542389927157 ], [ -63.836442500412431, -17.71542389927157 ], [ -63.853109199898562, -17.698756999660556 ], [ -63.853109100185563, -17.69042369956318 ], [ -63.86560919958491, -17.677923599323375 ], [ -63.86560919958491, -17.673756899204601 ], [ -63.861442499785113, -17.669590199253236 ], [ -63.865609099871911, -17.665423499495862 ], [ -63.865609000158912, -17.652923399084521 ], [ -63.869775699958687, -17.648756699512056 ], [ -63.873942399758484, -17.648756699512056 ], [ -63.878109099558259, -17.644589999410012 ], [ -63.878109099558259, -17.636256599435381 ], [ -63.882275699645035, -17.632089899615757 ] ] ] } },
{ "type": "Feature", "properties": { "cotrecho": 47015, "cobacia": "46687111", "nome": null, "comp_km": 9.8616581, "nustrahler": 4 }, "geometry": { "type": "MultiLineString", "coordinates": [ [ [ -63.978103099896167, -16.361249999677927 ], [ -63.986436600107041, -16.361249999677927 ], [ -63.998936599793396, -16.348749799865598 ], [ -64.007270000291285, -16.348749799865598 ], [ -64.011436700091053, -16.344583099684652 ], [ -64.015603399890821, -16.344582999691347 ], [ -64.028103500188493, -16.332082899650558 ], [ -64.057270399685279, -16.332082799650827 ] ] ] } },
{ "type": "Feature", "properties": { "cotrecho": 47358, "cobacia": "4668813", "nome": null, "comp_km": 3.95035478, "nustrahler": 3 }, "geometry": { "type": "MultiLineString", "coordinates": [ [ [ -63.203098800242913, -16.973756799879585 ], [ -63.215598899642245, -16.973756799879585 ], [ -63.219765600340345, -16.969589999462137 ], [ -63.223932300140113, -16.969589999462137 ], [ -63.228098999939888, -16.965423399568049 ], [ -63.236432400437778, -16.965423299898362 ] ] ] } },
{ "type": "Feature", "properties": { "cotrecho": 48504, "cobacia": "4668788", "nome": null, "comp_km": 4.47201148, "nustrahler": 1 }, "geometry": { "type": "MultiLineString", "coordinates": [ [ [ -63.438518100252701, -17.038339299125379 ], [ -63.432268100409537, -17.044589399538719 ], [ -63.41560130031209, -17.0445894991663 ], [ -63.407267800101224, -17.036256099463166 ], [ -63.403101100301434, -17.036256199095185 ] ] ] } },
{ "type": "Feature", "properties": { "cotrecho": 49399, "cobacia": "46681", "nome": null, "comp_km": 9.54293589, "nustrahler": 5 }, "geometry": { "type": "MultiLineString", "coordinates": [ [ [ -64.423939000207355, -16.019579499893883 ], [ -64.436439099606673, -16.019579399735818 ], [ -64.453105899704127, -16.002912599858067 ], [ -64.465605900288779, -16.002912499691643 ], [ -64.469772600088575, -15.998745799782057 ], [ -64.465605900288779, -15.994579199514684 ], [ -64.465605900288779, -15.986245799751007 ], [ -64.4614391995907, -15.982079099610997 ], [ -64.461439099877694, -15.969579099512725 ] ] ] } },
{ "type": "Feature", "properties": { "cotrecho": 50889, "cobacia": "46687642", "nome": null, "comp_km": 1.81171467, "nustrahler": 1 }, "geometry": { "type": "MultiLineString", "coordinates": [ [ [ -63.465600200417882, -16.75917109933836 ], [ -63.465600300130866, -16.769587899205426 ], [ -63.461433600331098, -16.773754599408299 ] ] ] } },
{ "type": "Feature", "properties": { "cotrecho": 52060, "cobacia": "4668463", "nome": null, "comp_km": 11.31511477, "nustrahler": 2 }, "geometry": { "type": "MultiLineString", "coordinates": [ [ [ -63.961446100418492, -18.127925099062701 ], [ -63.969779500018035, -18.127925099062701 ], [ -63.973946199817831, -18.123758399663661 ], [ -63.978112899617607, -18.123758399663661 ], [ -63.978112799904608, -18.107091599182731 ], [ -63.982279399991384, -18.102924899328816 ], [ -63.982279399991384, -18.090424899717114 ], [ -63.978112700191609, -18.086258199129215 ], [ -63.986446000078182, -18.077924799122748 ], [ -63.986446000078182, -18.073758099757704 ], [ -63.990612699877957, -18.069591399715137 ], [ -63.990612600164958, -18.065424699021726 ], [ -63.994779299964762, -18.061257999412216 ], [ -63.990612600164958, -18.057091299205336 ], [ -63.994779299964762, -18.052924599281784 ] ] ] } },
{ "type": "Feature", "properties": { "cotrecho": 52236, "cobacia": "4668897", "nome": null, "comp_km": 1.75198257, "nustrahler": 2 }, "geometry": { "type": "MultiLineString", "coordinates": [ [ [ -62.982266100373195, -17.502927299213134 ], [ -62.982266100373195, -17.498760599077578 ], [ -62.990599499972767, -17.490427099857637 ] ] ] } },
{ "type": "Feature", "properties": { "cotrecho": 53002, "cobacia": "46689962", "nome": null, "comp_km": 5.46885741, "nustrahler": 1 }, "geometry": { "type": "MultiLineString", "coordinates": [ [ [ -63.730194800070691, -18.302927199303355 ], [ -63.723944800227507, -18.302927199303355 ], [ -63.719778100427725, -18.307093899561636 ], [ -63.703111199718983, -18.307093999344918 ], [ -63.698944599632192, -18.311260699130383 ], [ -63.682277699821761, -18.311260799764071 ] ] ] } },
{ "type": "Feature", "properties": { "cotrecho": 53110, "cobacia": "4668456", "nome": null, "comp_km": 20.71590052, "nustrahler": 1 }, "geometry": { "type": "MultiLineString", "coordinates": [ [ [ -64.159362799848196, -17.800839199825873 ], [ -64.153112800005019, -17.807089299844296 ], [ -64.153112800005019, -17.819589399608013 ], [ -64.148946199918242, -17.82375609918186 ], [ -64.148946199918242, -17.832089399305833 ], [ -64.140612800318678, -17.840422899592358 ], [ -64.111445899923595, -17.84042299964122 ], [ -64.107279200123799, -17.84458979932862 ], [ -64.103112500324016, -17.84458979932862 ], [ -64.094779000113149, -17.836256399157069 ], [ -64.094778900400158, -17.827923099845627 ], [ -64.086445499902283, -17.819589699789702 ], [ -64.0822788001025, -17.819589699789702 ], [ -64.078112100302718, -17.823756399356533 ], [ -64.073945399604611, -17.819589799850231 ], [ -64.069778699804829, -17.819589799850231 ], [ -64.065611900292055, -17.815423199587087 ], [ -64.05727849979418, -17.815423199587087 ], [ -64.053111799994412, -17.811256499383568 ], [ -64.048945100194615, -17.811256599448807 ], [ -64.044778400394833, -17.815423199587087 ], [ -64.04061169969674, -17.815423299649957 ], [ -64.028111499686091, -17.802923299583433 ] ] ] } },
{ "type": "Feature", "properties": { "cotrecho": 53354, "cobacia": "4668797", "nome": null, "comp_km": 1.28804219, "nustrahler": 4 }, "geometry": { "type": "MultiLineString", "coordinates": [ [ [ -63.298932800416438, -16.93208949923881 ], [ -63.307266200015995, -16.923756099519142 ] ] ] } },
{ "type": "Feature", "properties": { "cotrecho": 53355, "cobacia": "4668957", "nome": null, "comp_km": 5.66126287, "nustrahler": 4 }, "geometry": { "type": "MultiLineString", "coordinates": [ [ [ -63.198935600279469, -17.61542669922402 ], [ -63.198935399955161, -17.586259899362624 ], [ -63.207268799554718, -17.577926499108607 ], [ -63.207268799554718, -17.573759799277219 ], [ -63.211435500252819, -17.569593099392687 ] ] ] } },
{ "type": "Feature", "properties": { "cotrecho": 53589, "cobacia": "4668491", "nome": null, "comp_km": 10.06961619, "nustrahler": 3 }, "geometry": { "type": "MultiLineString", "coordinates": [ [ [ -64.203114899909849, -18.107090399554004 ], [ -64.198948200110053, -18.102923699671567 ], [ -64.194781500310285, -18.102923799571858 ], [ -64.186448000099418, -18.094590499711355 ], [ -64.12394739979645, -18.094590799426463 ], [ -64.119780699996682, -18.090424099603975 ], [ -64.115614000196885, -18.090424099603975 ] ] ] } },
{ "type": "Feature", "properties": { "cotrecho": 53713, "cobacia": "46684833", "nome": null, "comp_km": 18.90588402, "nustrahler": 2 }, "geometry": { "type": "MultiLineString", "coordinates": [ [ [ -64.048948200280662, -18.344592299078798 ], [ -64.048948200280662, -18.336258899659214 ], [ -64.053114800367453, -18.332092199801053 ], [ -64.053114699756136, -18.311258799029655 ], [ -64.057281399555933, -18.307092099198496 ], [ -64.057281299842941, -18.294591999548356 ], [ -64.053114600043131, -18.290425299702331 ], [ -64.053114500330153, -18.286258599493216 ], [ -64.057281200129921, -18.28209199959851 ], [ -64.053114500330153, -18.277925299599165 ], [ -64.053114300005845, -18.257091899125196 ], [ -64.05728110041693, -18.252925199541629 ], [ -64.057280999805613, -18.244591799183574 ], [ -64.061447699605409, -18.240425099315875 ], [ -64.061447699605409, -18.236258399407113 ], [ -64.057280900092636, -18.232091799310481 ], [ -64.057280900092636, -18.227925099402444 ], [ -64.061447599892404, -18.227924999573649 ], [ -64.069781000390279, -18.219591599044431 ], [ -64.069781000390279, -18.215424899332593 ], [ -64.073947599578759, -18.211258199740598 ], [ -64.073947599578759, -18.202924799316641 ], [ -64.078114300276852, -18.198758099391657 ] ] ] } },
{ "type": "Feature", "properties": { "cotrecho": 53894, "cobacia": "4668546", "nome": null, "comp_km": 9.85173374, "nustrahler": 1 }, "geometry": { "type": "MultiLineString", "coordinates": [ [ [ -63.92393569976678, -16.313333299772665 ], [ -63.923935600053781, -16.294583199913934 ], [ -63.932268999653338, -16.286249799293689 ], [ -63.932268999653338, -16.282083099829656 ], [ -63.936435599740129, -16.277916399814405 ], [ -63.932268899940354, -16.273749799303147 ], [ -63.932268899940354, -16.269583099127196 ], [ -63.936435599740129, -16.265416399339671 ], [ -63.936435599740129, -16.257082999308423 ], [ -63.940602199826905, -16.25291629911624 ], [ -63.948935600324774, -16.25291619907615 ], [ -63.953102300124577, -16.248749499373474 ], [ -63.953102300124577, -16.244582799325791 ] ] ] } },
{ "type": "Feature", "properties": { "cotrecho": 53914, "cobacia": "4668541", "nome": null, "comp_km": 15.45925033, "nustrahler": 2 }, "geometry": { "type": "MultiLineString", "coordinates": [ [ [ -64.073936599708105, -16.215415399825275 ], [ -64.078103300406184, -16.211248799720838 ], [ -64.111437000314069, -16.211248599598257 ], [ -64.115603700113837, -16.207081899317274 ], [ -64.128103800411495, -16.207081799253885 ], [ -64.132270500211277, -16.211248499536982 ], [ -64.16977089991893, -16.211248299414397 ], [ -64.173937599718712, -16.207081599127072 ], [ -64.178104300416791, -16.211248299414397 ], [ -64.203104500113795, -16.211248199353125 ], [ -64.207271299626584, -16.21541479947026 ] ] ] } },
{ "type": "Feature", "properties": { "cotrecho": 54723, "cobacia": "46687492", "nome": null, "comp_km": 3.21231964, "nustrahler": 1 }, "geometry": { "type": "MultiLineString", "coordinates": [ [ [ -63.544770499681704, -17.288339999203956 ], [ -63.544770399968705, -17.269589899432354 ], [ -63.54060370016893, -17.265423199270163 ], [ -63.540603599557606, -17.261256599661699 ] ] ] } },
{ "type": "Feature", "properties": { "cotrecho": 55657, "cobacia": "4668462", "nome": null, "comp_km": 1.60722958, "nustrahler": 1 }, "geometry": { "type": "MultiLineString", "coordinates": [ [ [ -64.00519610021901, -18.063341299225144 ], [ -63.994779299964762, -18.052924599281784 ] ] ] } },
{ "type": "Feature", "properties": { "cotrecho": 56479, "cobacia": "46687893", "nome": null, "comp_km": 6.99430986, "nustrahler": 2 }, "geometry": { "type": "MultiLineString", "coordinates": [ [ [ -63.365601200057093, -17.127923399577771 ], [ -63.365601200057093, -17.123756799448248 ], [ -63.361434500257317, -17.119590099096371 ], [ -63.365601200057093, -17.115423399848432 ], [ -63.369767899856868, -17.115423399848432 ], [ -63.382267900441541, -17.102923299546653 ], [ -63.382267900441541, -17.094589899622228 ], [ -63.394767900127874, -17.082089799816352 ] ] ] } },
{ "type": "Feature", "properties": { "cotrecho": 57134, "cobacia": "4668722", "nome": null, "comp_km": 2.72497446, "nustrahler": 1 }, "geometry": { "type": "MultiLineString", "coordinates": [ [ [ -63.748935599953377, -16.625835699821366 ], [ -63.748935599953377, -16.611252299574545 ], [ -63.753102200040168, -16.607085699342374 ], [ -63.757268899839936, -16.607085599484474 ] ] ] } },
{ "type": "Feature", "properties": { "cotrecho": 60615, "cobacia": "4668673", "nome": null, "comp_km": 3.50612516, "nustrahler": 3 }, "geometry": { "type": "MultiLineString", "coordinates": [ [ [ -63.690604000035627, -17.061254799806242 ], [ -63.694770699835423, -17.057088099843956 ], [ -63.711437599645855, -17.057087999364253 ], [ -63.715604300343941, -17.052921299179502 ], [ -63.719770900430717, -17.052921299179502 ] ] ] } },
{ "type": "Feature", "properties": { "cotrecho": 62072, "cobacia": "46684583", "nome": null, "comp_km": 11.74712499, "nustrahler": 1 }, "geometry": { "type": "MultiLineString", "coordinates": [ [ [ -63.863527999802642, -18.055008599162633 ], [ -63.878111400143709, -18.040425099385537 ], [ -63.878111400143709, -18.032091799309327 ], [ -63.886444700030253, -18.023758399363679 ], [ -63.886444700030253, -18.011258299823442 ], [ -63.894777999916833, -18.002924899269811 ], [ -63.894777999916833, -17.998758199498461 ], [ -63.907278100214477, -17.98625809910931 ], [ -63.907278100214477, -17.982091399564549 ], [ -63.911444700301274, -17.982091399564549 ], [ -63.919778099900832, -17.973757999376531 ] ] ] } },
{ "type": "Feature", "properties": { "cotrecho": 62200, "cobacia": "4668983", "nome": null, "comp_km": 5.45468372, "nustrahler": 3 }, "geometry": { "type": "MultiLineString", "coordinates": [ [ [ -63.68644339979663, -18.136259899072893 ], [ -63.673943300397298, -18.136259999807837 ], [ -63.669776599699183, -18.140426799309765 ], [ -63.665609899899408, -18.140426799309765 ], [ -63.661443200099626, -18.136260099689107 ], [ -63.657276399688541, -18.136260099689107 ], [ -63.653109699888752, -18.132093499727304 ], [ -63.640609599591109, -18.132093499727304 ] ] ] } },
{ "type": "Feature", "properties": { "cotrecho": 62576, "cobacia": "4668434", "nome": null, "comp_km": 5.00800015, "nustrahler": 1 }, "geometry": { "type": "MultiLineString", "coordinates": [ [ [ -63.946859099629783, -17.523755699814174 ], [ -63.936442300273818, -17.523755799182865 ], [ -63.932275700187049, -17.527922499701727 ], [ -63.919775500176399, -17.527922599068106 ], [ -63.911442099678531, -17.519589299383409 ], [ -63.907275399878728, -17.523755899408133 ] ] ] } },
{ "type": "Feature", "properties": { "cotrecho": 63701, "cobacia": "46684495", "nome": null, "comp_km": 5.5507414, "nustrahler": 2 }, "geometry": { "type": "MultiLineString", "coordinates": [ [ [ -63.778109599734165, -17.907091699468097 ], [ -63.77394289993439, -17.902925099384444 ], [ -63.77394289993439, -17.894591699615166 ], [ -63.778109599734165, -17.890424999139285 ], [ -63.778109500021166, -17.886258299159625 ], [ -63.786442899620724, -17.877924899085695 ], [ -63.786442899620724, -17.87375829907478 ], [ -63.79060960031881, -17.869591499606432 ], [ -63.790609499707507, -17.865424799087616 ] ] ] } },
{ "type": "Feature", "properties": { "cotrecho": 64336, "cobacia": "4668446", "nome": null, "comp_km": 11.23707411, "nustrahler": 1 }, "geometry": { "type": "MultiLineString", "coordinates": [ [ [ -63.871859699789695, -17.761257199059944 ], [ -63.865609699946525, -17.761257299153204 ], [ -63.861442900433744, -17.757090599538184 ], [ -63.844776100336297, -17.757090699633739 ], [ -63.836442699838429, -17.765424099324903 ], [ -63.828109399951863, -17.765424199415829 ], [ -63.823942600439082, -17.769590899075681 ], [ -63.823942700152081, -17.786257599785408 ], [ -63.811442699567422, -17.798757699844248 ], [ -63.811442699567422, -17.802924399497144 ], [ -63.807275999767647, -17.802924499567062 ], [ -63.803109299967865, -17.807091099350046 ] ] ] } },
{ "type": "Feature", "properties": { "cotrecho": 64538, "cobacia": "46687193", "nome": null, "comp_km": 7.47495842, "nustrahler": 4 }, "geometry": { "type": "MultiLineString", "coordinates": [ [ [ -63.769768700100286, -16.540418599516144 ], [ -63.773935399900076, -16.540418499623659 ], [ -63.803102199683849, -16.511251599899332 ], [ -63.80310209997085, -16.49458479917477 ], [ -63.807268799770654, -16.490418099857212 ] ] ] } },
{ "type": "Feature", "properties": { "cotrecho": 65394, "cobacia": "46687133", "nome": null, "comp_km": 1.53542712, "nustrahler": 4 }, "geometry": { "type": "MultiLineString", "coordinates": [ [ [ -63.878102600247168, -16.440417499345582 ], [ -63.882269300046964, -16.440417499345582 ], [ -63.886435999846732, -16.44458419925499 ], [ -63.890602699646507, -16.44458419925499 ] ] ] } },
{ "type": "Feature", "properties": { "cotrecho": 66688, "cobacia": "46689951", "nome": null, "comp_km": 3.32744373, "nustrahler": 3 }, "geometry": { "type": "MultiLineString", "coordinates": [ [ [ -63.603110300319685, -18.31126119974039 ], [ -63.598943499908586, -18.307094599750247 ], [ -63.598943499908586, -18.298761199676626 ], [ -63.590609999697719, -18.290427899434601 ], [ -63.590609999697719, -18.286261199287974 ] ] ] } },
{ "type": "Feature", "properties": { "cotrecho": 66963, "cobacia": "4668853", "nome": null, "comp_km": 6.16813833, "nustrahler": 3 }, "geometry": { "type": "MultiLineString", "coordinates": [ [ [ -62.953097699791563, -17.22792609935658 ], [ -62.957264299878354, -17.223759299331281 ], [ -62.961430999678143, -17.223759299331281 ], [ -62.973931099975786, -17.21125919977473 ], [ -62.973931099975786, -17.207092499509784 ], [ -62.978097700062584, -17.202925799797363 ], [ -62.978097700062584, -17.190425699088856 ], [ -62.982264399862359, -17.186258999274639 ] ] ] } },
{ "type": "Feature", "properties": { "cotrecho": 67100, "cobacia": "4668961", "nome": null, "comp_km": 9.38904154, "nustrahler": 2 }, "geometry": { "type": "MultiLineString", "coordinates": [ [ [ -63.444773400156059, -17.977927199211877 ], [ -63.440606800069268, -17.977927199211877 ], [ -63.43643999965817, -17.9737604995723 ], [ -63.43643999965817, -17.969593799041284 ], [ -63.428106500345613, -17.961260499664942 ], [ -63.419773099847745, -17.961260599645669 ], [ -63.41560640004797, -17.965427299311273 ], [ -63.41560640004797, -17.969593999847792 ], [ -63.407273000448399, -17.977927399154467 ], [ -63.398939599950523, -17.977927399154467 ], [ -63.394772900150741, -17.973760799493238 ], [ -63.386439600264183, -17.982094199549106 ], [ -63.386439600264183, -17.986260899027762 ] ] ] } },
{ "type": "Feature", "properties": { "cotrecho": 68942, "cobacia": "4668882", "nome": null, "comp_km": 3.13640686, "nustrahler": 1 }, "geometry": { "type": "MultiLineString", "coordinates": [ [ [ -62.838513799801525, -17.342510499261852 ], [ -62.848930600055787, -17.352927199435868 ], [ -62.857263999655331, -17.352927199435868 ], [ -62.861430800066429, -17.357093799575544 ] ] ] } },
{ "type": "Feature", "properties": { "cotrecho": 70789, "cobacia": "46684153", "nome": null, "comp_km": 3.96138046, "nustrahler": 4 }, "geometry": { "type": "MultiLineString", "coordinates": [ [ [ -64.128105899774326, -16.611250499588625 ], [ -64.136439300272187, -16.602917099346019 ], [ -64.136439199660884, -16.598750399274071 ], [ -64.140605900358963, -16.594583699269663 ], [ -64.144772600158774, -16.594583599405265 ], [ -64.148939299958542, -16.590416999358759 ], [ -64.148939299958542, -16.586250199698526 ] ] ] } },
{ "type": "Feature", "properties": { "cotrecho": 71577, "cobacia": "46684744", "nome": null, "comp_km": 3.33675762, "nustrahler": 1 }, "geometry": { "type": "MultiLineString", "coordinates": [ [ [ -64.201030300004234, -17.884172699139409 ], [ -64.207280399560403, -17.890422699517671 ], [ -64.211447100258511, -17.890422699517671 ], [ -64.22394730026916, -17.902922699056329 ] ] ] } },
{ "type": "Feature", "properties": { "cotrecho": 72091, "cobacia": "46687191", "nome": null, "comp_km": 1.93555003, "nustrahler": 4 }, "geometry": { "type": "MultiLineString", "coordinates": [ [ [ -63.807268799770654, -16.490418099857212 ], [ -63.819768900068297, -16.477917999568056 ] ] ] } },
{ "type": "Feature", "properties": { "cotrecho": 73310, "cobacia": "46684851", "nome": null, "comp_km": 2.98031231, "nustrahler": 2 }, "geometry": { "type": "MultiLineString", "coordinates": [ [ [ -64.044781600193886, -18.369592399249846 ], [ -64.044781499582584, -18.352925699060485 ], [ -64.048948200280662, -18.348758999439163 ], [ -64.048948200280662, -18.344592299078798 ] ] ] } },
{ "type": "Feature", "properties": { "cotrecho": 75403, "cobacia": "4668635", "nome": null, "comp_km": 13.11156517, "nustrahler": 3 }, "geometry": { "type": "MultiLineString", "coordinates": [ [ [ -64.023938500001222, -16.657084499274411 ], [ -64.019771699590123, -16.652917899666907 ], [ -64.019771699590123, -16.648751199096864 ], [ -64.023938500001222, -16.644584499143477 ], [ -64.023938299676928, -16.636251099469124 ], [ -64.019771599877132, -16.632084399800178 ], [ -64.019771599877132, -16.627917799838151 ], [ -64.015604900077349, -16.62375109905625 ], [ -64.015604900077349, -16.619584399907684 ], [ -64.011438200277567, -16.615417699836094 ], [ -64.011437999953273, -16.598750999308436 ], [ -64.007271300153505, -16.594584299317031 ], [ -64.007271300153505, -16.590417599419101 ], [ -64.003104600353694, -16.58625099950935 ], [ -64.003104600353694, -16.582084299878417 ], [ -63.998937799942603, -16.577917599557864 ], [ -63.998937700229604, -16.552917499127002 ] ] ] } },
{ "type": "Feature", "properties": { "cotrecho": 75561, "cobacia": "46684491", "nome": null, "comp_km": 5.49997376, "nustrahler": 2 }, "geometry": { "type": "MultiLineString", "coordinates": [ [ [ -63.782276100107943, -17.852924799050619 ], [ -63.782276000394944, -17.844591399217752 ], [ -63.790609399994516, -17.836257999121091 ], [ -63.794776099794298, -17.836257999121091 ], [ -63.803109399680856, -17.827924599828627 ], [ -63.807276100378957, -17.827924599828627 ], [ -63.811442800178732, -17.823757799316386 ], [ -63.81144289989173, -17.819591099782286 ] ] ] } },
{ "type": "Feature", "properties": { "cotrecho": 76066, "cobacia": "4668819", "nome": null, "comp_km": 1.73075275, "nustrahler": 3 }, "geometry": { "type": "MultiLineString", "coordinates": [ [ [ -63.098931599895806, -17.077924599821866 ], [ -63.103098299695581, -17.073757899351772 ], [ -63.107265000393681, -17.073757799739759 ], [ -63.111431700193457, -17.069591099801208 ] ] ] } },
{ "type": "Feature", "properties": { "cotrecho": 76527, "cobacia": "4668691", "nome": null, "comp_km": 10.22744369, "nustrahler": 2 }, "geometry": { "type": "MultiLineString", "coordinates": [ [ [ -63.536437600443762, -17.377923799307869 ], [ -63.536437600443762, -17.373757199598064 ], [ -63.54477090033032, -17.365423699496709 ], [ -63.548937699843094, -17.365423699496709 ], [ -63.553104299929892, -17.361256999773481 ], [ -63.557270999729667, -17.361256999773481 ], [ -63.565604400227542, -17.35292359909111 ], [ -63.5739377998271, -17.352923499629341 ], [ -63.578104499626882, -17.348756799577991 ], [ -63.578104499626882, -17.34459009918487 ], [ -63.586437900124757, -17.336256699193555 ], [ -63.590604599924539, -17.336256699193555 ], [ -63.603104599610887, -17.32375659987413 ] ] ] } },
{ "type": "Feature", "properties": { "cotrecho": 77554, "cobacia": "466841553", "nome": null, "comp_km": 6.32194889, "nustrahler": 4 }, "geometry": { "type": "MultiLineString", "coordinates": [ [ [ -64.111440200113108, -16.827918299322434 ], [ -64.111440200113108, -16.823751599765476 ], [ -64.107273500313312, -16.819584899732217 ], [ -64.107273399702009, -16.811251499200871 ], [ -64.115606800199885, -16.802918099656637 ], [ -64.115606699588568, -16.790418099292069 ], [ -64.1114399997888, -16.786251399828139 ], [ -64.111439900075794, -16.777917999340648 ] ] ] } },
{ "type": "Feature", "properties": { "cotrecho": 77609, "cobacia": "4668665", "nome": null, "comp_km": 4.62244842, "nustrahler": 2 }, "geometry": { "type": "MultiLineString", "coordinates": [ [ [ -63.823939500353035, -17.211254899891021 ], [ -63.823939500353035, -17.202921499719977 ], [ -63.832272800239608, -17.19458809928966 ], [ -63.828106100439832, -17.190421399579282 ], [ -63.828106100439832, -17.186254799220134 ], [ -63.836439400326384, -17.177921399764184 ] ] ] } },
{ "type": "Feature", "properties": { "cotrecho": 77940, "cobacia": "4668481", "nome": null, "comp_km": 10.25991679, "nustrahler": 2 }, "geometry": { "type": "MultiLineString", "coordinates": [ [ [ -64.094780900049983, -18.165424599187109 ], [ -64.098947599849751, -18.161257899712453 ], [ -64.103114299649533, -18.161257799845469 ], [ -64.107281000347626, -18.157091099129573 ], [ -64.107280899736324, -18.144591099081907 ], [ -64.111447600434403, -18.140424399655544 ], [ -64.1114474998231, -18.127924299120799 ], [ -64.107280800023332, -18.123757699591124 ], [ -64.1114474998231, -18.119590899286393 ], [ -64.111447400110109, -18.11125759973044 ], [ -64.115614099909877, -18.107090899043538 ], [ -64.115614000196885, -18.098757499291715 ], [ -64.119780699996682, -18.094590799426463 ], [ -64.115614000196885, -18.090424099603975 ] ] ] } },
{ "type": "Feature", "properties": { "cotrecho": 77985, "cobacia": "4668814", "nome": null, "comp_km": 2.27708369, "nustrahler": 1 }, "geometry": { "type": "MultiLineString", "coordinates": [ [ [ -63.207265599755665, -16.992506999151797 ], [ -63.207265500042681, -16.98209019968494 ], [ -63.203098800242913, -16.977923499214221 ], [ -63.203098800242913, -16.973756799879585 ] ] ] } },
{ "type": "Feature", "properties": { "cotrecho": 78360, "cobacia": "46684453", "nome": null, "comp_km": 1.92941613, "nustrahler": 3 }, "geometry": { "type": "MultiLineString", "coordinates": [ [ [ -63.803109299967865, -17.807091099350046 ], [ -63.790609099957216, -17.794591199711796 ] ] ] } },
{ "type": "Feature", "properties": { "cotrecho": 79382, "cobacia": "46684158", "nome": null, "comp_km": 9.07729935, "nustrahler": 1 }, "geometry": { "type": "MultiLineString", "coordinates": [ [ [ -63.97810659973252, -17.021669899705625 ], [ -63.97810659973252, -17.002919799176816 ], [ -63.986439899619086, -16.994586299146814 ], [ -63.998939999916743, -16.994586299146814 ], [ -64.003106800327828, -16.998752899182314 ], [ -64.00727350012761, -16.998752899182314 ], [ -64.011440199927392, -16.994586299146814 ], [ -64.019773600425268, -16.99458619949262 ], [ -64.028107000024832, -16.986252699279461 ], [ -64.032273699824628, -16.986252799797231 ] ] ] } },
{ "type": "Feature", "properties": { "cotrecho": 81130, "cobacia": "46684944", "nome": null, "comp_km": 4.04016479, "nustrahler": 1 }, "geometry": { "type": "MultiLineString", "coordinates": [ [ [ -64.251032499622056, -18.180007099560708 ], [ -64.257282500363573, -18.173756999128624 ], [ -64.269782700374208, -18.173756999128624 ], [ -64.278116000260766, -18.165423599687582 ], [ -64.278116000260766, -18.16125689933553 ] ] ] } },
{ "type": "Feature", "properties": { "cotrecho": 81774, "cobacia": "4668783", "nome": null, "comp_km": 4.15499177, "nustrahler": 2 }, "geometry": { "type": "MultiLineString", "coordinates": [ [ [ -63.469767699718268, -16.911255199738026 ], [ -63.469767699718268, -16.907088499771469 ], [ -63.486434499815701, -16.890421699643237 ], [ -63.486434400102702, -16.886254999246422 ], [ -63.490601099902484, -16.882088299701419 ] ] ] } },
{ "type": "Feature", "properties": { "cotrecho": 83572, "cobacia": "4668687", "nome": null, "comp_km": 1.5497794, "nustrahler": 1 }, "geometry": { "type": "MultiLineString", "coordinates": [ [ [ -63.692689100302857, -17.377922999435665 ], [ -63.678105699961812, -17.377923099741189 ] ] ] } },
{ "type": "Feature", "properties": { "cotrecho": 84899, "cobacia": "46687923", "nome": null, "comp_km": 1.34420372, "nustrahler": 1 }, "geometry": { "type": "MultiLineString", "coordinates": [ [ [ -63.353100600296131, -17.025839699805644 ], [ -63.353100499684828, -17.019589599834767 ], [ -63.348933799885032, -17.015422999390246 ] ] ] } },
{ "type": "Feature", "properties": { "cotrecho": 85738, "cobacia": "46688163", "nome": null, "comp_km": 14.40185142, "nustrahler": 1 }, "geometry": { "type": "MultiLineString", "coordinates": [ [ [ -63.203100000392133, -17.205007999490324 ], [ -63.203100000392133, -17.198757899258023 ], [ -63.198933299694026, -17.194591299391558 ], [ -63.198933199981035, -17.190424599753186 ], [ -63.19476650018126, -17.18625799946599 ], [ -63.19476650018126, -17.17792459929575 ], [ -63.198933100268036, -17.173757899872971 ], [ -63.198932999656719, -17.136257699201149 ], [ -63.20309959974351, -17.132090899565981 ], [ -63.198932899943735, -17.127924299259202 ], [ -63.198932800230729, -17.111257599775662 ], [ -63.190599300019855, -17.102924199348973 ], [ -63.186432600220073, -17.102924199348973 ], [ -63.178099199722197, -17.094590899065697 ] ] ] } },
{ "type": "Feature", "properties": { "cotrecho": 86486, "cobacia": "46684942", "nome": null, "comp_km": 5.50140134, "nustrahler": 1 }, "geometry": { "type": "MultiLineString", "coordinates": [ [ [ -64.301032599877075, -18.117506599204955 ], [ -64.278115899649464, -18.140423499038221 ], [ -64.273949199849682, -18.140423499038221 ], [ -64.269782500049899, -18.14459019933971 ], [ -64.261449099552024, -18.144590299216222 ] ] ] } },
{ "type": "Feature", "properties": { "cotrecho": 87160, "cobacia": "4668949", "nome": null, "comp_km": 11.68535587, "nustrahler": 1 }, "geometry": { "type": "MultiLineString", "coordinates": [ [ [ -63.440606199994669, -17.888343399362 ], [ -63.440606199994669, -17.882093399305326 ], [ -63.444772899794437, -17.877926699585348 ], [ -63.444772700368446, -17.844593199199874 ], [ -63.440605899957347, -17.84042649964092 ], [ -63.440605899957347, -17.836259899238673 ], [ -63.436439200157572, -17.832093199629966 ], [ -63.436439100444574, -17.823759799625531 ], [ -63.432272399746473, -17.819593199343526 ], [ -63.428105699946705, -17.819593199343526 ], [ -63.419772199735831, -17.811259899035754 ], [ -63.419772199735831, -17.807093199058503 ], [ -63.415605499936049, -17.807093199058503 ], [ -63.411438800136274, -17.802926499254646 ] ] ] } },
{ "type": "Feature", "properties": { "cotrecho": 88777, "cobacia": "46687141", "nome": null, "comp_km": 1.11289587, "nustrahler": 2 }, "geometry": { "type": "MultiLineString", "coordinates": [ [ [ -63.873935799836069, -16.432084199212632 ], [ -63.878102499635865, -16.436250799627224 ], [ -63.878102600247168, -16.440417499345582 ] ] ] } },
{ "type": "Feature", "properties": { "cotrecho": 89245, "cobacia": "46684998", "nome": null, "comp_km": 2.45428658, "nustrahler": 1 }, "geometry": { "type": "MultiLineString", "coordinates": [ [ [ -64.190616899873319, -18.455008699500045 ], [ -64.190616899873319, -18.448758699789487 ], [ -64.186450100360545, -18.444591999838504 ], [ -64.186450100360545, -18.440425299382326 ], [ -64.182283399662452, -18.436258599300047 ] ] ] } },
{ "type": "Feature", "properties": { "cotrecho": 91092, "cobacia": "46684922", "nome": null, "comp_km": 7.6471408, "nustrahler": 1 }, "geometry": { "type": "MultiLineString", "coordinates": [ [ [ -64.282282300310257, -18.100839999642616 ], [ -64.282282300310257, -18.094589899427298 ], [ -64.27811559961215, -18.09042329949083 ], [ -64.27394880009939, -18.09042329949083 ], [ -64.269782200012585, -18.094589999332335 ], [ -64.265615500212817, -18.09042329949083 ], [ -64.261448800413035, -18.094589999332335 ], [ -64.253115399915146, -18.094590099237337 ], [ -64.248948700115378, -18.098756799119261 ], [ -64.240615299617502, -18.098756799119261 ], [ -64.236448500104729, -18.094590099237337 ], [ -64.228115099606853, -18.094590199142377 ] ] ] } },
{ "type": "Feature", "properties": { "cotrecho": 92808, "cobacia": "46687241", "nome": null, "comp_km": 21.987832, "nustrahler": 2 }, "geometry": { "type": "MultiLineString", "coordinates": [ [ [ -63.83227069997848, -16.794586199426892 ], [ -63.828104000178676, -16.794586199426892 ], [ -63.807270299957167, -16.773752899863378 ], [ -63.807270299957167, -16.765419499245354 ], [ -63.823937100054607, -16.748752699457413 ], [ -63.823936899730285, -16.736252599230635 ], [ -63.83227030022816, -16.727919199101738 ], [ -63.83227030022816, -16.719585799462994 ], [ -63.840603699827732, -16.711252399662179 ], [ -63.836436900314958, -16.707085699228301 ], [ -63.80726999991986, -16.70708579989445 ], [ -63.803103300120085, -16.71125259926939 ], [ -63.798936600320296, -16.71125259926939 ], [ -63.794769899622196, -16.715419299065147 ], [ -63.786436500022639, -16.715419299065147 ], [ -63.782269800222871, -16.719586099721045 ], [ -63.773936399724981, -16.719586099721045 ], [ -63.769769699925199, -16.723752799889763 ], [ -63.757269599627548, -16.723752799889763 ] ] ] } },
{ "type": "Feature", "properties": { "cotrecho": 92827, "cobacia": "4668223", "nome": null, "comp_km": 16.78195043, "nustrahler": 2 }, "geometry": { "type": "MultiLineString", "coordinates": [ [ [ -64.336439100319296, -16.19874739950032 ], [ -64.340605800119064, -16.194580699873939 ], [ -64.340605700406087, -16.1820806993879 ], [ -64.344772400205869, -16.177913999877806 ], [ -64.344772299594538, -16.173747299597853 ], [ -64.348939000292646, -16.169580599436554 ], [ -64.344772400205869, -16.165413899419626 ], [ -64.348939000292646, -16.161247199572863 ], [ -64.348938899681343, -16.144580399813602 ], [ -64.361438999978986, -16.132080299806049 ], [ -64.365605699778769, -16.132080299806049 ], [ -64.37393910027663, -16.123746899912433 ], [ -64.37810580007644, -16.123746899912433 ], [ -64.390605799762767, -16.111246799890608 ], [ -64.390605600336784, -16.07791329959926 ] ] ] } },
{ "type": "Feature", "properties": { "cotrecho": 92963, "cobacia": "46687412", "nome": null, "comp_km": 8.32572046, "nustrahler": 1 }, "geometry": { "type": "MultiLineString", "coordinates": [ [ [ -63.705186500264766, -16.867503799268555 ], [ -63.698936399810286, -16.86125389923281 ], [ -63.698936300097294, -16.844587099835092 ], [ -63.703102999897062, -16.840420399048742 ], [ -63.703102999897062, -16.832086999199589 ], [ -63.686436000373639, -16.815420299136306 ], [ -63.673935900075989, -16.815420399745175 ] ] ] } },
{ "type": "Feature", "properties": { "cotrecho": 93366, "cobacia": "46684492", "nome": null, "comp_km": 1.98738986, "nustrahler": 1 }, "geometry": { "type": "MultiLineString", "coordinates": [ [ [ -63.763525799642814, -17.852924899092454 ], [ -63.782276100107943, -17.852924799050619 ] ] ] } },
{ "type": "Feature", "properties": { "cotrecho": 94211, "cobacia": "4668712", "nome": null, "comp_km": 13.87906141, "nustrahler": 1 }, "geometry": { "type": "MultiLineString", "coordinates": [ [ [ -63.953103699699788, -16.513334199368277 ], [ -63.95310359998679, -16.502917499687033 ], [ -63.957270299786565, -16.498750799809887 ], [ -63.95310359998679, -16.494584099761383 ], [ -63.953103500273791, -16.486250699253858 ], [ -63.948936799575691, -16.482084099630676 ], [ -63.948936799575691, -16.469583899906063 ], [ -63.961436800160342, -16.457083899267175 ], [ -63.961436800160342, -16.448750499570266 ], [ -63.969770100046915, -16.440417099569085 ], [ -63.969770100046915, -16.436250399842155 ], [ -63.96560340024714, -16.432083699470585 ], [ -63.965603299635816, -16.415416999766489 ], [ -63.957269800323274, -16.407083599760412 ] ] ] } },
{ "type": "Feature", "properties": { "cotrecho": 94313, "cobacia": "46687142", "nome": null, "comp_km": 7.75666704, "nustrahler": 1 }, "geometry": { "type": "MultiLineString", "coordinates": [ [ [ -63.896852400350696, -16.371667099437907 ], [ -63.886435699809439, -16.38208389965213 ], [ -63.886435699809439, -16.386250599698425 ], [ -63.878102300209868, -16.394583899655881 ], [ -63.878102499635865, -16.427917499094569 ], [ -63.873935799836069, -16.432084199212632 ] ] ] } },
{ "type": "Feature", "properties": { "cotrecho": 95870, "cobacia": "4668482", "nome": null, "comp_km": 2.4144907, "nustrahler": 1 }, "geometry": { "type": "MultiLineString", "coordinates": [ [ [ -64.109364400104013, -18.17792449958413 ], [ -64.10311440026085, -18.177924599441585 ], [ -64.094780900049983, -18.169591299103196 ], [ -64.094780900049983, -18.165424599187109 ] ] ] } },
{ "type": "Feature", "properties": { "cotrecho": 96145, "cobacia": "4668972", "nome": null, "comp_km": 12.2025791, "nustrahler": 1 }, "geometry": { "type": "MultiLineString", "coordinates": [ [ [ -63.376023700121827, -18.134178299678229 ], [ -63.38227369996499, -18.127928199798003 ], [ -63.382273600251999, -18.115428199601229 ], [ -63.390606999851563, -18.107094699433112 ], [ -63.390606999851563, -18.102927999652913 ], [ -63.407273700236011, -18.086261199838223 ], [ -63.407273700236011, -18.082094499417785 ], [ -63.419773699922345, -18.069594399855095 ], [ -63.419773699922345, -18.065427699232853 ], [ -63.428107100420235, -18.057094299558738 ], [ -63.428106999808918, -18.048760899309897 ], [ -63.432273699608693, -18.048760899309897 ] ] ] } },
{ "type": "Feature", "properties": { "cotrecho": 96813, "cobacia": "4668775", "nome": null, "comp_km": 5.71079216, "nustrahler": 4 }, "geometry": { "type": "MultiLineString", "coordinates": [ [ [ -63.490601099902484, -16.873754899833056 ], [ -63.494767799702259, -16.873754899833056 ], [ -63.503101200200149, -16.865421499387164 ], [ -63.503101099588832, -16.861254799335249 ], [ -63.519767899686279, -16.84458799915706 ], [ -63.51976779997328, -16.836254499884777 ] ] ] } },
{ "type": "Feature", "properties": { "cotrecho": 96839, "cobacia": "46684927", "nome": null, "comp_km": 4.29900088, "nustrahler": 1 }, "geometry": { "type": "MultiLineString", "coordinates": [ [ [ -64.317698199825287, -17.896672199433912 ], [ -64.307281500182341, -17.907088899151066 ], [ -64.307281500182341, -17.911255599703843 ], [ -64.315614899781906, -17.919588999307447 ], [ -64.315615000393208, -17.927922299295638 ] ] ] } },
{ "type": "Feature", "properties": { "cotrecho": 97388, "cobacia": "46687423", "nome": null, "comp_km": 6.25937752, "nustrahler": 1 }, "geometry": { "type": "MultiLineString", "coordinates": [ [ [ -63.686436700161238, -16.934170899846791 ], [ -63.686436499836944, -16.907087499327485 ], [ -63.665602900226716, -16.886254099263109 ] ] ] } },
{ "type": "Feature", "properties": { "cotrecho": 97549, "cobacia": "4668681", "nome": null, "comp_km": 4.15286595, "nustrahler": 2 }, "geometry": { "type": "MultiLineString", "coordinates": [ [ [ -63.623938299832403, -17.352923299848367 ], [ -63.603104599610887, -17.332089899317506 ], [ -63.603104599610887, -17.32375659987413 ] ] ] } },
{ "type": "Feature", "properties": { "cotrecho": 97904, "cobacia": "4668699", "nome": null, "comp_km": 6.78155183, "nustrahler": 1 }, "geometry": { "type": "MultiLineString", "coordinates": [ [ [ -63.52185540025193, -17.609174999784653 ], [ -63.528105499808092, -17.602924999265468 ], [ -63.528105300382109, -17.590424899098377 ], [ -63.523938599684008, -17.586258199545863 ], [ -63.523938599684008, -17.573758199540595 ], [ -63.528105300382109, -17.569591499619225 ], [ -63.532272000181884, -17.569591499619225 ], [ -63.540605300068457, -17.561257999518496 ] ] ] } },
{ "type": "Feature", "properties": { "cotrecho": 99325, "cobacia": "46684136", "nome": null, "comp_km": 1.11289616, "nustrahler": 1 }, "geometry": { "type": "MultiLineString", "coordinates": [ [ [ -64.196855200058238, -16.365415599484766 ], [ -64.186438500415292, -16.365415599484766 ] ] ] } },
{ "type": "Feature", "properties": { "cotrecho": 100670, "cobacia": "46684152", "nome": null, "comp_km": 4.77533866, "nustrahler": 1 }, "geometry": { "type": "MultiLineString", "coordinates": [ [ [ -64.167689300386371, -16.550833399547667 ], [ -64.161439299644869, -16.557083399662762 ], [ -64.161439299644869, -16.561250099613694 ], [ -64.157272599845101, -16.565416799865694 ], [ -64.157272699558092, -16.577916799712394 ], [ -64.148939299958542, -16.586250199698526 ] ] ] } },
{ "type": "Feature", "properties": { "cotrecho": 100897, "cobacia": "4668912", "nome": null, "comp_km": 7.11395628, "nustrahler": 1 }, "geometry": { "type": "MultiLineString", "coordinates": [ [ [ -63.251017000029726, -17.17584099909535 ], [ -63.257266999872897, -17.16959089909761 ], [ -63.257266999872897, -17.165424199503121 ], [ -63.265600400370772, -17.157090799352655 ], [ -63.269767100170569, -17.157090799352655 ], [ -63.273933799970344, -17.152923999279505 ], [ -63.269767100170569, -17.148757399239589 ], [ -63.269767100170569, -17.14459069969184 ], [ -63.273933700257345, -17.140423999373748 ], [ -63.278100400057113, -17.140423999373748 ], [ -63.278100400057113, -17.136257299169909 ], [ -63.282267099856917, -17.13209059910659 ] ] ] } },
{ "type": "Feature", "properties": { "cotrecho": 101898, "cobacia": "46687422", "nome": null, "comp_km": 1.43374015, "nustrahler": 1 }, "geometry": { "type": "MultiLineString", "coordinates": [ [ [ -63.659352900383546, -16.896670799413187 ], [ -63.665602900226716, -16.890420799679827 ], [ -63.665602900226716, -16.886254099263109 ] ] ] } },
{ "type": "Feature", "properties": { "cotrecho": 102571, "cobacia": "4668976", "nome": null, "comp_km": 8.90155876, "nustrahler": 1 }, "geometry": { "type": "MultiLineString", "coordinates": [ [ [ -63.42602429984013, -18.155011399458999 ], [ -63.432274299683307, -18.148761399673884 ], [ -63.432274199970308, -18.136261299117937 ], [ -63.42810750017054, -18.132094699184734 ], [ -63.432274199970308, -18.12792789928622 ], [ -63.43227410025731, -18.119594499623208 ], [ -63.436440800057085, -18.115427899067985 ], [ -63.436440800057085, -18.111261199384746 ], [ -63.457274200241308, -18.090427699686138 ] ] ] } },
{ "type": "Feature", "properties": { "cotrecho": 103204, "cobacia": "4668246", "nome": null, "comp_km": 0.96839708, "nustrahler": 1 }, "geometry": { "type": "MultiLineString", "coordinates": [ [ [ -64.30519090042894, -16.609166299126603 ], [ -64.311440999985109, -16.615416299303533 ] ] ] } },
{ "type": "Feature", "properties": { "cotrecho": 103613, "cobacia": "46689479", "nome": null, "comp_km": 5.43268284, "nustrahler": 2 }, "geometry": { "type": "MultiLineString", "coordinates": [ [ [ -63.411438800136274, -17.802926499254646 ], [ -63.419772100022833, -17.794593099418172 ], [ -63.419772100022833, -17.790426399438665 ], [ -63.41560540022305, -17.786259799818218 ], [ -63.419772100022833, -17.78209299949016 ], [ -63.419772000309827, -17.777926399658131 ], [ -63.432272099709181, -17.765426199523237 ] ] ] } },
{ "type": "Feature", "properties": { "cotrecho": 103640, "cobacia": "4668651", "nome": null, "comp_km": 32.64494134, "nustrahler": 3 }, "geometry": { "type": "MultiLineString", "coordinates": [ [ [ -63.936439299900783, -16.969586499071287 ], [ -63.940605999700551, -16.969586499071287 ], [ -63.948939400198441, -16.961253099284587 ], [ -63.953106099998223, -16.96125299961265 ], [ -63.957272799797998, -16.957086299846662 ], [ -63.957272700084999, -16.952919699305408 ], [ -63.961439399884775, -16.948752899845317 ], [ -63.961439399884775, -16.944586299342916 ], [ -63.953105899673901, -16.936252899606103 ], [ -63.953105899673901, -16.927919599134189 ], [ -63.96143930017179, -16.919586099067399 ], [ -63.957272499760705, -16.915419499096515 ], [ -63.957272499760705, -16.911252799241225 ], [ -63.961439199560473, -16.907086099221594 ], [ -63.961439199560473, -16.902919399063705 ], [ -63.957272400047692, -16.898752699653215 ], [ -63.957272400047692, -16.894585999297213 ], [ -63.965605699934265, -16.886252599290955 ], [ -63.957272300334694, -16.877919299829475 ], [ -63.953105599636608, -16.877919299829475 ], [ -63.94477220003705, -16.869585999695026 ], [ -63.944772100324052, -16.86541929947186 ], [ -63.940605399625952, -16.861252599371475 ], [ -63.940605399625952, -16.852919299372395 ], [ -63.944772100324052, -16.848752499207787 ], [ -63.944771999712742, -16.840419199639804 ], [ -63.948938700410828, -16.836252499106251 ], [ -63.948938599799526, -16.827919099841033 ], [ -63.965605399896958, -16.811252299789867 ], [ -63.965605399896958, -16.807085599361439 ], [ -63.969772099696733, -16.80291889942086 ], [ -63.973938800394848, -16.802918799665303 ], [ -64.023939000362844, -16.752918299085607 ] ] ] } },
{ "type": "Feature", "properties": { "cotrecho": 103656, "cobacia": "4668679", "nome": null, "comp_km": 17.59707973, "nustrahler": 3 }, "geometry": { "type": "MultiLineString", "coordinates": [ [ [ -63.603104599610887, -17.32375659987413 ], [ -63.615604699908531, -17.31125639941596 ], [ -63.611438000108762, -17.307089699701891 ], [ -63.611437900395764, -17.298756399555536 ], [ -63.607271199697664, -17.294589699687023 ], [ -63.607271199697664, -17.290422999818897 ], [ -63.60310440018489, -17.286256399475331 ], [ -63.60310440018489, -17.282089699689163 ], [ -63.598937700385108, -17.277922999124502 ], [ -63.598937700385108, -17.273756299523235 ], [ -63.594770899974009, -17.269589699560761 ], [ -63.594770899974009, -17.261256299411869 ], [ -63.598937599773798, -17.257089599640487 ], [ -63.598937500060813, -17.248756199119498 ], [ -63.607270799947372, -17.240422799757219 ], [ -63.607270899660371, -17.236256099718407 ], [ -63.603104100147583, -17.232089399190126 ], [ -63.603104000434591, -17.207089299624062 ], [ -63.611437400034156, -17.198755899775716 ], [ -63.611437300321164, -17.194589199458797 ], [ -63.615604000120932, -17.19042249977317 ] ] ] } },
{ "type": "Feature", "properties": { "cotrecho": 103671, "cobacia": "4668727", "nome": null, "comp_km": 19.44211772, "nustrahler": 1 }, "geometry": { "type": "MultiLineString", "coordinates": [ [ [ -63.901021900199225, -16.902919699891147 ], [ -63.886438499858173, -16.902919699891147 ], [ -63.882271700345385, -16.89875309933279 ], [ -63.873938299847516, -16.89875309933279 ], [ -63.861438300161169, -16.911253199753759 ], [ -63.85727149975007, -16.911253299452177 ], [ -63.848938199863518, -16.919586699809621 ], [ -63.844771500063722, -16.919586699809621 ], [ -63.840604699652651, -16.9154199992964 ], [ -63.828104699966303, -16.915420099852053 ], [ -63.823937899555204, -16.911253399150567 ], [ -63.823937899555204, -16.902920099561889 ], [ -63.815604400242648, -16.894586699826309 ], [ -63.811437700442852, -16.894586799533513 ], [ -63.807270900031781, -16.890420099135227 ], [ -63.803104200231985, -16.890420099135227 ], [ -63.798937600145209, -16.894586799533513 ], [ -63.782270599723468, -16.87792019985249 ], [ -63.778103899923693, -16.87792019985249 ], [ -63.773937200123896, -16.873753499479818 ], [ -63.769770500324121, -16.873753499479818 ], [ -63.769770500324121, -16.869586899757749 ], [ -63.765603699913022, -16.865420199554457 ] ] ] } },
{ "type": "Feature", "properties": { "cotrecho": 105354, "cobacia": "4668948", "nome": null, "comp_km": 5.25349862, "nustrahler": 1 }, "geometry": { "type": "MultiLineString", "coordinates": [ [ [ -63.411438999562257, -17.846676799283426 ], [ -63.411438899849259, -17.819593299404087 ], [ -63.407272100336478, -17.815426599159803 ], [ -63.407272100336478, -17.811259899035754 ], [ -63.411438800136274, -17.807093199058503 ], [ -63.411438800136274, -17.802926499254646 ] ] ] } },
{ "type": "Feature", "properties": { "cotrecho": 105893, "cobacia": "46686723", "nome": null, "comp_km": 18.10529535, "nustrahler": 1 }, "geometry": { "type": "MultiLineString", "coordinates": [ [ [ -63.76768899960625, -17.213338499757437 ], [ -63.773939000347731, -17.20708839946845 ], [ -63.769772299649631, -17.202921799206496 ], [ -63.769772199936632, -17.19042179949377 ], [ -63.765605500136857, -17.186255099591836 ], [ -63.765605400423873, -17.169588299361354 ], [ -63.769772100223648, -17.165421599708448 ], [ -63.765605299812549, -17.16125489915413 ], [ -63.765605299812549, -17.148754899641709 ], [ -63.769771999612331, -17.144588199179463 ], [ -63.757271799601675, -17.132088199723739 ], [ -63.761438500299775, -17.127921499773393 ], [ -63.761438399688465, -17.111254699588478 ], [ -63.757271600175685, -17.107088099600944 ], [ -63.757271600175685, -17.098754699723305 ], [ -63.740604700365253, -17.082087999151813 ], [ -63.736437899954169, -17.086254799431163 ] ] ] } },
{ "type": "Feature", "properties": { "cotrecho": 106374, "cobacia": "46687192", "nome": null, "comp_km": 5.77342313, "nustrahler": 1 }, "geometry": { "type": "MultiLineString", "coordinates": [ [ [ -63.763518299608499, -16.48000159961418 ], [ -63.769768400062979, -16.473751599708478 ], [ -63.773935000149784, -16.473751499781503 ], [ -63.782268500360651, -16.482084899873286 ], [ -63.790601999673207, -16.482084799089225 ], [ -63.794768700371293, -16.486251499479248 ], [ -63.80310209997085, -16.486251399558761 ], [ -63.807268799770654, -16.490418099857212 ] ] ] } },
{ "type": "Feature", "properties": { "cotrecho": 106583, "cobacia": "4668493", "nome": null, "comp_km": 1.28599828, "nustrahler": 3 }, "geometry": { "type": "MultiLineString", "coordinates": [ [ [ -64.21144840012073, -18.11542369928658 ], [ -64.203114899909849, -18.107090399554004 ] ] ] } },
{ "type": "Feature", "properties": { "cotrecho": 106726, "cobacia": "4668715", "nome": null, "comp_km": 6.09650149, "nustrahler": 4 }, "geometry": { "type": "MultiLineString", "coordinates": [ [ [ -63.832268899754645, -16.465417899763231 ], [ -63.848935600139093, -16.448750999269421 ], [ -63.85726910034996, -16.448750999269421 ], [ -63.861435800149735, -16.444584299196958 ], [ -63.865602499949517, -16.444584299196958 ], [ -63.869769199749292, -16.440417599289695 ], [ -63.878102600247168, -16.440417499345582 ] ] ] } },
{ "type": "Feature", "properties": { "cotrecho": 107082, "cobacia": "46687182", "nome": null, "comp_km": 5.10514814, "nustrahler": 1 }, "geometry": { "type": "MultiLineString", "coordinates": [ [ [ -63.898937400006595, -16.68833529930231 ], [ -63.898937400006595, -16.682085299760509 ], [ -63.907270699893168, -16.673751799821961 ], [ -63.907270799606167, -16.669585199835208 ], [ -63.911437399692943, -16.665418499651331 ], [ -63.911437399692943, -16.661251699289821 ], [ -63.907270699893168, -16.657085099126363 ], [ -63.898937199682301, -16.657085199818869 ] ] ] } },
{ "type": "Feature", "properties": { "cotrecho": 107114, "cobacia": "46684481", "nome": null, "comp_km": 6.06710426, "nustrahler": 2 }, "geometry": { "type": "MultiLineString", "coordinates": [ [ [ -63.857276700097252, -17.836257699822639 ], [ -63.853110000297477, -17.836257699822639 ], [ -63.848943199886378, -17.840424399470084 ], [ -63.844776500086603, -17.83625779987381 ], [ -63.840609899999826, -17.83625779987381 ], [ -63.83227639978896, -17.82792439971686 ], [ -63.828109699989163, -17.827924499772742 ], [ -63.819776199778289, -17.819591099782286 ], [ -63.81144289989173, -17.819591099782286 ] ] ] } },
{ "type": "Feature", "properties": { "cotrecho": 107250, "cobacia": "4668411", "nome": null, "comp_km": 5.97120053, "nustrahler": 4 }, "geometry": { "type": "MultiLineString", "coordinates": [ [ [ -64.232271599934904, -16.223748099329775 ], [ -64.232271500221884, -16.21958139945275 ], [ -64.236438200021666, -16.215414699411099 ], [ -64.236438100308689, -16.18624789933504 ], [ -64.240604700395465, -16.182081199768319 ], [ -64.240604700395465, -16.173747799136617 ] ] ] } },
{ "type": "Feature", "properties": { "cotrecho": 107254, "cobacia": "46687143", "nome": null, "comp_km": 11.43824305, "nustrahler": 2 }, "geometry": { "type": "MultiLineString", "coordinates": [ [ [ -63.803101700220559, -16.41541779942234 ], [ -63.803101799933557, -16.432084499057872 ], [ -63.807268600344642, -16.43625119941229 ], [ -63.811435300144431, -16.43625119941229 ], [ -63.823935299830772, -16.42375099915062 ], [ -63.828101999630547, -16.427917699857321 ], [ -63.836435400128423, -16.419584299600125 ], [ -63.86143559982542, -16.419584199645293 ], [ -63.873935799836069, -16.432084199212632 ] ] ] } },
{ "type": "Feature", "properties": { "cotrecho": 108024, "cobacia": "4668721", "nome": null, "comp_km": 8.63241249, "nustrahler": 3 }, "geometry": { "type": "MultiLineString", "coordinates": [ [ [ -63.757268899839936, -16.607085599484474 ], [ -63.757268899839936, -16.598752299239337 ], [ -63.761435599639711, -16.594585499411714 ], [ -63.761435400213728, -16.557085299178315 ], [ -63.769768700100286, -16.548751999392557 ], [ -63.765602000300504, -16.54458529968252 ], [ -63.765602000300504, -16.540418599516144 ], [ -63.769768700100286, -16.540418599516144 ] ] ] } },
{ "type": "Feature", "properties": { "cotrecho": 108354, "cobacia": "4668884", "nome": null, "comp_km": 3.35932013, "nustrahler": 1 }, "geometry": { "type": "MultiLineString", "coordinates": [ [ [ -62.846847600049692, -17.417510899665338 ], [ -62.85309759989287, -17.411260799207852 ], [ -62.840597499595212, -17.398760799557149 ], [ -62.840597499595212, -17.394594099084181 ] ] ] } },
{ "type": "Feature", "properties": { "cotrecho": 108862, "cobacia": "46684972", "nome": null, "comp_km": 2.48752416, "nustrahler": 1 }, "geometry": { "type": "MultiLineString", "coordinates": [ [ [ -64.134365199875617, -18.267508199635316 ], [ -64.144781900416888, -18.257091399211863 ], [ -64.153115300016466, -18.257091299399811 ] ] ] } },
{ "type": "Feature", "properties": { "cotrecho": 109184, "cobacia": "4668653", "nome": null, "comp_km": 10.56541346, "nustrahler": 3 }, "geometry": { "type": "MultiLineString", "coordinates": [ [ [ -63.844771800101043, -16.986253699302321 ], [ -63.848938499900818, -16.982086999368924 ], [ -63.857271900398693, -16.98208689970809 ], [ -63.86143860019849, -16.977920199164082 ], [ -63.873938699597815, -16.977920199164082 ], [ -63.88227210009569, -16.969586799792157 ], [ -63.936439299900783, -16.969586499071287 ] ] ] } },
{ "type": "Feature", "properties": { "cotrecho": 110690, "cobacia": "46684172", "nome": null, "comp_km": 2.72279966, "nustrahler": 1 }, "geometry": { "type": "MultiLineString", "coordinates": [ [ [ -64.001024400396361, -17.175837199608889 ], [ -63.994774299941874, -17.169587199043804 ], [ -63.998940999741649, -17.165420499366178 ], [ -63.994774200228882, -17.161253799645447 ], [ -63.994774200228882, -17.157087099049519 ] ] ] } },
{ "type": "Feature", "properties": { "cotrecho": 110887, "cobacia": "46687436", "nome": null, "comp_km": 0.70057311, "nustrahler": 1 }, "geometry": { "type": "MultiLineString", "coordinates": [ [ [ -63.578102899727362, -17.042505299864938 ], [ -63.578102800014378, -17.036255299830231 ] ] ] } },
{ "type": "Feature", "properties": { "cotrecho": 111017, "cobacia": "46684482", "nome": null, "comp_km": 3.23498048, "nustrahler": 1 }, "geometry": { "type": "MultiLineString", "coordinates": [ [ [ -63.880193700362184, -17.852924299696561 ], [ -63.87394359990769, -17.852924299696561 ], [ -63.857276700097252, -17.836257699822639 ] ] ] } },
{ "type": "Feature", "properties": { "cotrecho": 111445, "cobacia": "4668799", "nome": null, "comp_km": 3.26347853, "nustrahler": 4 }, "geometry": { "type": "MultiLineString", "coordinates": [ [ [ -63.273932599821123, -16.944589699659431 ], [ -63.278099400232222, -16.940422999180569 ], [ -63.290599499631547, -16.940422899497623 ], [ -63.298932800416438, -16.93208949923881 ] ] ] } },
{ "type": "Feature", "properties": { "cotrecho": 111507, "cobacia": "46684514", "nome": null, "comp_km": 3.0755345, "nustrahler": 1 }, "geometry": { "type": "MultiLineString", "coordinates": [ [ [ -64.046860699715012, -17.627922399744019 ], [ -64.028110499861171, -17.627922499055501 ], [ -64.023943800061403, -17.632089199314908 ], [ -64.019777100261621, -17.632089199314908 ] ] ] } },
{ "type": "Feature", "properties": { "cotrecho": 111781, "cobacia": "46684497", "nome": null, "comp_km": 5.88948278, "nustrahler": 2 }, "geometry": { "type": "MultiLineString", "coordinates": [ [ [ -63.819776799852903, -17.923758299209641 ], [ -63.815610100053135, -17.923758299209641 ], [ -63.811443400253339, -17.919591699422728 ], [ -63.811443299642036, -17.915424999088838 ], [ -63.798943099631366, -17.902924999370772 ], [ -63.786443000232033, -17.902924999370772 ], [ -63.782276400145264, -17.907091699468097 ], [ -63.778109599734165, -17.907091699468097 ] ] ] } },
{ "type": "Feature", "properties": { "cotrecho": 111913, "cobacia": "4668771", "nome": null, "comp_km": 10.11408073, "nustrahler": 4 }, "geometry": { "type": "MultiLineString", "coordinates": [ [ [ -63.582268100238934, -16.782087399837756 ], [ -63.582267999627618, -16.761253899747878 ], [ -63.590601499838492, -16.752920499446002 ], [ -63.598934799725065, -16.752920499446002 ], [ -63.611434900022708, -16.740420299447781 ], [ -63.615601599822483, -16.740420299447781 ], [ -63.636435000006728, -16.719586799176088 ] ] ] } },
{ "type": "Feature", "properties": { "cotrecho": 111955, "cobacia": "4668487", "nome": null, "comp_km": 13.08081196, "nustrahler": 2 }, "geometry": { "type": "MultiLineString", "coordinates": [ [ [ -64.019781999673185, -18.465426299205014 ], [ -64.040615399857401, -18.444592699469162 ], [ -64.04061530014441, -18.440426099588333 ], [ -64.044781999944178, -18.436259399525422 ], [ -64.044781999944178, -18.432092699011186 ], [ -64.053115400442053, -18.423759299292936 ], [ -64.05311529983075, -18.419592599290578 ], [ -64.065615400128408, -18.407092499033691 ], [ -64.065615300415402, -18.3945923998197 ], [ -64.044781600193886, -18.373759099038466 ] ] ] } },
{ "type": "Feature", "properties": { "cotrecho": 112986, "cobacia": "4668774", "nome": null, "comp_km": 2.64266306, "nustrahler": 1 }, "geometry": { "type": "MultiLineString", "coordinates": [ [ [ -63.49685100003267, -16.840421399845873 ], [ -63.511434500086708, -16.840421299250281 ], [ -63.515601100173491, -16.836254599622759 ], [ -63.51976779997328, -16.836254499884777 ] ] ] } },
{ "type": "Feature", "properties": { "cotrecho": 113960, "cobacia": "4668293", "nome": null, "comp_km": 6.86509811, "nustrahler": 1 }, "geometry": { "type": "MultiLineString", "coordinates": [ [ [ -64.186440500065117, -16.750834199725105 ], [ -64.186440500065117, -16.744584199189578 ], [ -64.203107199551226, -16.727917299557781 ], [ -64.203107199551226, -16.71541729959527 ], [ -64.207273900249334, -16.711250499091872 ], [ -64.215607299848898, -16.711250499091872 ], [ -64.219773999648666, -16.715417199793826 ] ] ] } },
{ "type": "Feature", "properties": { "cotrecho": 114241, "cobacia": "46684499", "nome": null, "comp_km": 8.5600271, "nustrahler": 1 }, "geometry": { "type": "MultiLineString", "coordinates": [ [ [ -63.826027300057689, -17.988341899431394 ], [ -63.819777199603209, -17.982091899409248 ], [ -63.823943799689985, -17.977925199786025 ], [ -63.823943799689985, -17.973758499244784 ], [ -63.828110500388071, -17.969591799521123 ], [ -63.828110300063777, -17.948758299573495 ], [ -63.823943699977001, -17.94459169932399 ], [ -63.823943600264002, -17.936258299325335 ], [ -63.819776899565902, -17.932091699614507 ], [ -63.823943499652678, -17.927924899284328 ], [ -63.819776799852903, -17.923758299209641 ] ] ] } },
{ "type": "Feature", "properties": { "cotrecho": 114298, "cobacia": "4668471", "nome": null, "comp_km": 6.80968987, "nustrahler": 3 }, "geometry": { "type": "MultiLineString", "coordinates": [ [ [ -64.086446499727188, -17.994590499057274 ], [ -64.053112900430634, -17.994590699835346 ], [ -64.048946100019535, -17.990423999677848 ], [ -64.044779400219738, -17.990424099642066 ], [ -64.036445900008871, -17.982090699782013 ], [ -64.032279200209103, -17.982090699782013 ], [ -64.032279200209103, -17.977924099247371 ] ] ] } },
{ "type": "Feature", "properties": { "cotrecho": 114444, "cobacia": "46687894", "nome": null, "comp_km": 8.44877534, "nustrahler": 1 }, "geometry": { "type": "MultiLineString", "coordinates": [ [ [ -63.326017900056343, -17.188340599452477 ], [ -63.344767899585861, -17.169590399577462 ], [ -63.344767899585861, -17.165423799534718 ], [ -63.348934600283975, -17.161257099888111 ], [ -63.348934499672644, -17.144590299678512 ], [ -63.365601200057093, -17.127923399577771 ] ] ] } },
{ "type": "Feature", "properties": { "cotrecho": 114671, "cobacia": "46688123", "nome": null, "comp_km": 6.6485798, "nustrahler": 1 }, "geometry": { "type": "MultiLineString", "coordinates": [ [ [ -63.234349699570679, -17.096673999786031 ], [ -63.240599800025159, -17.090423899619505 ], [ -63.228099600014502, -17.077923899118442 ], [ -63.232266200101307, -17.073757199491435 ], [ -63.240599700312174, -17.073757199491435 ], [ -63.244766400111949, -17.069590499539483 ], [ -63.24476630039895, -17.06125709962415 ], [ -63.248933000198726, -17.057090399713214 ] ] ] } },
{ "type": "Feature", "properties": { "cotrecho": 114772, "cobacia": "4668841", "nome": null, "comp_km": 2.50931347, "nustrahler": 2 }, "geometry": { "type": "MultiLineString", "coordinates": [ [ [ -63.065598299738241, -17.136258299248038 ], [ -63.061431500225446, -17.132091699646423 ], [ -63.061431500225446, -17.115424899704415 ] ] ] } },
{ "type": "Feature", "properties": { "cotrecho": 114809, "cobacia": "46684293", "nome": null, "comp_km": 6.97892096, "nustrahler": 1 }, "geometry": { "type": "MultiLineString", "coordinates": [ [ [ -63.576024199956528, -17.88625939941333 ], [ -63.569774200113365, -17.88625939941333 ], [ -63.561440699902491, -17.877926099418801 ], [ -63.553107300302933, -17.877926099418801 ], [ -63.544773800092067, -17.869592799173301 ], [ -63.544773800092067, -17.865426099539967 ], [ -63.548940499891849, -17.861259399707649 ], [ -63.540606999680975, -17.852926099594388 ], [ -63.540606999680975, -17.848759399327133 ] ] ] } },
{ "type": "Feature", "properties": { "cotrecho": 115714, "cobacia": "4668666", "nome": null, "comp_km": 2.05318016, "nustrahler": 1 }, "geometry": { "type": "MultiLineString", "coordinates": [ [ [ -63.809356100011982, -17.221671699159803 ], [ -63.819772799654942, -17.211254899891021 ], [ -63.823939500353035, -17.211254899891021 ] ] ] } },
{ "type": "Feature", "properties": { "cotrecho": 116964, "cobacia": "4668428", "nome": null, "comp_km": 16.01803153, "nustrahler": 1 }, "geometry": { "type": "MultiLineString", "coordinates": [ [ [ -63.530190500362309, -17.892509599026869 ], [ -63.515606899696962, -17.877926299474325 ], [ -63.515606799983978, -17.869592999238211 ], [ -63.511440100184181, -17.865426299609563 ], [ -63.511440100184181, -17.861259599781945 ], [ -63.507273400384406, -17.857092999821443 ], [ -63.507273299773104, -17.85292629967805 ], [ -63.515606700270979, -17.844592799868913 ], [ -63.507273200060105, -17.836259499033904 ], [ -63.503106500260309, -17.836259499033904 ], [ -63.498939799562237, -17.832092899469341 ], [ -63.494773099762433, -17.832092899469341 ], [ -63.490606399962665, -17.827926199867498 ], [ -63.494773000049442, -17.82375959950912 ], [ -63.486439499838568, -17.815426199763486 ], [ -63.486439599551566, -17.811259499630076 ], [ -63.482272800038793, -17.807092799643492 ], [ -63.482272800038793, -17.802926199044904 ], [ -63.47810610023901, -17.798759499434031 ], [ -63.482272700325808, -17.794592799194412 ], [ -63.486439499838568, -17.794592799194412 ], [ -63.490606199638343, -17.790425999131013 ] ] ] } },
{ "type": "Feature", "properties": { "cotrecho": 117143, "cobacia": "46687469", "nome": null, "comp_km": 8.89221102, "nustrahler": 1 }, "geometry": { "type": "MultiLineString", "coordinates": [ [ [ -63.438519600439228, -17.30500729944988 ], [ -63.432269499984749, -17.298757299263961 ], [ -63.432269499984749, -17.29459059941582 ], [ -63.436436100071525, -17.290423899568069 ], [ -63.436436100071525, -17.277923799432386 ], [ -63.440602799871321, -17.273757099849227 ], [ -63.432269299660426, -17.26542379975626 ], [ -63.432269299660426, -17.261257099792161 ], [ -63.436436000358526, -17.257090399180942 ], [ -63.428102500147659, -17.248757099072105 ], [ -63.423935800347884, -17.248757099072105 ], [ -63.419768999936785, -17.244590399253294 ] ] ] } },
{ "type": "Feature", "properties": { "cotrecho": 117490, "cobacia": "46687144", "nome": null, "comp_km": 5.44111986, "nustrahler": 1 }, "geometry": { "type": "MultiLineString", "coordinates": [ [ [ -63.815601600193908, -16.371667499355659 ], [ -63.815601699906907, -16.390417599319715 ], [ -63.811435000107124, -16.39458429952661 ], [ -63.811435000107124, -16.398750999347374 ], [ -63.807268400020334, -16.402917699617877 ], [ -63.807268400020334, -16.407084399450518 ], [ -63.803101700220559, -16.411250999722089 ], [ -63.803101700220559, -16.41541779942234 ] ] ] } },
{ "type": "Feature", "properties": { "cotrecho": 117873, "cobacia": "4668662", "nome": null, "comp_km": 2.72311776, "nustrahler": 1 }, "geometry": { "type": "MultiLineString", "coordinates": [ [ [ -63.782272000196997, -17.134171399213166 ], [ -63.78227189958568, -17.119587999173309 ], [ -63.786438600283766, -17.115421299878339 ], [ -63.790605300083556, -17.115421299878339 ] ] ] } },
{ "type": "Feature", "properties": { "cotrecho": 118133, "cobacia": "46689981", "nome": null, "comp_km": 1.28412356, "nustrahler": 2 }, "geometry": { "type": "MultiLineString", "coordinates": [ [ [ -63.786445500243467, -18.327926899519991 ], [ -63.778112200356908, -18.336260399566836 ] ] ] } },
{ "type": "Feature", "properties": { "cotrecho": 118700, "cobacia": "4668784", "nome": null, "comp_km": 10.85440926, "nustrahler": 1 }, "geometry": { "type": "MultiLineString", "coordinates": [ [ [ -63.488518300220711, -16.988338799805021 ], [ -63.47393480016666, -16.973755499075939 ], [ -63.47393480016666, -16.965422099565902 ], [ -63.486434799853008, -16.952921999594494 ], [ -63.486434799853008, -16.948755299863894 ], [ -63.482268100053219, -16.944588599733937 ], [ -63.482268000340227, -16.932088599474369 ], [ -63.486434700140009, -16.927921899729018 ], [ -63.469767699718268, -16.911255199738026 ] ] ] } },
{ "type": "Feature", "properties": { "cotrecho": 119703, "cobacia": "46689597", "nome": null, "comp_km": 5.07931848, "nustrahler": 4 }, "geometry": { "type": "MultiLineString", "coordinates": [ [ [ -63.382272799853084, -17.982094199549106 ], [ -63.369772699555433, -17.969594199799822 ], [ -63.369772599842442, -17.96542749926801 ], [ -63.37393929964221, -17.961260799607093 ], [ -63.369772599842442, -17.957094099134746 ], [ -63.369772500129429, -17.944594099087542 ] ] ] } },
{ "type": "Feature", "properties": { "cotrecho": 119981, "cobacia": "4668467", "nome": null, "comp_km": 8.52996456, "nustrahler": 2 }, "geometry": { "type": "MultiLineString", "coordinates": [ [ [ -63.957280100406308, -18.252925699466957 ], [ -63.957279999795006, -18.244592399805278 ], [ -63.953113299995231, -18.240425699098786 ], [ -63.953113200282225, -18.227925599399637 ], [ -63.957279900082007, -18.223758899542936 ], [ -63.953113200282225, -18.219592299586019 ], [ -63.953113099670908, -18.21542559903763 ], [ -63.961446500168783, -18.20709209933969 ], [ -63.961446500168783, -18.198758699318155 ], [ -63.957279800369008, -18.194592099482463 ], [ -63.957279699757713, -18.186258699201623 ] ] ] } },
{ "type": "Feature", "properties": { "cotrecho": 120883, "cobacia": "46684925", "nome": null, "comp_km": 11.05789787, "nustrahler": 2 }, "geometry": { "type": "MultiLineString", "coordinates": [ [ [ -64.315615000393208, -17.927922299295638 ], [ -64.311448299695115, -17.932088999689778 ], [ -64.307281599895347, -17.932089099686998 ], [ -64.307281599895347, -17.936255799453882 ], [ -64.303114900095537, -17.940422499423846 ], [ -64.303114999808557, -17.944589199570256 ], [ -64.29061490040921, -17.957089299092296 ], [ -64.29061490040921, -17.961255899697054 ], [ -64.286448300322419, -17.965422699451839 ], [ -64.282281599624326, -17.965422699451839 ], [ -64.278114899824544, -17.969589399242359 ], [ -64.278115000435861, -17.982089499300383 ], [ -64.273948299737768, -17.986256199744396 ], [ -64.273948299737768, -17.990422899217094 ], [ -64.269781599937971, -17.99458959940058 ], [ -64.269781699650977, -17.998756299413788 ], [ -64.265614900138203, -18.0029228992729 ] ] ] } },
{ "type": "Feature", "properties": { "cotrecho": 121068, "cobacia": "4668222", "nome": null, "comp_km": 2.20687585, "nustrahler": 1 }, "geometry": { "type": "MultiLineString", "coordinates": [ [ [ -64.371855500195949, -16.073746699909215 ], [ -64.386438899638691, -16.073746599778406 ], [ -64.390605600336784, -16.07791329959926 ] ] ] } },
{ "type": "Feature", "properties": { "cotrecho": 123335, "cobacia": "46687162", "nome": null, "comp_km": 7.73188421, "nustrahler": 1 }, "geometry": { "type": "MultiLineString", "coordinates": [ [ [ -63.909353399861963, -16.542501199607987 ], [ -63.89893659960768, -16.532084499501426 ], [ -63.89893659960768, -16.527917899727676 ], [ -63.886436399597038, -16.515417899470162 ], [ -63.882269699797256, -16.515417899470162 ], [ -63.878102999997481, -16.519584599257701 ], [ -63.869769600397909, -16.519584599257701 ], [ -63.861436100187042, -16.511251299315273 ], [ -63.857269400387253, -16.511251299315273 ] ] ] } },
{ "type": "Feature", "properties": { "cotrecho": 123378, "cobacia": "46687643", "nome": null, "comp_km": 12.28435127, "nustrahler": 1 }, "geometry": { "type": "MultiLineString", "coordinates": [ [ [ -63.359349300277096, -16.78625509970734 ], [ -63.378099500130915, -16.786254999083003 ], [ -63.382266299643689, -16.790421699327993 ], [ -63.407266500239004, -16.790421599565871 ], [ -63.428099900423227, -16.769587999838553 ], [ -63.440599999822567, -16.769587999838553 ], [ -63.444766800233666, -16.77375469917914 ], [ -63.461433600331098, -16.773754599408299 ] ] ] } },
{ "type": "Feature", "properties": { "cotrecho": 124540, "cobacia": "46684831", "nome": null, "comp_km": 4.44105625, "nustrahler": 2 }, "geometry": { "type": "MultiLineString", "coordinates": [ [ [ -64.078114300276852, -18.198758099391657 ], [ -64.078114300276852, -18.194591499541623 ], [ -64.082280900363628, -18.19042479924655 ], [ -64.082280799752311, -18.182091399525177 ], [ -64.090614299963178, -18.173757999433928 ], [ -64.090614200250187, -18.169591299103196 ], [ -64.094780900049983, -18.165424599187109 ] ] ] } },
{ "type": "Feature", "properties": { "cotrecho": 124868, "cobacia": "4668693", "nome": null, "comp_km": 4.44227722, "nustrahler": 2 }, "geometry": { "type": "MultiLineString", "coordinates": [ [ [ -63.54477120036762, -17.41125729944044 ], [ -63.54477120036762, -17.407090599223629 ], [ -63.548937900167417, -17.402923899153468 ], [ -63.548937900167417, -17.398757199256305 ], [ -63.54477120036762, -17.394590499558518 ], [ -63.544771099756318, -17.386257199453087 ], [ -63.536437600443762, -17.377923799307869 ] ] ] } },
{ "type": "Feature", "properties": { "cotrecho": 124900, "cobacia": "46684292", "nome": null, "comp_km": 5.1009417, "nustrahler": 1 }, "geometry": { "type": "MultiLineString", "coordinates": [ [ [ -63.580190800043333, -17.867509299118989 ], [ -63.569773999789064, -17.857092599663517 ], [ -63.565607299989267, -17.857092599663517 ], [ -63.561440600189492, -17.85292599955255 ], [ -63.553107099978625, -17.85292599955255 ], [ -63.548940400178836, -17.848759399327133 ], [ -63.540606999680975, -17.848759399327133 ] ] ] } },
{ "type": "Feature", "properties": { "cotrecho": 124929, "cobacia": "46684852", "nome": null, "comp_km": 1.60575108, "nustrahler": 1 }, "geometry": { "type": "MultiLineString", "coordinates": [ [ [ -64.055198400448162, -18.367508999258725 ], [ -64.04894839970666, -18.373759099038466 ], [ -64.044781600193886, -18.369592399249846 ] ] ] } },
{ "type": "Feature", "properties": { "cotrecho": 125717, "cobacia": "4668986", "nome": null, "comp_km": 4.49643562, "nustrahler": 1 }, "geometry": { "type": "MultiLineString", "coordinates": [ [ [ -63.690610399633719, -18.180010199371932 ], [ -63.690610299920721, -18.173760099050902 ], [ -63.694776999720496, -18.169593399623793 ], [ -63.694776999720496, -18.165426699757834 ], [ -63.690610200207729, -18.161260099346705 ], [ -63.690610200207729, -18.148759999728899 ], [ -63.694776900007497, -18.14459329977959 ] ] ] } },
{ "type": "Feature", "properties": { "cotrecho": 126078, "cobacia": "46684745", "nome": null, "comp_km": 4.9442671, "nustrahler": 2 }, "geometry": { "type": "MultiLineString", "coordinates": [ [ [ -64.257280799852722, -17.873755699146994 ], [ -64.232280600155718, -17.898755999321242 ], [ -64.228114000068942, -17.898755999321242 ], [ -64.22394730026916, -17.902922699056329 ] ] ] } },
{ "type": "Feature", "properties": { "cotrecho": 126395, "cobacia": "46684995", "nome": null, "comp_km": 5.55126079, "nustrahler": 2 }, "geometry": { "type": "MultiLineString", "coordinates": [ [ [ -64.182283200236441, -18.407091799250466 ], [ -64.173949700025574, -18.398758499689013 ], [ -64.173949700025574, -18.390425099565597 ], [ -64.169782899614503, -18.386258499847472 ], [ -64.169782899614503, -18.377925099730156 ], [ -64.165616199814707, -18.373758399119872 ], [ -64.165616100101715, -18.369591799061556 ], [ -64.161449400301933, -18.365425099237651 ] ] ] } },
{ "type": "Feature", "properties": { "cotrecho": 126439, "cobacia": "466832", "nome": null, "comp_km": 3.49945818, "nustrahler": 1 }, "geometry": { "type": "MultiLineString", "coordinates": [ [ [ -64.305188100380221, -16.073746999438438 ], [ -64.315604899736144, -16.073746899307636 ], [ -64.323938300234019, -16.065413499322968 ], [ -64.328105000033815, -16.069580199365994 ], [ -64.332271699833598, -16.069580199365994 ] ] ] } },
{ "type": "Feature", "properties": { "cotrecho": 126459, "cobacia": "46684271", "nome": null, "comp_km": 7.25339516, "nustrahler": 2 }, "geometry": { "type": "MultiLineString", "coordinates": [ [ [ -63.561439700077585, -17.707091999333009 ], [ -63.561439700077585, -17.698758599143833 ], [ -63.565606300164369, -17.694591899476329 ], [ -63.561439600364572, -17.690425199843681 ], [ -63.561439600364572, -17.686258499416535 ], [ -63.565606300164369, -17.682091799077256 ], [ -63.569772999964144, -17.682091799077256 ], [ -63.573939699763926, -17.677925099708236 ], [ -63.573939699763926, -17.673758399624234 ], [ -63.578106299850702, -17.669591699707663 ], [ -63.582272999650492, -17.669591699707663 ], [ -63.59060640014836, -17.661258299626876 ] ] ] } },
{ "type": "Feature", "properties": { "cotrecho": 126463, "cobacia": "46684194", "nome": null, "comp_km": 10.61603175, "nustrahler": 1 }, "geometry": { "type": "MultiLineString", "coordinates": [ [ [ -63.82602380022135, -17.37792239931721 ], [ -63.832273800064527, -17.377922299868985 ], [ -63.836440599577287, -17.382088899091421 ], [ -63.840607300275401, -17.377922299868985 ], [ -63.848940699874959, -17.377922199563461 ], [ -63.857274100372827, -17.369588799812984 ], [ -63.857273999761503, -17.365422099643112 ], [ -63.8614406995613, -17.361255399883508 ], [ -63.861440599848301, -17.352921999128402 ], [ -63.865607400259393, -17.348755299042956 ], [ -63.865607299648076, -17.344588699796997 ], [ -63.861440599848301, -17.34042199905663 ], [ -63.861440599848301, -17.332088599307379 ], [ -63.869773899734852, -17.323755199469854 ], [ -63.869773899734852, -17.319588499262213 ] ] ] } },
{ "type": "Feature", "properties": { "cotrecho": 126464, "cobacia": "46684221", "nome": null, "comp_km": 16.586875, "nustrahler": 2 }, "geometry": { "type": "MultiLineString", "coordinates": [ [ [ -63.732273899591796, -17.569590399132657 ], [ -63.732273899591796, -17.561256999185822 ], [ -63.73644060028991, -17.561256999185822 ], [ -63.753107299776019, -17.54459019981897 ], [ -63.753107299776019, -17.536256799109029 ], [ -63.757273899862817, -17.532090099874832 ], [ -63.757273999575816, -17.527923399138839 ], [ -63.748940500263259, -17.519590099490884 ], [ -63.757273899862817, -17.511256699069381 ], [ -63.757273800149811, -17.507089899554632 ], [ -63.761440499949593, -17.502923299165424 ], [ -63.757273800149811, -17.498756599794874 ], [ -63.757273800149811, -17.494589899133672 ], [ -63.761440400236609, -17.490423199778515 ], [ -63.761440400236609, -17.477923099532102 ], [ -63.765607100036384, -17.473756499063835 ], [ -63.769773799836166, -17.473756399667806 ], [ -63.773940499635941, -17.469589699528033 ], [ -63.773940399922942, -17.461256299384459 ], [ -63.769773700123167, -17.457089699695512 ], [ -63.765607000323385, -17.457089699695512 ] ] ] } },
{ "type": "Feature", "properties": { "cotrecho": 126465, "cobacia": "46684212", "nome": null, "comp_km": 4.16547061, "nustrahler": 1 }, "geometry": { "type": "MultiLineString", "coordinates": [ [ [ -63.771856700129256, -17.398755999155995 ], [ -63.794773599782864, -17.398755899719092 ], [ -63.80310700028074, -17.407089299745692 ], [ -63.807273799793506, -17.407089199456159 ] ] ] } },
{ "type": "Feature", "properties": { "cotrecho": 126466, "cobacia": "46684214", "nome": null, "comp_km": 15.03260891, "nustrahler": 1 }, "geometry": { "type": "MultiLineString", "coordinates": [ [ [ -63.811441200279219, -17.546673199771291 ], [ -63.811441200279219, -17.540423199593057 ], [ -63.815607900078994, -17.536256499310436 ], [ -63.811441200279219, -17.532089799212748 ], [ -63.81144109966791, -17.519589799664747 ], [ -63.815607800365996, -17.515422999487001 ], [ -63.81144109966791, -17.511256399229513 ], [ -63.811440999954897, -17.494589599266266 ], [ -63.807274300155129, -17.49042299929113 ], [ -63.80727420044213, -17.486256299550284 ], [ -63.803107400031031, -17.482089699703057 ], [ -63.803107400031031, -17.47792289903094 ], [ -63.798940799944255, -17.473756299414934 ], [ -63.798940599619947, -17.448756099638466 ], [ -63.794773800107158, -17.444589499523531 ], [ -63.78644039960929, -17.444589499523531 ], [ -63.778107000009733, -17.436256199644994 ] ] ] } },
{ "type": "Feature", "properties": { "cotrecho": 126479, "cobacia": "4668659", "nome": null, "comp_km": 3.51142458, "nustrahler": 3 }, "geometry": { "type": "MultiLineString", "coordinates": [ [ [ -63.732271100441388, -17.044587899112877 ], [ -63.740604400327946, -17.036254499338416 ], [ -63.740604400327946, -17.027921099206594 ], [ -63.748937700214505, -17.019587699785777 ] ] ] } },
{ "type": "Feature", "properties": { "cotrecho": 126497, "cobacia": "46684441", "nome": null, "comp_km": 29.2678486, "nustrahler": 2 }, "geometry": { "type": "MultiLineString", "coordinates": [ [ [ -63.669775200123986, -17.890425599263587 ], [ -63.669775100410988, -17.886258899298017 ], [ -63.67394180021077, -17.882092199855315 ], [ -63.669775100410988, -17.877925499252246 ], [ -63.67394180021077, -17.873758799225303 ], [ -63.67394180021077, -17.869592099801139 ], [ -63.67810840029756, -17.865425399296388 ], [ -63.682275100097328, -17.865425399296388 ], [ -63.682275100097328, -17.861258699447703 ], [ -63.686441799897118, -17.857091999426611 ], [ -63.686441799897118, -17.852925299259756 ], [ -63.703108500281552, -17.83625849937707 ], [ -63.707275200081334, -17.83625849937707 ], [ -63.715608599680891, -17.82792499919697 ], [ -63.715608400254901, -17.807091599687897 ], [ -63.719775199767682, -17.802924899846687 ], [ -63.719775100054683, -17.790424799063388 ], [ -63.728108399941256, -17.782091399040173 ], [ -63.728108399941256, -17.777924699086928 ], [ -63.732275099741031, -17.77375799949316 ], [ -63.732275099741031, -17.76959139951861 ], [ -63.736441800439131, -17.765424599779497 ], [ -63.736441699827807, -17.761257999805967 ], [ -63.740608500238906, -17.757091199256152 ], [ -63.748941800125479, -17.757091199256152 ], [ -63.753108499925247, -17.752924499291936 ], [ -63.757275199725036, -17.752924499291936 ], [ -63.761441900423122, -17.748757799846594 ], [ -63.765608600222912, -17.748757799846594 ], [ -63.76977530002268, -17.744590999133038 ], [ -63.782275400320337, -17.744590999133038 ], [ -63.786442100120126, -17.740424299091771 ], [ -63.790608799919895, -17.74042419984244 ], [ -63.794775499719698, -17.736257499541825 ], [ -63.79894220041777, -17.736257499541825 ], [ -63.803108900217566, -17.732090799866342 ], [ -63.811442299817116, -17.732090699756778 ], [ -63.815608999616899, -17.72792399987506 ], [ -63.819775700314985, -17.732090699756778 ], [ -63.823942499827773, -17.732090699756778 ] ] ] } },
{ "type": "Feature", "properties": { "cotrecho": 126499, "cobacia": "46684445", "nome": null, "comp_km": 15.4637893, "nustrahler": 1 }, "geometry": { "type": "MultiLineString", "coordinates": [ [ [ -63.771860700327217, -18.090425999552473 ], [ -63.765610599872737, -18.090425999552473 ], [ -63.76144390007294, -18.086259299844617 ], [ -63.744777000262509, -18.086259399754397 ], [ -63.740610199851425, -18.082092699291209 ], [ -63.728110200165069, -18.082092799203366 ], [ -63.723943399753992, -18.07792609971947 ], [ -63.723943300040993, -18.052925999138267 ], [ -63.715609799830126, -18.044592699393956 ], [ -63.715609799830126, -18.040425999662308 ], [ -63.71144310003033, -18.036259299466732 ], [ -63.707276400230555, -18.036259299466732 ], [ -63.703109599819456, -18.032092699628731 ], [ -63.707276299619231, -18.027925999442015 ], [ -63.703109599819456, -18.023759399671018 ], [ -63.703109500106471, -18.019592699599929 ], [ -63.707276299619231, -18.015425999198449 ], [ -63.707276199906246, -18.011259299347458 ], [ -63.711442899706029, -18.007092599219469 ] ] ] } },
{ "type": "Feature", "properties": { "cotrecho": 126538, "cobacia": "4668274", "nome": null, "comp_km": 17.69376882, "nustrahler": 1 }, "geometry": { "type": "MultiLineString", "coordinates": [ [ [ -64.221856200154164, -16.500832799223758 ], [ -64.228106299710319, -16.494582799128107 ], [ -64.228106100284336, -16.465415999346583 ], [ -64.232272800084104, -16.461249199761639 ], [ -64.232272800084104, -16.457082499308072 ], [ -64.236439400170909, -16.457082499308072 ], [ -64.244772799770459, -16.44874909955103 ], [ -64.244772799770459, -16.444582499379788 ], [ -64.248939499570241, -16.440415699489744 ], [ -64.248939499570241, -16.436248999732772 ], [ -64.244772700057453, -16.432082399279572 ], [ -64.244772700057453, -16.427915699122938 ], [ -64.24893939985725, -16.423748999234988 ], [ -64.24893939985725, -16.419582299641601 ], [ -64.253106099657018, -16.415415599507046 ], [ -64.261439400441901, -16.415415499550036 ], [ -64.265606199954675, -16.419582199686765 ], [ -64.269772899754457, -16.415415499550036 ], [ -64.269772899754457, -16.407082099479691 ], [ -64.278106300252347, -16.398748699278077 ], [ -64.282272900339109, -16.402915399597809 ], [ -64.286439699851897, -16.402915399597809 ], [ -64.290606399651665, -16.407081999518436 ] ] ] } },
{ "type": "Feature", "properties": { "cotrecho": 126539, "cobacia": "46684132", "nome": null, "comp_km": 10.92551929, "nustrahler": 1 }, "geometry": { "type": "MultiLineString", "coordinates": [ [ [ -64.288522300107672, -16.267497999797179 ], [ -64.278105499853424, -16.257081299525133 ], [ -64.265605399555753, -16.257081399563141 ], [ -64.257271999956217, -16.26541479966226 ], [ -64.257272099669208, -16.277914899403896 ], [ -64.24893870006963, -16.286248299809191 ], [ -64.24893870006963, -16.29041499959034 ], [ -64.244772000269847, -16.294581699630964 ], [ -64.22393850037264, -16.294581799649819 ], [ -64.219771799674547, -16.290415199632339 ] ] ] } },
{ "type": "Feature", "properties": { "cotrecho": 126541, "cobacia": "46684162", "nome": null, "comp_km": 8.08309195, "nustrahler": 1 }, "geometry": { "type": "MultiLineString", "coordinates": [ [ [ -63.973940599720336, -17.134170399123843 ], [ -63.973940500007352, -17.119586999864037 ], [ -63.978107199807141, -17.115420299688136 ], [ -63.978107100094142, -17.10292029963319 ], [ -63.973940400294353, -17.098753599844891 ], [ -63.969773699596267, -17.098753599844891 ], [ -63.965606900083486, -17.094586899574548 ], [ -63.965606900083486, -17.086253599873622 ], [ -63.969773599883254, -17.082086899175028 ], [ -63.973940299683044, -17.082086799567428 ], [ -63.978106899769827, -17.077920099347974 ] ] ] } },
{ "type": "Feature", "properties": { "cotrecho": 126544, "cobacia": "46684138", "nome": null, "comp_km": 8.78627814, "nustrahler": 1 }, "geometry": { "type": "MultiLineString", "coordinates": [ [ [ -64.173938799867926, -16.454999499752191 ], [ -64.173938799867926, -16.444582799205698 ], [ -64.161438599857277, -16.432082799073218 ], [ -64.161438500144271, -16.423749399907422 ], [ -64.157271800344503, -16.419582699460992 ], [ -64.161438500144271, -16.415415999334972 ], [ -64.161438400431294, -16.398749199105787 ], [ -64.165605100231062, -16.394582599214207 ], [ -64.165605100231062, -16.38624919922913 ] ] ] } },
{ "type": "Feature", "properties": { "cotrecho": 126566, "cobacia": "4668991", "nome": null, "comp_km": 4.14524421, "nustrahler": 3 }, "geometry": { "type": "MultiLineString", "coordinates": [ [ [ -63.582276200347842, -18.219594199837051 ], [ -63.573942700136968, -18.211260899642724 ], [ -63.573942700136968, -18.202927499347965 ], [ -63.561442500126326, -18.190427599321783 ] ] ] } },
{ "type": "Feature", "properties": { "cotrecho": 127089, "cobacia": "46684516", "nome": null, "comp_km": 4.58936549, "nustrahler": 1 }, "geometry": { "type": "MultiLineString", "coordinates": [ [ [ -64.059361100049969, -17.673755799353344 ], [ -64.053110999595489, -17.673755899495418 ], [ -64.040610799584826, -17.661255899473385 ], [ -64.032277399985261, -17.661255999622448 ], [ -64.028110700185493, -17.657089299457986 ], [ -64.028110599574177, -17.652922599567013 ] ] ] } },
{ "type": "Feature", "properties": { "cotrecho": 127152, "cobacia": "466834", "nome": null, "comp_km": 3.08588499, "nustrahler": 1 }, "geometry": { "type": "MultiLineString", "coordinates": [ [ [ -64.240604599784149, -16.150830999864809 ], [ -64.240604599784149, -16.157080999502885 ], [ -64.232271200184599, -16.16541439984227 ], [ -64.236437999697358, -16.169581099848614 ], [ -64.240604700395465, -16.169581099848614 ] ] ] } },
{ "type": "Feature", "properties": { "cotrecho": 128025, "cobacia": "46684123", "nome": null, "comp_km": 10.8112727, "nustrahler": 1 }, "geometry": { "type": "MultiLineString", "coordinates": [ [ [ -64.13018840031711, -16.446666299150376 ], [ -64.119771600062833, -16.436249699356654 ], [ -64.119771399738525, -16.398749499864184 ], [ -64.123937999825316, -16.394582799149561 ], [ -64.123937999825316, -16.39041599980257 ], [ -64.148938099809314, -16.365415799450069 ] ] ] } },
{ "type": "Feature", "properties": { "cotrecho": 129348, "cobacia": "46689478", "nome": null, "comp_km": 2.71876842, "nustrahler": 1 }, "geometry": { "type": "MultiLineString", "coordinates": [ [ [ -63.440605599920055, -17.784176299320553 ], [ -63.440605500207056, -17.769592899136484 ], [ -63.436438800407267, -17.765426199523237 ], [ -63.432272099709181, -17.765426199523237 ] ] ] } },
{ "type": "Feature", "properties": { "cotrecho": 129349, "cobacia": "46689461", "nome": null, "comp_km": 11.84608944, "nustrahler": 2 }, "geometry": { "type": "MultiLineString", "coordinates": [ [ [ -63.386437199965741, -17.56959219930603 ], [ -63.386437100252749, -17.56542549937415 ], [ -63.403103900350189, -17.548758599697749 ], [ -63.403103900350189, -17.54042529984806 ], [ -63.39893709993909, -17.53625859961371 ], [ -63.39893709993909, -17.532091899564278 ], [ -63.407270500436965, -17.523758599494659 ], [ -63.407270500436965, -17.515425199404671 ], [ -63.403103799738865, -17.511258499822141 ], [ -63.415603699712229, -17.49875839981479 ], [ -63.423937199923095, -17.498758299575691 ], [ -63.428103800009872, -17.494591599810239 ], [ -63.432270600420971, -17.494591599810239 ] ] ] } },
{ "type": "Feature", "properties": { "cotrecho": 130277, "cobacia": "4668455", "nome": null, "comp_km": 7.01662889, "nustrahler": 3 }, "geometry": { "type": "MultiLineString", "coordinates": [ [ [ -64.028111499686091, -17.802923299583433 ], [ -64.028111499686091, -17.79875659904955 ], [ -64.023944700173303, -17.794589999672137 ], [ -64.023944700173303, -17.790423299620322 ], [ -64.028111399973099, -17.786256499769024 ], [ -64.028111399973099, -17.782089799445554 ], [ -64.048944800157315, -17.761256299076173 ], [ -64.048944800157315, -17.757089599437862 ], [ -64.053111400244106, -17.75292289943636 ] ] ] } },
{ "type": "Feature", "properties": { "cotrecho": 130467, "cobacia": "46687891", "nome": null, "comp_km": 7.43898186, "nustrahler": 2 }, "geometry": { "type": "MultiLineString", "coordinates": [ [ [ -63.394767900127874, -17.082089799816352 ], [ -63.403101299727446, -17.073756299548293 ], [ -63.394767800414876, -17.06542299978063 ], [ -63.390601099716775, -17.06542299978063 ], [ -63.386434399917, -17.061256299239442 ], [ -63.390601099716775, -17.057089699790343 ], [ -63.394767699803559, -17.057089599310611 ], [ -63.398934500214658, -17.052922899161558 ], [ -63.398934500214658, -17.0445894991663 ], [ -63.403101100301434, -17.0404227993725 ], [ -63.403101100301434, -17.036256199095185 ] ] ] } },
{ "type": "Feature", "properties": { "cotrecho": 130936, "cobacia": "46684195", "nome": null, "comp_km": 2.04625995, "nustrahler": 4 }, "geometry": { "type": "MultiLineString", "coordinates": [ [ [ -63.873940700145951, -17.336255199413809 ], [ -63.873940600432967, -17.323755199469854 ], [ -63.869773899734852, -17.319588499262213 ] ] ] } },
{ "type": "Feature", "properties": { "cotrecho": 131731, "cobacia": "4668231", "nome": null, "comp_km": 8.15960054, "nustrahler": 3 }, "geometry": { "type": "MultiLineString", "coordinates": [ [ [ -64.44477299956786, -16.111246499554888 ], [ -64.440606299768078, -16.107079799077983 ], [ -64.444772899854868, -16.102913099131449 ], [ -64.444772899854868, -16.098746399741064 ], [ -64.415605800033774, -16.069579799697557 ], [ -64.415605700320782, -16.052912999140563 ] ] ] } },
{ "type": "Feature", "properties": { "cotrecho": 133254, "cobacia": "46684133", "nome": null, "comp_km": 0.64585148, "nustrahler": 4 }, "geometry": { "type": "MultiLineString", "coordinates": [ [ [ -64.215605099874765, -16.294581799649819 ], [ -64.219771799674547, -16.290415199632339 ] ] ] } },
{ "type": "Feature", "properties": { "cotrecho": 134196, "cobacia": "4668465", "nome": null, "comp_km": 8.03657429, "nustrahler": 2 }, "geometry": { "type": "MultiLineString", "coordinates": [ [ [ -63.957279699757713, -18.186258699201623 ], [ -63.957279600044686, -18.169591999845746 ], [ -63.961446299844489, -18.165425299092824 ], [ -63.957279600044686, -18.161258599634898 ], [ -63.957279500331701, -18.157091999660985 ], [ -63.953112799633615, -18.152925199589816 ], [ -63.957279500331701, -18.148758599783896 ], [ -63.961446200131491, -18.148758499056161 ], [ -63.965612800218267, -18.144591799071083 ], [ -63.965612800218267, -18.140425199540289 ], [ -63.961446100418492, -18.136258499027814 ], [ -63.961446100418492, -18.127925099062701 ] ] ] } },
{ "type": "Feature", "properties": { "cotrecho": 134197, "cobacia": "4668461", "nome": null, "comp_km": 9.99357895, "nustrahler": 2 }, "geometry": { "type": "MultiLineString", "coordinates": [ [ [ -63.994779299964762, -18.052924599281784 ], [ -63.994779200251749, -18.044591199537638 ], [ -64.003112599851306, -18.03625779953936 ], [ -64.003112500138315, -18.019591099582872 ], [ -64.015612499824655, -18.007090899134127 ], [ -64.015612499824655, -18.002924299527038 ], [ -64.023945900322531, -17.994590799797201 ], [ -64.023945900322531, -17.990424199606288 ], [ -64.028112500409335, -17.986257499309865 ], [ -64.028112600122327, -17.982090799750949 ], [ -64.032279200209103, -17.977924099247371 ] ] ] } },
{ "type": "Feature", "properties": { "cotrecho": 135009, "cobacia": "4668675", "nome": null, "comp_km": 11.21793458, "nustrahler": 3 }, "geometry": { "type": "MultiLineString", "coordinates": [ [ [ -63.632270500181058, -17.132088799784089 ], [ -63.640603899780629, -17.123755399244754 ], [ -63.640603899780629, -17.111255399307986 ], [ -63.648937199667188, -17.102921899186359 ], [ -63.657270699878062, -17.102921799589929 ], [ -63.665603900051636, -17.094588499199283 ], [ -63.665603999764635, -17.090421799367427 ], [ -63.669770699564403, -17.08625509910587 ], [ -63.669770699564403, -17.082088399299479 ], [ -63.673937299651207, -17.077921699115741 ], [ -63.673937299651207, -17.073754999439593 ], [ -63.682270700149076, -17.06542159913862 ], [ -63.686437300235852, -17.065421499522152 ], [ -63.690604000035627, -17.061254799806242 ] ] ] } },
{ "type": "Feature", "properties": { "cotrecho": 135849, "cobacia": "46689463", "nome": null, "comp_km": 25.74204681, "nustrahler": 2 }, "geometry": { "type": "MultiLineString", "coordinates": [ [ [ -63.319770899687903, -17.752926799832856 ], [ -63.319770899687903, -17.744593399028084 ], [ -63.323937499774679, -17.740426599793331 ], [ -63.328104300185778, -17.740426599793331 ], [ -63.328104199574476, -17.732093299182786 ], [ -63.340604299872126, -17.719593199213179 ], [ -63.340604200159127, -17.71542649979498 ], [ -63.344770899958924, -17.711259799423228 ], [ -63.344770899958924, -17.707093099835916 ], [ -63.340604100446129, -17.702926399348122 ], [ -63.340604100446129, -17.698759699697835 ], [ -63.33643739974805, -17.694593099330561 ], [ -63.344770699634601, -17.686259699326431 ], [ -63.3489375000457, -17.686259599191295 ], [ -63.3489375000457, -17.682092899733405 ], [ -63.353104100132477, -17.677926199533989 ], [ -63.353104000419478, -17.65709279962018 ], [ -63.357270700219274, -17.652926099810223 ], [ -63.357270700219274, -17.648759399444174 ], [ -63.361437400019049, -17.644592699404622 ], [ -63.357270599607951, -17.640426099878681 ], [ -63.357270400181953, -17.598759099170522 ], [ -63.361437099981728, -17.594592399124441 ], [ -63.361437099981728, -17.586259099549586 ], [ -63.365603700068526, -17.582092399028998 ], [ -63.365603700068526, -17.577925699258703 ], [ -63.373937099668083, -17.56959219930603 ], [ -63.386437199965741, -17.56959219930603 ] ] ] } },
{ "type": "Feature", "properties": { "cotrecho": 139464, "cobacia": "4668634", "nome": null, "comp_km": 1.4125868, "nustrahler": 1 }, "geometry": { "type": "MultiLineString", "coordinates": [ [ [ -63.988520899975356, -16.559167599571328 ], [ -63.994771000429829, -16.552917499127002 ], [ -63.998937700229604, -16.552917499127002 ] ] ] } },
{ "type": "Feature", "properties": { "cotrecho": 139616, "cobacia": "4668864", "nome": null, "comp_km": 15.69489477, "nustrahler": 1 }, "geometry": { "type": "MultiLineString", "coordinates": [ [ [ -63.098934000194248, -17.505009999612977 ], [ -63.098933899582917, -17.48625989983767 ], [ -63.073933499561619, -17.461259899309457 ], [ -63.065600000249049, -17.461259999569211 ], [ -63.057266599751202, -17.452926599666569 ], [ -63.057266599751202, -17.444593299458617 ], [ -63.053099899951405, -17.44042659907311 ], [ -63.053099800238407, -17.432093199849316 ], [ -63.048932999827308, -17.42792649934977 ], [ -63.048932999827308, -17.419593199560964 ], [ -63.04476630002754, -17.415426499187035 ], [ -63.04476630002754, -17.411259799764125 ], [ -63.040599499616441, -17.40709319903667 ], [ -63.036432799816666, -17.411259899194196 ], [ -63.032266100016884, -17.40709319903667 ], [ -63.028099400217108, -17.40709319903667 ] ] ] } },
{ "type": "Feature", "properties": { "cotrecho": 141097, "cobacia": "4668967", "nome": null, "comp_km": 8.04849963, "nustrahler": 1 }, "geometry": { "type": "MultiLineString", "coordinates": [ [ [ -63.571857899907052, -17.952926399732341 ], [ -63.561441099652797, -17.952926399732341 ], [ -63.557274399853014, -17.957093199287041 ], [ -63.548941099966441, -17.957093199287041 ], [ -63.544774299555364, -17.952926499717783 ], [ -63.536440800242801, -17.952926599703225 ], [ -63.532274100443011, -17.948759899378171 ], [ -63.519774000145368, -17.948759999365972 ], [ -63.507273999560702, -17.961260099742056 ] ] ] } },
{ "type": "Feature", "properties": { "cotrecho": 142713, "cobacia": "4668676", "nome": null, "comp_km": 31.56277733, "nustrahler": 1 }, "geometry": { "type": "MultiLineString", "coordinates": [ [ [ -63.736439499853681, -17.359172699110328 ], [ -63.736439400140682, -17.344589299167161 ], [ -63.740606099940457, -17.340422599297916 ], [ -63.728105899929808, -17.327922599251156 ], [ -63.728105800216817, -17.319589199051467 ], [ -63.719772399718941, -17.311255899421337 ], [ -63.719772300005943, -17.307089199695898 ], [ -63.723938999805718, -17.302922499891956 ], [ -63.723938900092733, -17.273755699064296 ], [ -63.71977220029293, -17.269588999581373 ], [ -63.719772099681634, -17.265422299398868 ], [ -63.707271899670985, -17.252922399095276 ], [ -63.711438600369078, -17.248755699813071 ], [ -63.711438600369078, -17.244588999104753 ], [ -63.707271899670985, -17.240422299570319 ], [ -63.70310510015819, -17.240422299570319 ], [ -63.686438200347766, -17.223755599501885 ], [ -63.686438200347766, -17.219588999761804 ], [ -63.682271499649673, -17.215422299247695 ], [ -63.682271399936681, -17.207088899745607 ], [ -63.665604599839249, -17.190422299815943 ], [ -63.66560450012625, -17.182088899860219 ], [ -63.661437800326453, -17.177922199647099 ], [ -63.661437699715151, -17.173755499312104 ], [ -63.648937499704509, -17.161255499120209 ], [ -63.653104200402595, -17.157088799420801 ], [ -63.653104200402595, -17.152922199300392 ], [ -63.632270500181058, -17.132088799784089 ] ] ] } },
{ "type": "Feature", "properties": { "cotrecho": 143211, "cobacia": "4668677", "nome": null, "comp_km": 7.24674293, "nustrahler": 3 }, "geometry": { "type": "MultiLineString", "coordinates": [ [ [ -63.615604000120932, -17.19042249977317 ], [ -63.615603900407933, -17.165422399645287 ], [ -63.619770600207708, -17.161255699108899 ], [ -63.619770499596406, -17.144588899631977 ], [ -63.632270500181058, -17.132088799784089 ] ] ] } },
{ "type": "Feature", "properties": { "cotrecho": 143476, "cobacia": "4668844", "nome": null, "comp_km": 6.935471, "nustrahler": 1 }, "geometry": { "type": "MultiLineString", "coordinates": [ [ [ -63.096848899927018, -17.196675199312931 ], [ -63.090598800370856, -17.190425199624858 ], [ -63.090598800370856, -17.186258499799411 ], [ -63.094765500170624, -17.182091799799618 ], [ -63.090598800370856, -17.177925099651667 ], [ -63.090598699759539, -17.16542499943991 ], [ -63.082265200446983, -17.157091699751181 ], [ -63.078098499748883, -17.157091699751181 ], [ -63.073931799949115, -17.152925099695878 ], [ -63.069765100149311, -17.152925099695878 ] ] ] } },
{ "type": "Feature", "properties": { "cotrecho": 144190, "cobacia": "46689532", "nome": null, "comp_km": 17.29774805, "nustrahler": 1 }, "geometry": { "type": "MultiLineString", "coordinates": [ [ [ -63.188518499987907, -17.559176499074798 ], [ -63.198935199630846, -17.548759699454415 ], [ -63.198935099917861, -17.527926299609302 ], [ -63.194768400118065, -17.523759599177705 ], [ -63.194768300405066, -17.511259599806227 ], [ -63.203101700004638, -17.502926199178617 ], [ -63.207268399804427, -17.502926099798561 ], [ -63.207268300091414, -17.490425999747465 ], [ -63.211434999891196, -17.486259399464547 ], [ -63.211434900178212, -17.477925999087205 ], [ -63.215601699690986, -17.473759299289327 ], [ -63.215601599977987, -17.469592599215893 ], [ -63.219768299777769, -17.465425899750301 ], [ -63.219768299777769, -17.461259199205049 ], [ -63.223934999577544, -17.457092499320385 ], [ -63.223934899864545, -17.452925799265799 ], [ -63.228101700275644, -17.448759099067637 ], [ -63.228101599664335, -17.444592399609309 ], [ -63.232268300362435, -17.440425699203246 ], [ -63.236435000162203, -17.440425699203246 ], [ -63.240601799674991, -17.44459229934041 ], [ -63.24476839976176, -17.44459229934041 ] ] ] } },
{ "type": "Feature", "properties": { "cotrecho": 144651, "cobacia": "466883", "nome": null, "comp_km": 6.99146531, "nustrahler": 3 }, "geometry": { "type": "MultiLineString", "coordinates": [ [ [ -63.061431500225446, -17.115424899704415 ], [ -63.069764800112019, -17.107091499541255 ], [ -63.069764899825017, -17.102924799503359 ], [ -63.07809819971159, -17.094591399646049 ], [ -63.078098099998591, -17.086257999682349 ], [ -63.086431499598149, -17.077924599821866 ], [ -63.090598200296235, -17.077924599821866 ], [ -63.094764900096038, -17.073757899351772 ], [ -63.098931599895806, -17.077924599821866 ] ] ] } },
{ "type": "Feature", "properties": { "cotrecho": 145314, "cobacia": "46689596", "nome": null, "comp_km": 6.8741952, "nustrahler": 1 }, "geometry": { "type": "MultiLineString", "coordinates": [ [ [ -63.326022300004603, -17.980011099592755 ], [ -63.340605700345655, -17.965427699224723 ], [ -63.340605599734339, -17.961260899587828 ], [ -63.344772300432439, -17.957094199117833 ], [ -63.344772300432439, -17.952927599557583 ], [ -63.348939000232214, -17.948760899256119 ], [ -63.361439099631554, -17.948760799268317 ], [ -63.365605800329654, -17.944594099087542 ], [ -63.369772500129429, -17.944594099087542 ] ] ] } },
{ "type": "Feature", "properties": { "cotrecho": 145548, "cobacia": "4668787", "nome": null, "comp_km": 8.08395112, "nustrahler": 2 }, "geometry": { "type": "MultiLineString", "coordinates": [ [ [ -63.403101100301434, -17.036256199095185 ], [ -63.403101100301434, -17.032089499098763 ], [ -63.39893429989035, -17.027922799898047 ], [ -63.407267700388225, -17.019589399693984 ], [ -63.407267700388225, -17.01542269960186 ], [ -63.411434400188007, -17.011255999551231 ], [ -63.411434299576698, -17.007089299568268 ], [ -63.419767700074566, -16.998755899050863 ], [ -63.423934399874341, -16.998755899050863 ], [ -63.428101099674137, -16.994589199427853 ], [ -63.43226780037223, -16.994589099773656 ], [ -63.440601199971788, -16.986255699348018 ] ] ] } },
{ "type": "Feature", "properties": { "cotrecho": 145549, "cobacia": "4668781", "nome": null, "comp_km": 0.93389489, "nustrahler": 2 }, "geometry": { "type": "MultiLineString", "coordinates": [ [ [ -63.490601099902484, -16.882088299701419 ], [ -63.490601099902484, -16.873754899833056 ] ] ] } },
{ "type": "Feature", "properties": { "cotrecho": 145592, "cobacia": "46689841", "nome": null, "comp_km": 1.92700605, "nustrahler": 2 }, "geometry": { "type": "MultiLineString", "coordinates": [ [ [ -63.698943500094302, -18.123759799808756 ], [ -63.68644339979663, -18.136259899072893 ] ] ] } },
{ "type": "Feature", "properties": { "cotrecho": 147051, "cobacia": "4668763", "nome": null, "comp_km": 16.40278514, "nustrahler": 3 }, "geometry": { "type": "MultiLineString", "coordinates": [ [ [ -63.482267199941312, -16.786254499401505 ], [ -63.49476719962766, -16.773754399866608 ], [ -63.507267399638316, -16.773754299235655 ], [ -63.515600800136184, -16.76542089953907 ], [ -63.519767499935959, -16.76542089953907 ], [ -63.523934199735756, -16.761254199080124 ], [ -63.52393410002275, -16.757087499395659 ], [ -63.528100799822532, -16.75292079965153 ], [ -63.528100700109533, -16.727920699466168 ], [ -63.532267300196324, -16.723753999175116 ], [ -63.540600800407191, -16.723753899378067 ], [ -63.54476750020698, -16.719587199233374 ], [ -63.553100899806523, -16.719587199233374 ], [ -63.55726759960632, -16.715420499263278 ], [ -63.561434300304398, -16.715420399461831 ], [ -63.565601000104195, -16.71125369969014 ], [ -63.565600900391196, -16.70708709909038 ], [ -63.569767600190971, -16.702920299131677 ], [ -63.569767600190971, -16.694586899687685 ] ] ] } },
{ "type": "Feature", "properties": { "cotrecho": 147505, "cobacia": "4668874", "nome": null, "comp_km": 2.71732942, "nustrahler": 1 }, "geometry": { "type": "MultiLineString", "coordinates": [ [ [ -62.917681099590602, -17.325843399626766 ], [ -62.911431099747439, -17.319593399501933 ], [ -62.911431099747439, -17.315426699247904 ], [ -62.903097600434869, -17.307093299230161 ] ] ] } },
{ "type": "Feature", "properties": { "cotrecho": 147607, "cobacia": "46684515", "nome": null, "comp_km": 2.69004346, "nustrahler": 3 }, "geometry": { "type": "MultiLineString", "coordinates": [ [ [ -64.028110599574177, -17.652922599567013 ], [ -64.023943899774395, -17.648755899119998 ], [ -64.023943899774395, -17.640422499231885 ], [ -64.019777100261621, -17.636255899150719 ], [ -64.019777100261621, -17.632089199314908 ] ] ] } },
{ "type": "Feature", "properties": { "cotrecho": 148065, "cobacia": "4668873", "nome": null, "comp_km": 2.21863918, "nustrahler": 3 }, "geometry": { "type": "MultiLineString", "coordinates": [ [ [ -62.903097600434869, -17.307093299230161 ], [ -62.903097600434869, -17.302926699865626 ], [ -62.907264199623356, -17.298759999246929 ], [ -62.907264300234665, -17.294593299459901 ], [ -62.911430900321442, -17.290426599673282 ] ] ] } },
{ "type": "Feature", "properties": { "cotrecho": 149413, "cobacia": "46687413", "nome": null, "comp_km": 8.13639424, "nustrahler": 3 }, "geometry": { "type": "MultiLineString", "coordinates": [ [ [ -63.653102700216067, -16.873754099508403 ], [ -63.653102599604772, -16.865420699886872 ], [ -63.657269300302843, -16.861253999817329 ], [ -63.657269300302843, -16.857087299896616 ], [ -63.682269400286863, -16.832087099799583 ], [ -63.682269400286863, -16.82792039907152 ], [ -63.673935900075989, -16.819587099320433 ], [ -63.673935900075989, -16.815420399745175 ] ] ] } },
{ "type": "Feature", "properties": { "cotrecho": 149414, "cobacia": "46687435", "nome": null, "comp_km": 7.84452941, "nustrahler": 3 }, "geometry": { "type": "MultiLineString", "coordinates": [ [ [ -63.578102800014378, -17.036255299830231 ], [ -63.582269499814146, -17.036255299830231 ], [ -63.590602900312021, -17.027921899734078 ], [ -63.594769600111803, -17.027921799238698 ], [ -63.598936299911578, -17.0237550991198 ], [ -63.598936200198594, -17.007088399304109 ], [ -63.603102899998369, -17.002921699394946 ], [ -63.60310280028537, -16.986254899501564 ], [ -63.607269500085152, -16.982088199594827 ] ] ] } },
{ "type": "Feature", "properties": { "cotrecho": 149415, "cobacia": "46687437", "nome": null, "comp_km": 6.30606753, "nustrahler": 3 }, "geometry": { "type": "MultiLineString", "coordinates": [ [ [ -63.53643599964591, -17.06958899931448 ], [ -63.536435899932911, -17.065422299889029 ], [ -63.565602699716706, -17.036255299830231 ], [ -63.578102800014378, -17.036255299830231 ] ] ] } },
{ "type": "Feature", "properties": { "cotrecho": 149690, "cobacia": "4668636", "nome": null, "comp_km": 10.95518309, "nustrahler": 1 }, "geometry": { "type": "MultiLineString", "coordinates": [ [ [ -63.963521400065964, -16.709168399609325 ], [ -63.973938200320227, -16.698751699423074 ], [ -63.973938099708917, -16.686251599886749 ], [ -63.982271500206778, -16.677918199771163 ], [ -63.986438200006575, -16.677918199771163 ], [ -63.99060489980635, -16.673751399668639 ], [ -63.994771599606132, -16.677918099089617 ], [ -63.998938300304218, -16.673751399668639 ], [ -63.998938300304218, -16.66125139980068 ], [ -64.003104900391023, -16.657084599106319 ], [ -64.023938500001222, -16.657084499274411 ] ] ] } },
{ "type": "Feature", "properties": { "cotrecho": 151195, "cobacia": "46689982", "nome": null, "comp_km": 5.84138671, "nustrahler": 1 }, "geometry": { "type": "MultiLineString", "coordinates": [ [ [ -63.813528900270867, -18.288343299100418 ], [ -63.803112199729604, -18.298760099449144 ], [ -63.798945400216816, -18.298760099449144 ], [ -63.794778800130047, -18.302926799307791 ], [ -63.794778800130047, -18.307093499575725 ], [ -63.790612100330257, -18.311260199373184 ], [ -63.790612200043242, -18.323760299085702 ], [ -63.786445500243467, -18.327926899519991 ] ] ] } },
{ "type": "Feature", "properties": { "cotrecho": 152256, "cobacia": "46684741", "nome": null, "comp_km": 2.81136643, "nustrahler": 2 }, "geometry": { "type": "MultiLineString", "coordinates": [ [ [ -64.128113900170234, -18.052923899780573 ], [ -64.123947200370452, -18.052923899780573 ], [ -64.115613700159585, -18.044590599082614 ], [ -64.111447000359803, -18.044590599082614 ], [ -64.10728029966171, -18.040423999237063 ] ] ] } },
{ "type": "Feature", "properties": { "cotrecho": 152614, "cobacia": "466895952", "nome": null, "comp_km": 1.80904277, "nustrahler": 1 }, "geometry": { "type": "MultiLineString", "coordinates": [ [ [ -63.215603400201822, -17.784177399349744 ], [ -63.215603299590505, -17.777927399641914 ], [ -63.219770000288598, -17.773760699255693 ], [ -63.219770000288598, -17.769593999255481 ] ] ] } },
{ "type": "Feature", "properties": { "cotrecho": 152793, "cobacia": "46687466", "nome": null, "comp_km": 4.47363482, "nustrahler": 1 }, "geometry": { "type": "MultiLineString", "coordinates": [ [ [ -63.392685399585076, -17.234173899317668 ], [ -63.403102100126354, -17.223757099339974 ], [ -63.403102100126354, -17.215423699617293 ], [ -63.415602099812688, -17.202923599558215 ] ] ] } },
{ "type": "Feature", "properties": { "cotrecho": 153403, "cobacia": "46689561", "nome": null, "comp_km": 10.69456309, "nustrahler": 2 }, "geometry": { "type": "MultiLineString", "coordinates": [ [ [ -63.253103000408871, -17.644593199340221 ], [ -63.253102899797554, -17.636259899676524 ], [ -63.248936199997772, -17.632093199077065 ], [ -63.248936100284773, -17.619593199295569 ], [ -63.244769399586687, -17.615426499731122 ], [ -63.244769299873688, -17.607093099675531 ], [ -63.240602600073899, -17.60292639923728 ], [ -63.236435900274131, -17.60292639923728 ], [ -63.232269199576031, -17.598759799600703 ], [ -63.228102400063257, -17.598759799600703 ], [ -63.223935700263461, -17.594593199756872 ], [ -63.223935700263461, -17.59042649954387 ], [ -63.215602299765585, -17.582093099523775 ], [ -63.215602200052587, -17.573759799277219 ], [ -63.211435500252819, -17.569593099392687 ] ] ] } },
{ "type": "Feature", "properties": { "cotrecho": 153843, "cobacia": "46687482", "nome": null, "comp_km": 3.99719918, "nustrahler": 1 }, "geometry": { "type": "MultiLineString", "coordinates": [ [ [ -63.509353099980146, -17.219589899856537 ], [ -63.515603200434626, -17.21958979946465 ], [ -63.519769900234408, -17.215423099826644 ], [ -63.519769900234408, -17.207089699502507 ], [ -63.515603099823309, -17.202923099269828 ], [ -63.515603099823309, -17.198756399217235 ], [ -63.511436300310542, -17.194589799316979 ] ] ] } },
{ "type": "Feature", "properties": { "cotrecho": 154556, "cobacia": "4668683", "nome": null, "comp_km": 7.07628838, "nustrahler": 2 }, "geometry": { "type": "MultiLineString", "coordinates": [ [ [ -63.669772199750945, -17.373756499158116 ], [ -63.669772199750945, -17.361256399600393 ], [ -63.665605400238164, -17.357089799759727 ], [ -63.661438700438389, -17.361256499057671 ], [ -63.648938600140717, -17.361256499057671 ], [ -63.644771900340942, -17.357089799759727 ], [ -63.640605199642842, -17.357089899219236 ], [ -63.636438499843074, -17.352923199529155 ], [ -63.623938299832403, -17.352923299848367 ] ] ] } },
{ "type": "Feature", "properties": { "cotrecho": 155313, "cobacia": "4668543", "nome": null, "comp_km": 2.82843623, "nustrahler": 2 }, "geometry": { "type": "MultiLineString", "coordinates": [ [ [ -64.053103200422186, -16.227915599438948 ], [ -64.06143660002175, -16.227915599438948 ], [ -64.073936599708105, -16.215415399825275 ] ] ] } },
{ "type": "Feature", "properties": { "cotrecho": 155314, "cobacia": "4668547", "nome": null, "comp_km": 6.44608387, "nustrahler": 1 }, "geometry": { "type": "MultiLineString", "coordinates": [ [ [ -63.961435399686827, -16.196665899882365 ], [ -63.961435500298123, -16.202915899407522 ], [ -63.957268799600037, -16.207082599761065 ], [ -63.957268799600037, -16.215415999317699 ], [ -63.944768799913703, -16.227916099703052 ], [ -63.944768799913703, -16.236249499209503 ], [ -63.953102300124577, -16.244582799325791 ] ] ] } },
{ "type": "Feature", "properties": { "cotrecho": 155315, "cobacia": "4668545", "nome": null, "comp_km": 11.49195782, "nustrahler": 2 }, "geometry": { "type": "MultiLineString", "coordinates": [ [ [ -63.953102300124577, -16.244582799325791 ], [ -63.986436000032448, -16.244582699281459 ], [ -63.990602600119225, -16.240415899728418 ], [ -63.998935999718796, -16.240415899728418 ], [ -64.003102800129867, -16.236249199063757 ], [ -64.040603100124528, -16.236248999829087 ], [ -64.04476979992431, -16.232082399805691 ], [ -64.048936499724078, -16.232082299755 ], [ -64.053103200422186, -16.227915599438948 ] ] ] } },
{ "type": "Feature", "properties": { "cotrecho": 155587, "cobacia": "46684122", "nome": null, "comp_km": 1.31357637, "nustrahler": 1 }, "geometry": { "type": "MultiLineString", "coordinates": [ [ [ -64.138521400166368, -16.361249199799708 ], [ -64.144771400009532, -16.361249199799708 ], [ -64.148938099809314, -16.365415799450069 ] ] ] } },
{ "type": "Feature", "properties": { "cotrecho": 155731, "cobacia": "4668766", "nome": null, "comp_km": 3.33224003, "nustrahler": 1 }, "geometry": { "type": "MultiLineString", "coordinates": [ [ [ -63.363516300114178, -16.84458869987159 ], [ -63.37393310036844, -16.84458869987159 ], [ -63.378099800168215, -16.840421999120434 ], [ -63.378099800168215, -16.836255299508316 ], [ -63.382266499967997, -16.832088599341706 ], [ -63.382266400254998, -16.82792189950646 ] ] ] } },
{ "type": "Feature", "properties": { "cotrecho": 155835, "cobacia": "46684442", "nome": null, "comp_km": 12.65278552, "nustrahler": 1 }, "geometry": { "type": "MultiLineString", "coordinates": [ [ [ -63.617691799825593, -17.975842899125858 ], [ -63.623941799668756, -17.969592799281205 ], [ -63.623941799668756, -17.95709279935469 ], [ -63.632275099555315, -17.948759399439211 ], [ -63.64060850005319, -17.94875929945141 ], [ -63.653108600350862, -17.936259199279036 ], [ -63.653108600350862, -17.932092499592201 ], [ -63.657275200437638, -17.927925799280384 ], [ -63.653108499739552, -17.923759099224988 ], [ -63.657275200437638, -17.919592399452608 ], [ -63.657275200437638, -17.915425699135181 ], [ -63.661441799626097, -17.911259099163068 ], [ -63.661441799626097, -17.89875899980186 ], [ -63.669775200123986, -17.890425599263587 ] ] ] } },
{ "type": "Feature", "properties": { "cotrecho": 157461, "cobacia": "46684213", "nome": null, "comp_km": 4.77181265, "nustrahler": 3 }, "geometry": { "type": "MultiLineString", "coordinates": [ [ [ -63.778107000009733, -17.436256199644994 ], [ -63.794773700394167, -17.419589399105224 ], [ -63.794773700394167, -17.415422699501708 ], [ -63.798940400193949, -17.411255999134962 ], [ -63.803107099993731, -17.411255999134962 ], [ -63.807273799793506, -17.407089199456159 ] ] ] } },
{ "type": "Feature", "properties": { "cotrecho": 158080, "cobacia": "46684924", "nome": null, "comp_km": 4.18399193, "nustrahler": 1 }, "geometry": { "type": "MultiLineString", "coordinates": [ [ [ -64.244781199916673, -17.975839599179803 ], [ -64.244781299629679, -17.982089599269326 ], [ -64.248948000327772, -17.986256299710977 ], [ -64.248948100040778, -17.990422999181309 ], [ -64.25311479984056, -17.990422899217094 ], [ -64.265614900138203, -18.0029228992729 ] ] ] } },
{ "type": "Feature", "properties": { "cotrecho": 158937, "cobacia": "46684532", "nome": null, "comp_km": 2.39146134, "nustrahler": 1 }, "geometry": { "type": "MultiLineString", "coordinates": [ [ [ -64.067694799686819, -17.736256099751792 ], [ -64.061444799843656, -17.736256099751792 ], [ -64.053111400244106, -17.744589599408176 ], [ -64.048944700444324, -17.744589599408176 ] ] ] } },
{ "type": "Feature", "properties": { "cotrecho": 159718, "cobacia": "466844442", "nome": null, "comp_km": 2.89220133, "nustrahler": 1 }, "geometry": { "type": "MultiLineString", "coordinates": [ [ [ -63.771860400289896, -18.042509099644342 ], [ -63.753110099824774, -18.023759099835068 ] ] ] } },
{ "type": "Feature", "properties": { "cotrecho": 160208, "cobacia": "46684211", "nome": null, "comp_km": 5.65797832, "nustrahler": 3 }, "geometry": { "type": "MultiLineString", "coordinates": [ [ [ -63.807273799793506, -17.407089199456159 ], [ -63.815607099680079, -17.407089199456159 ], [ -63.819773900091178, -17.411255899704887 ], [ -63.819773900091178, -17.415422499788942 ], [ -63.828107400302052, -17.423755899072614 ], [ -63.840607499701377, -17.411255799417646 ], [ -63.84477420039947, -17.4112556991304 ] ] ] } },
{ "type": "Feature", "properties": { "cotrecho": 161014, "cobacia": "4668786", "nome": null, "comp_km": 5.91910377, "nustrahler": 1 }, "geometry": { "type": "MultiLineString", "coordinates": [ [ [ -63.480185100047137, -17.021672399290232 ], [ -63.44476789977157, -16.986255699348018 ], [ -63.440601199971788, -16.986255699348018 ] ] ] } },
{ "type": "Feature", "properties": { "cotrecho": 161111, "cobacia": "466826", "nome": null, "comp_km": 13.53608976, "nustrahler": 1 }, "geometry": { "type": "MultiLineString", "coordinates": [ [ [ -64.336440400181516, -16.463332099456199 ], [ -64.336440400181516, -16.452915399191333 ], [ -64.332273700381734, -16.4487486997917 ], [ -64.332273700381734, -16.440415299713251 ], [ -64.328106899970635, -16.436248599086106 ], [ -64.328106699646327, -16.402915099707588 ], [ -64.319773200333756, -16.394581799472739 ], [ -64.319773200333756, -16.386248499425406 ], [ -64.315606499635678, -16.382081799334198 ], [ -64.315606499635678, -16.37791509979623 ], [ -64.303106299625014, -16.365415099571557 ], [ -64.303106299625014, -16.361248399059537 ], [ -64.298939599825246, -16.357081799216903 ] ] ] } },
{ "type": "Feature", "properties": { "cotrecho": 161588, "cobacia": "46684252", "nome": null, "comp_km": 5.26731556, "nustrahler": 1 }, "geometry": { "type": "MultiLineString", "coordinates": [ [ [ -63.56560609984006, -17.65917499972084 ], [ -63.56560609984006, -17.652924999831594 ], [ -63.582272899937493, -17.636258199474462 ], [ -63.582272800224494, -17.632091499691825 ], [ -63.586439500024284, -17.627924799485587 ], [ -63.594772899623848, -17.62792469931799 ] ] ] } },
{ "type": "Feature", "properties": { "cotrecho": 162478, "cobacia": "4668278", "nome": null, "comp_km": 4.88601256, "nustrahler": 1 }, "geometry": { "type": "MultiLineString", "coordinates": [ [ [ -64.31352399999119, -16.529999199118318 ], [ -64.307273799823719, -16.523749099197175 ], [ -64.303107100023951, -16.523749199098287 ], [ -64.298940400224154, -16.519582499566337 ], [ -64.294773700424386, -16.519582499566337 ], [ -64.282273500413737, -16.507082499178722 ], [ -64.278106799715644, -16.507082599088456 ] ] ] } },
{ "type": "Feature", "properties": { "cotrecho": 162753, "cobacia": "46687463", "nome": null, "comp_km": 3.46135179, "nustrahler": 2 }, "geometry": { "type": "MultiLineString", "coordinates": [ [ [ -63.419768799612484, -17.194590199222436 ], [ -63.423935500310577, -17.190423499559337 ], [ -63.428102200110345, -17.190423499559337 ], [ -63.436435499996911, -17.182089999245353 ], [ -63.44060230040801, -17.182089999245353 ], [ -63.444769000207792, -17.177923299056957 ] ] ] } },
{ "type": "Feature", "properties": { "cotrecho": 162865, "cobacia": "4668921", "nome": null, "comp_km": 1.55352355, "nustrahler": 2 }, "geometry": { "type": "MultiLineString", "coordinates": [ [ [ -63.307267899628506, -17.236257599454984 ], [ -63.307267899628506, -17.232090899818552 ], [ -63.303101100115732, -17.227924299248269 ], [ -63.29893440031595, -17.227924299248269 ] ] ] } },
{ "type": "Feature", "properties": { "cotrecho": 163245, "cobacia": "46689842", "nome": null, "comp_km": 2.27748552, "nustrahler": 1 }, "geometry": { "type": "MultiLineString", "coordinates": [ [ [ -63.703110100181078, -18.105009799829336 ], [ -63.703110100181078, -18.119593099444799 ], [ -63.698943500094302, -18.123759799808756 ] ] ] } },
{ "type": "Feature", "properties": { "cotrecho": 165093, "cobacia": "4668966", "nome": null, "comp_km": 2.82993907, "nustrahler": 1 }, "geometry": { "type": "MultiLineString", "coordinates": [ [ [ -63.530190900112629, -17.96959339913726 ], [ -63.519774199571351, -17.96959339913726 ], [ -63.511440599647479, -17.961260099742056 ], [ -63.507273999560702, -17.961260099742056 ] ] ] } },
{ "type": "Feature", "properties": { "cotrecho": 165264, "cobacia": "466856", "nome": null, "comp_km": 3.08473275, "nustrahler": 1 }, "geometry": { "type": "MultiLineString", "coordinates": [ [ [ -64.115604000151137, -16.275832199582062 ], [ -64.115604099864143, -16.282082199602502 ], [ -64.128104200161786, -16.294582299744164 ], [ -64.132270899961583, -16.294582299744164 ] ] ] } },
{ "type": "Feature", "properties": { "cotrecho": 166996, "cobacia": "46687341", "nome": null, "comp_km": 11.78546997, "nustrahler": 2 }, "geometry": { "type": "MultiLineString", "coordinates": [ [ [ -63.640601099731889, -16.594586099459075 ], [ -63.648934500229757, -16.594586099459075 ], [ -63.653101100316547, -16.590419399600151 ], [ -63.682268100424643, -16.590419199866997 ], [ -63.715601600008199, -16.557085499807137 ], [ -63.728101700305857, -16.557085499807137 ], [ -63.732268400105639, -16.561252199712658 ] ] ] } },
{ "type": "Feature", "properties": { "cotrecho": 166997, "cobacia": "46687343", "nome": null, "comp_km": 18.63225824, "nustrahler": 1 }, "geometry": { "type": "MultiLineString", "coordinates": [ [ [ -63.534350300202398, -16.644586899568395 ], [ -63.548933800256442, -16.644586799730007 ], [ -63.557267100143022, -16.636253399294969 ], [ -63.56560049974258, -16.636253299452239 ], [ -63.56976720044068, -16.632086699675959 ], [ -63.56976720044068, -16.623753299182727 ], [ -63.56560049974258, -16.619586599221122 ], [ -63.586433899926796, -16.598753099859056 ], [ -63.590600599726578, -16.598753099859056 ], [ -63.594767300424671, -16.602919699151485 ], [ -63.59476740013767, -16.615419799343695 ], [ -63.603100799737227, -16.623753099484222 ], [ -63.607267500435341, -16.623753099484222 ], [ -63.619767599834667, -16.611252999425574 ], [ -63.619767599834667, -16.607086299350684 ], [ -63.623934299634442, -16.602919599291415 ], [ -63.632267799845309, -16.602919499431348 ], [ -63.640601099731889, -16.594586099459075 ] ] ] } },
{ "type": "Feature", "properties": { "cotrecho": 167040, "cobacia": "46684997", "nome": null, "comp_km": 3.9727363, "nustrahler": 2 }, "geometry": { "type": "MultiLineString", "coordinates": [ [ [ -64.182283399662452, -18.436258599300047 ], [ -64.190616700447322, -18.427925299226192 ], [ -64.190616700447322, -18.423758499009381 ], [ -64.182283299949475, -18.415425199195198 ], [ -64.182283200236441, -18.407091799250466 ] ] ] } },
{ "type": "Feature", "properties": { "cotrecho": 167472, "cobacia": "46684853", "nome": null, "comp_km": 0.46761026, "nustrahler": 2 }, "geometry": { "type": "MultiLineString", "coordinates": [ [ [ -64.044781600193886, -18.373759099038466 ], [ -64.044781600193886, -18.369592399249846 ] ] ] } },
{ "type": "Feature", "properties": { "cotrecho": 167521, "cobacia": "4668914", "nome": null, "comp_km": 23.11912166, "nustrahler": 1 }, "geometry": { "type": "MultiLineString", "coordinates": [ [ [ -63.21976759999017, -17.346675299603202 ], [ -63.21976759999017, -17.336258599429069 ], [ -63.228100899876722, -17.327925199330387 ], [ -63.228100899876722, -17.323758499381459 ], [ -63.223934200076947, -17.319591799248659 ], [ -63.23643430037459, -17.307091699725714 ], [ -63.236434199763295, -17.302924999120737 ], [ -63.240600899563077, -17.298758299321179 ], [ -63.240600899563077, -17.294591599495689 ], [ -63.244767600261163, -17.290424899670573 ], [ -63.244767600261163, -17.282091499268944 ], [ -63.248934200347939, -17.27792479960279 ], [ -63.244767499649853, -17.273758099184466 ], [ -63.244767399936869, -17.269591399755818 ], [ -63.248934200347939, -17.265424799136685 ], [ -63.244767399936869, -17.261258099195143 ], [ -63.244767399936869, -17.257091399464429 ], [ -63.253100800434744, -17.248757999882635 ], [ -63.253100699823413, -17.240424599743722 ], [ -63.265600800121085, -17.227924399635629 ], [ -63.265600700408093, -17.219591099410827 ], [ -63.261433999709986, -17.215424399802089 ], [ -63.269767400207861, -17.207090999536558 ], [ -63.269767299596552, -17.198757599764761 ], [ -63.286434099693992, -17.182090799110245 ], [ -63.290600800392085, -17.182090699556255 ] ] ] } },
{ "type": "Feature", "properties": { "cotrecho": 168596, "cobacia": "466895956", "nome": null, "comp_km": 3.09566246, "nustrahler": 1 }, "geometry": { "type": "MultiLineString", "coordinates": [ [ [ -63.388522600270264, -17.93209389955312 ], [ -63.36977240041643, -17.932093999550339 ], [ -63.365605800329654, -17.936260699201895 ], [ -63.365605800329654, -17.94042739905651 ] ] ] } },
{ "type": "Feature", "properties": { "cotrecho": 169308, "cobacia": "46689954", "nome": null, "comp_km": 7.2096787, "nustrahler": 1 }, "geometry": { "type": "MultiLineString", "coordinates": [ [ [ -63.617694200124014, -18.38417809982375 ], [ -63.623944199967191, -18.37792809967414 ], [ -63.623943899929884, -18.336261199403882 ], [ -63.628110700340983, -18.332094499601173 ], [ -63.628110599729659, -18.323761099833316 ] ] ] } },
{ "type": "Feature", "properties": { "cotrecho": 169383, "cobacia": "46684174", "nome": null, "comp_km": 0.96643189, "nustrahler": 1 }, "geometry": { "type": "MultiLineString", "coordinates": [ [ [ -63.926023699795735, -17.188337599202043 ], [ -63.932273800250215, -17.194587599836929 ] ] ] } },
{ "type": "Feature", "properties": { "cotrecho": 169501, "cobacia": "4668855", "nome": null, "comp_km": 3.85923572, "nustrahler": 3 }, "geometry": { "type": "MultiLineString", "coordinates": [ [ [ -62.92809750009458, -17.252926299087825 ], [ -62.953097699791563, -17.22792609935658 ] ] ] } },
{ "type": "Feature", "properties": { "cotrecho": 169684, "cobacia": "4668291", "nome": null, "comp_km": 23.30854471, "nustrahler": 2 }, "geometry": { "type": "MultiLineString", "coordinates": [ [ [ -64.219773999648666, -16.715417199793826 ], [ -64.223940700346759, -16.711250399288275 ], [ -64.223940599735442, -16.702917099254112 ], [ -64.22810730043355, -16.698750399309979 ], [ -64.22810730043355, -16.694583699670503 ], [ -64.253107400417548, -16.669583499361703 ], [ -64.253107400417548, -16.657083399402445 ], [ -64.244773900206667, -16.648750099177047 ], [ -64.232273700196032, -16.648750199873938 ], [ -64.223940299698157, -16.640416799705587 ], [ -64.223940299698157, -16.636250099320307 ], [ -64.228107000396236, -16.632083399629625 ], [ -64.228106899784933, -16.619583399671978 ], [ -64.23227359958473, -16.61541669957867 ], [ -64.23227359958473, -16.61124989959329 ], [ -64.240606900369585, -16.602916499324664 ], [ -64.240606799758282, -16.582083099705709 ], [ -64.257273599855722, -16.565416299606934 ], [ -64.257273599855722, -16.561249599344123 ], [ -64.253106800342934, -16.557082899382365 ], [ -64.253106800342934, -16.552916199747607 ] ] ] } },
{ "type": "Feature", "properties": { "cotrecho": 169803, "cobacia": "46684121", "nome": null, "comp_km": 19.73405921, "nustrahler": 2 }, "geometry": { "type": "MultiLineString", "coordinates": [ [ [ -64.148938099809314, -16.365415799450069 ], [ -64.161438200106986, -16.352915699170161 ], [ -64.161437900069672, -16.290415399674334 ], [ -64.228104800422116, -16.223748099329775 ], [ -64.232271599934904, -16.223748099329775 ] ] ] } },
{ "type": "Feature", "properties": { "cotrecho": 169895, "cobacia": "46687433", "nome": null, "comp_km": 3.97819302, "nustrahler": 3 }, "geometry": { "type": "MultiLineString", "coordinates": [ [ [ -63.607269500085152, -16.982088199594827 ], [ -63.623936199571276, -16.965421399300347 ], [ -63.623936199571276, -16.952921299282345 ] ] ] } },
{ "type": "Feature", "properties": { "cotrecho": 169900, "cobacia": "46689782", "nome": null, "comp_km": 1.60542697, "nustrahler": 1 }, "geometry": { "type": "MultiLineString", "coordinates": [ [ [ -63.46769159967188, -18.192511399256762 ], [ -63.457274800315922, -18.182094699862972 ] ] ] } },
{ "type": "Feature", "properties": { "cotrecho": 171453, "cobacia": "4668466", "nome": null, "comp_km": 13.46787055, "nustrahler": 1 }, "geometry": { "type": "MultiLineString", "coordinates": [ [ [ -63.915613200324884, -18.28834279927711 ], [ -63.915613200324884, -18.273759399443019 ], [ -63.919779800411661, -18.269592599119768 ], [ -63.919779800411661, -18.265425999030377 ], [ -63.923946500211443, -18.261259199124442 ], [ -63.923946399600119, -18.25709259951568 ], [ -63.932279800098001, -18.248759199407498 ], [ -63.932279800098001, -18.244592499624478 ], [ -63.940613099984567, -18.236259099028381 ], [ -63.940613099984567, -18.219592299586019 ], [ -63.944779799784335, -18.21542559903763 ], [ -63.944779700071351, -18.211258899462383 ], [ -63.94894639987114, -18.20709219918044 ], [ -63.948946300158141, -18.190425499052022 ], [ -63.953112999957909, -18.186258799054308 ], [ -63.957279699757713, -18.186258699201623 ] ] ] } },
{ "type": "Feature", "properties": { "cotrecho": 172562, "cobacia": "466844443", "nome": null, "comp_km": 4.99739799, "nustrahler": 1 }, "geometry": { "type": "MultiLineString", "coordinates": [ [ [ -63.792693799575801, -18.023758899090222 ], [ -63.786443700019639, -18.023758899090222 ], [ -63.782277000219864, -18.019592299809243 ], [ -63.769776899922206, -18.019592299809243 ], [ -63.765610200122431, -18.01542559939827 ], [ -63.761443399711332, -18.015425699348317 ], [ -63.753110099824774, -18.023759099835068 ] ] ] } },
{ "type": "Feature", "properties": { "cotrecho": 172563, "cobacia": "466844441", "nome": null, "comp_km": 5.88667578, "nustrahler": 2 }, "geometry": { "type": "MultiLineString", "coordinates": [ [ [ -63.753110099824774, -18.023759099835068 ], [ -63.744776700225216, -18.023759099835068 ], [ -63.740609899814118, -18.019592499704604 ], [ -63.736443200014342, -18.019592499704604 ], [ -63.732276500214546, -18.023759199780383 ], [ -63.728109800414771, -18.0237592997257 ], [ -63.719776399916903, -18.015425899248406 ], [ -63.715609700117113, -18.015425899248406 ], [ -63.711442899706029, -18.011259299347458 ], [ -63.711442899706029, -18.007092599219469 ] ] ] } },
{ "type": "Feature", "properties": { "cotrecho": 172821, "cobacia": "4668696", "nome": null, "comp_km": 4.60125791, "nustrahler": 1 }, "geometry": { "type": "MultiLineString", "coordinates": [ [ [ -63.569772300176531, -17.555007799338259 ], [ -63.569772199565229, -17.548757799718953 ], [ -63.557271999554587, -17.536257799579747 ], [ -63.55310529975479, -17.536257799579747 ], [ -63.548938599955015, -17.532091099511966 ], [ -63.540605200355458, -17.532091199732626 ] ] ] } },
{ "type": "Feature", "properties": { "cotrecho": 173671, "cobacia": "4668692", "nome": null, "comp_km": 19.79015287, "nustrahler": 1 }, "geometry": { "type": "MultiLineString", "coordinates": [ [ [ -63.478104500339498, -17.517508099143818 ], [ -63.478104500339498, -17.507091399645212 ], [ -63.490604500025832, -17.494591299086053 ], [ -63.490604400312847, -17.486257899202027 ], [ -63.494771199825607, -17.48209119914312 ], [ -63.494771100112622, -17.477924499612786 ], [ -63.486437599901748, -17.469591199071125 ], [ -63.486437599901748, -17.465424499573455 ], [ -63.490604299701538, -17.461257799853104 ], [ -63.482270800388982, -17.452924499257215 ], [ -63.498937599588082, -17.436257599188881 ], [ -63.498937499875098, -17.427924299231449 ], [ -63.511437600172755, -17.415424099205328 ], [ -63.51560429997253, -17.415424099205328 ], [ -63.528104299658871, -17.40292399944525 ], [ -63.528104299658871, -17.394590599854908 ], [ -63.532271000356978, -17.390423899527953 ], [ -63.532271000356978, -17.382090499656723 ], [ -63.536437600443762, -17.377923799307869 ] ] ] } },
{ "type": "Feature", "properties": { "cotrecho": 173859, "cobacia": "46689563", "nome": null, "comp_km": 4.93554973, "nustrahler": 1 }, "geometry": { "type": "MultiLineString", "coordinates": [ [ [ -63.259353199678031, -17.680010099631229 ], [ -63.253103199834854, -17.673760099472158 ], [ -63.253103100121869, -17.669593399594945 ], [ -63.248936400322094, -17.665426699055725 ], [ -63.253103100121869, -17.6612599995929 ], [ -63.253103100121869, -17.652926599722658 ], [ -63.24893629971077, -17.64875999952422 ], [ -63.253103000408871, -17.644593199340221 ] ] ] } },
{ "type": "Feature", "properties": { "cotrecho": 174987, "cobacia": "46684163", "nome": null, "comp_km": 15.91056214, "nustrahler": 1 }, "geometry": { "type": "MultiLineString", "coordinates": [ [ [ -63.892689699850564, -17.119587399072621 ], [ -63.898939699693734, -17.119587399072621 ], [ -63.90310640039182, -17.115420699764208 ], [ -63.90310640039182, -17.111253999868936 ], [ -63.907273100191617, -17.107087299412985 ], [ -63.911439799991392, -17.107087299412985 ], [ -63.915606499791174, -17.102920599281092 ], [ -63.915606400078168, -17.094587199235857 ], [ -63.923939900289049, -17.094587199235857 ], [ -63.92810650037584, -17.090420499374929 ], [ -63.92810650037584, -17.082087099248863 ], [ -63.932273099564298, -17.082086999641263 ], [ -63.936439899975397, -17.077920399894793 ], [ -63.936439800262399, -17.065420299830624 ], [ -63.940606500062174, -17.061253599229172 ], [ -63.948939899661745, -17.069586899686485 ], [ -63.957273300159613, -17.061253499610451 ], [ -63.961439999959389, -17.061253499610451 ], [ -63.965606800370487, -17.065420099738912 ], [ -63.965606800370487, -17.069586799213514 ], [ -63.973940199970059, -17.077920199816486 ], [ -63.978106899769827, -17.077920099347974 ] ] ] } },
{ "type": "Feature", "properties": { "cotrecho": 174988, "cobacia": "46684161", "nome": null, "comp_km": 4.83717797, "nustrahler": 2 }, "geometry": { "type": "MultiLineString", "coordinates": [ [ [ -63.978106899769827, -17.077920099347974 ], [ -64.007273899877902, -17.077919999738146 ], [ -64.015607400088797, -17.08625339980426 ], [ -64.019774099888579, -17.086253299340235 ] ] ] } },
{ "type": "Feature", "properties": { "cotrecho": 175714, "cobacia": "4668796", "nome": null, "comp_km": 5.52130344, "nustrahler": 1 }, "geometry": { "type": "MultiLineString", "coordinates": [ [ [ -63.309349800096683, -16.96750629907897 ], [ -63.315599799939868, -16.961256199424614 ], [ -63.315599799939868, -16.957089499729584 ], [ -63.311433100140093, -16.952922899259274 ], [ -63.31143289981577, -16.92792269982381 ], [ -63.307266200015995, -16.923756099519142 ] ] ] } },
{ "type": "Feature", "properties": { "cotrecho": 176141, "cobacia": "4668843", "nome": null, "comp_km": 2.04287487, "nustrahler": 2 }, "geometry": { "type": "MultiLineString", "coordinates": [ [ [ -63.069765100149311, -17.152925099695878 ], [ -63.065598400349543, -17.148758399250386 ], [ -63.065598299738241, -17.136258299248038 ] ] ] } },
{ "type": "Feature", "properties": { "cotrecho": 177092, "cobacia": "46686721", "nome": null, "comp_km": 4.4460646, "nustrahler": 2 }, "geometry": { "type": "MultiLineString", "coordinates": [ [ [ -63.736437899954169, -17.086254799431163 ], [ -63.723937799656497, -17.0737546997448 ], [ -63.723937799656497, -17.069588099351265 ], [ -63.71977100014373, -17.065421399046908 ], [ -63.719770900430717, -17.052921299179502 ] ] ] } },
{ "type": "Feature", "properties": { "cotrecho": 177770, "cobacia": "46684483", "nome": null, "comp_km": 2.04918489, "nustrahler": 1 }, "geometry": { "type": "MultiLineString", "coordinates": [ [ [ -63.871860100438305, -17.825840899181433 ], [ -63.861443399897048, -17.836257599771439 ], [ -63.857276700097252, -17.836257699822639 ] ] ] } },
{ "type": "Feature", "properties": { "cotrecho": 177912, "cobacia": "4668854", "nome": null, "comp_km": 8.37347861, "nustrahler": 1 }, "geometry": { "type": "MultiLineString", "coordinates": [ [ [ -63.005181700164584, -17.27584269982038 ], [ -62.998931700321421, -17.269592699349872 ], [ -62.994764999623307, -17.269592699349872 ], [ -62.990598200110547, -17.265426099617972 ], [ -62.990598200110547, -17.261259399705825 ], [ -62.986431500310751, -17.261259399705825 ], [ -62.978098099812875, -17.252926099198199 ], [ -62.973931300300109, -17.252926099198199 ], [ -62.965597899802233, -17.244592699374774 ], [ -62.965597800089235, -17.240425999065916 ], [ -62.953097699791563, -17.22792609935658 ] ] ] } },
{ "type": "Feature", "properties": { "cotrecho": 178143, "cobacia": "46687112", "nome": null, "comp_km": 4.30809021, "nustrahler": 1 }, "geometry": { "type": "MultiLineString", "coordinates": [ [ [ -63.965602899885525, -16.329999899808357 ], [ -63.965602999598524, -16.348749999847936 ], [ -63.969769700296624, -16.352916699060636 ], [ -63.969769700296624, -16.357083299882561 ], [ -63.973936400096392, -16.357083299882561 ], [ -63.978103099896167, -16.361249999677927 ] ] ] } },
{ "type": "Feature", "properties": { "cotrecho": 178434, "cobacia": "46684156", "nome": null, "comp_km": 19.74733699, "nustrahler": 1 }, "geometry": { "type": "MultiLineString", "coordinates": [ [ [ -64.048940100171748, -16.925835699868049 ], [ -64.048939899847426, -16.87375209912657 ], [ -64.053106499934231, -16.8695853996532 ], [ -64.053106499934231, -16.852918699277666 ], [ -64.048939700421442, -16.848751999691 ], [ -64.048939700421442, -16.836251999556474 ], [ -64.06560639990758, -16.819585099225762 ], [ -64.069773200318664, -16.819585099225762 ], [ -64.08644000041609, -16.836251799220683 ], [ -64.090606700215901, -16.836251699482695 ], [ -64.09477349972866, -16.840418399174048 ], [ -64.103106900226535, -16.840418399174048 ], [ -64.107273600026318, -16.836251699482695 ], [ -64.107273500313312, -16.832084999236869 ], [ -64.111440200113108, -16.827918299322434 ] ] ] } },
{ "type": "Feature", "properties": { "cotrecho": 178987, "cobacia": "4668981", "nome": null, "comp_km": 12.66088631, "nustrahler": 3 }, "geometry": { "type": "MultiLineString", "coordinates": [ [ [ -63.640609599591109, -18.132093499727304 ], [ -63.636442899791334, -18.132093499727304 ], [ -63.632276199991537, -18.13626029945161 ], [ -63.632276199991537, -18.140426899188654 ], [ -63.628109500191769, -18.144593599409117 ], [ -63.62394280039198, -18.144593699285625 ], [ -63.619776200305196, -18.148760399225381 ], [ -63.619776200305196, -18.15292709971374 ], [ -63.615609499607089, -18.152926999841988 ], [ -63.603109400207764, -18.165427199080817 ], [ -63.594775999709874, -18.165427299798939 ], [ -63.590609299910106, -18.16959399965058 ], [ -63.586442600110317, -18.165427299798939 ], [ -63.582275900310542, -18.165427299798939 ], [ -63.578109199612442, -18.16959399965058 ], [ -63.578109199612442, -18.177927399717483 ], [ -63.573942600423969, -18.182094099025687 ], [ -63.569775899725883, -18.182094099025687 ], [ -63.561442500126326, -18.190427599321783 ] ] ] } },
{ "type": "Feature", "properties": { "cotrecho": 178988, "cobacia": "4668989", "nome": null, "comp_km": 7.19909342, "nustrahler": 1 }, "geometry": { "type": "MultiLineString", "coordinates": [ [ [ -63.871862100088116, -18.177925799437901 ], [ -63.865611999633636, -18.177925899295357 ], [ -63.861445400445177, -18.173759199458903 ], [ -63.848945200434507, -18.173759299318736 ], [ -63.844778499736435, -18.16959259901903 ], [ -63.828111699638988, -18.169592699734753 ], [ -63.823944900126222, -18.165425999852093 ], [ -63.819778200326432, -18.165425999852093 ], [ -63.815611499628346, -18.161259399424296 ], [ -63.81144479982855, -18.161259399424296 ] ] ] } },
{ "type": "Feature", "properties": { "cotrecho": 179191, "cobacia": "4668418", "nome": null, "comp_km": 23.45265395, "nustrahler": 1 }, "geometry": { "type": "MultiLineString", "coordinates": [ [ [ -63.978109000030962, -17.446671899218757 ], [ -63.978108900317963, -17.440421899181313 ], [ -63.969775499820088, -17.432088499742811 ], [ -63.97394219961987, -17.427921799135923 ], [ -63.969775499820088, -17.423755099400918 ], [ -63.969775199782781, -17.377921599444971 ], [ -63.965608499982999, -17.3737548993773 ], [ -63.961441699571907, -17.373754999685108 ], [ -63.957274999772125, -17.369588299119915 ], [ -63.957274999772125, -17.365421599796001 ], [ -63.944774799761483, -17.352921599566439 ], [ -63.940608099961693, -17.352921599566439 ], [ -63.936441400161911, -17.34875499979341 ], [ -63.936441300448926, -17.344588299359405 ], [ -63.928107899951037, -17.336254999614681 ], [ -63.932274599750812, -17.332088299173115 ], [ -63.932274500037828, -17.327921599352603 ], [ -63.923941100438256, -17.319588199107521 ], [ -63.91977439974017, -17.323754999657123 ], [ -63.907274300340838, -17.323754999657123 ], [ -63.8864406001193, -17.30292169969276 ], [ -63.8864406001193, -17.29875499981846 ] ] ] } },
{ "type": "Feature", "properties": { "cotrecho": 180851, "cobacia": "4668632", "nome": null, "comp_km": 6.71269482, "nustrahler": 1 }, "geometry": { "type": "MultiLineString", "coordinates": [ [ [ -64.044771000073524, -16.471666899563385 ], [ -64.044771000073524, -16.461250099162172 ], [ -64.040604300273742, -16.457083499525016 ], [ -64.040604199662425, -16.452916799180478 ], [ -64.044770900360547, -16.44875009981094 ], [ -64.044770900360547, -16.436249999195464 ], [ -64.032270700349883, -16.423749999623624 ], [ -64.02810399965179, -16.423749999623624 ] ] ] } },
{ "type": "Feature", "properties": { "cotrecho": 183003, "cobacia": "46684291", "nome": null, "comp_km": 9.44604407, "nustrahler": 2 }, "geometry": { "type": "MultiLineString", "coordinates": [ [ [ -63.540606999680975, -17.848759399327133 ], [ -63.536440299881178, -17.844592699822396 ], [ -63.536440099556884, -17.823759299334455 ], [ -63.528106699957327, -17.815425999637689 ], [ -63.523939900444532, -17.815425999637689 ], [ -63.498939600136225, -17.790425999131013 ], [ -63.490606199638343, -17.790425999131013 ] ] ] } },
{ "type": "Feature", "properties": { "cotrecho": 183675, "cobacia": "46689711", "nome": null, "comp_km": 6.24854779, "nustrahler": 4 }, "geometry": { "type": "MultiLineString", "coordinates": [ [ [ -63.415606799798262, -18.027927599383343 ], [ -63.407273299587395, -18.019594299616973 ], [ -63.411440000285495, -18.015427499303293 ], [ -63.407273299587395, -18.011260899440185 ], [ -63.407273199874396, -18.007094199350025 ], [ -63.386439600264183, -17.986260899027762 ] ] ] } },
{ "type": "Feature", "properties": { "cotrecho": 185706, "cobacia": "4668667", "nome": null, "comp_km": 9.59652764, "nustrahler": 1 }, "geometry": { "type": "MultiLineString", "coordinates": [ [ [ -63.796856299751632, -17.269588599838244 ], [ -63.815606399892467, -17.269588499473549 ], [ -63.832273199989913, -17.252921699052614 ], [ -63.832273199989913, -17.248754999754599 ], [ -63.828106399578814, -17.24458839940878 ], [ -63.828106399578814, -17.240421699860807 ], [ -63.823939699779039, -17.23625499979714 ], [ -63.823939500353035, -17.211254899891021 ] ] ] } },
{ "type": "Feature", "properties": { "cotrecho": 185975, "cobacia": "4668469", "nome": null, "comp_km": 28.91730534, "nustrahler": 1 }, "geometry": { "type": "MultiLineString", "coordinates": [ [ [ -63.907280900263231, -18.471676999034848 ], [ -63.907280900263231, -18.465426899059107 ], [ -63.911447600063006, -18.461260199727974 ], [ -63.907280799651907, -18.457093599480423 ], [ -63.907280799651907, -18.452926799253866 ], [ -63.911447500350008, -18.448760199570327 ], [ -63.911447399738691, -18.440426799235954 ], [ -63.915614100436784, -18.436260099190001 ], [ -63.915613999825482, -18.427926699475424 ], [ -63.919780699625257, -18.423759999008393 ], [ -63.919780599912258, -18.398759899323192 ], [ -63.915613800399484, -18.394593199386456 ], [ -63.92394729971204, -18.386259799845618 ], [ -63.923947199999056, -18.382093099442901 ], [ -63.928113899798831, -18.377926399791139 ], [ -63.932280599598599, -18.377926399791139 ], [ -63.932280599598599, -18.373759699212258 ], [ -63.936447199685389, -18.369592999438169 ], [ -63.936447199685389, -18.365426299643246 ], [ -63.940613900383475, -18.361259599854396 ], [ -63.94061379977218, -18.344592899353994 ], [ -63.944780499571962, -18.34042619914862 ], [ -63.944780499571962, -18.336259499110636 ], [ -63.948947200270048, -18.332092799266945 ], [ -63.948947099658739, -18.327926099644422 ], [ -63.944780399858949, -18.323759399417163 ], [ -63.944780399858949, -18.319592799240912 ], [ -63.948946999945754, -18.315426099592809 ], [ -63.948946900232755, -18.298759299438757 ], [ -63.95311360003253, -18.294592599144121 ], [ -63.95311360003253, -18.290425899312481 ], [ -63.948946799621432, -18.286259199117783 ], [ -63.948946799621432, -18.273759199838082 ], [ -63.944780099821656, -18.2695924993149 ], [ -63.944780000108658, -18.261259199124442 ], [ -63.948946699908433, -18.257092399038502 ], [ -63.953113399708215, -18.257092399038502 ], [ -63.957280100406308, -18.252925699466957 ] ] ] } },
{ "type": "Feature", "properties": { "cotrecho": 187004, "cobacia": "4668658", "nome": null, "comp_km": 17.652111, "nustrahler": 1 }, "geometry": { "type": "MultiLineString", "coordinates": [ [ [ -63.838522500045478, -17.121670999610856 ], [ -63.844772499888641, -17.115420999392015 ], [ -63.840605800088859, -17.111254299503422 ], [ -63.840605800088859, -17.102920999384029 ], [ -63.811438599656476, -17.073754299579214 ], [ -63.811438599656476, -17.069587599562496 ], [ -63.807271899856673, -17.06542099972226 ], [ -63.790605099759254, -17.06542099972226 ], [ -63.786438300246473, -17.06125439961389 ], [ -63.773938199948816, -17.06125439961389 ], [ -63.761438099651158, -17.04875439954996 ], [ -63.761437900225161, -17.036254299215461 ], [ -63.753104499727286, -17.027920999570135 ], [ -63.753104400014294, -17.023754299433424 ], [ -63.748937700214505, -17.019587699785777 ] ] ] } },
{ "type": "Feature", "properties": { "cotrecho": 187134, "cobacia": "4668941", "nome": null, "comp_km": 9.34821578, "nustrahler": 3 }, "geometry": { "type": "MultiLineString", "coordinates": [ [ [ -63.353102599945963, -17.40709159954735 ], [ -63.344769200346391, -17.398758299062504 ], [ -63.344769099735089, -17.386258199033492 ], [ -63.340602300222294, -17.382091499259882 ], [ -63.340602300222294, -17.36125809980501 ], [ -63.344768900309091, -17.357091399686066 ], [ -63.344768900309091, -17.35292469917264 ], [ -63.332268700298435, -17.340424699284874 ], [ -63.328101999600349, -17.344591399106442 ] ] ] } },
{ "type": "Feature", "properties": { "cotrecho": 187355, "cobacia": "46687243", "nome": null, "comp_km": 8.5943654, "nustrahler": 1 }, "geometry": { "type": "MultiLineString", "coordinates": [ [ [ -63.878104599896993, -16.805002699405957 ], [ -63.878104399572699, -16.798752699642783 ], [ -63.873937699772895, -16.794585999907078 ], [ -63.873937699772895, -16.790419199255275 ], [ -63.869770999973127, -16.786252599579768 ], [ -63.869770999973127, -16.777919199144907 ], [ -63.865604199562028, -16.773752599690731 ], [ -63.861437499762253, -16.773752499059775 ], [ -63.844770800276123, -16.7904193996395 ], [ -63.840604099578037, -16.7904193996395 ], [ -63.836437399778248, -16.794586099666983 ], [ -63.83227069997848, -16.794586199426892 ] ] ] } },
{ "type": "Feature", "properties": { "cotrecho": 188004, "cobacia": "4668489", "nome": null, "comp_km": 6.54272904, "nustrahler": 1 }, "geometry": { "type": "MultiLineString", "coordinates": [ [ [ -64.019782299710471, -18.517509899334705 ], [ -64.019782100284488, -18.494593099382492 ], [ -64.015615399586409, -18.490426399115051 ], [ -64.015615399586409, -18.486259699750022 ], [ -64.023948800084284, -18.477926399259637 ], [ -64.019781999673185, -18.473759699358173 ], [ -64.019781999673185, -18.465426299205014 ] ] ] } },
{ "type": "Feature", "properties": { "cotrecho": 188933, "cobacia": "46684923", "nome": null, "comp_km": 11.86920368, "nustrahler": 2 }, "geometry": { "type": "MultiLineString", "coordinates": [ [ [ -64.265614900138203, -18.0029228992729 ], [ -64.257281600251645, -18.01125629906678 ], [ -64.257281600251645, -18.015423099793022 ], [ -64.253114899553552, -18.019589799408841 ], [ -64.253115000164854, -18.036256499488417 ], [ -64.244781700278295, -18.044589899548246 ], [ -64.244781799991273, -18.065423399186415 ], [ -64.240615100191505, -18.069589999137399 ], [ -64.240615100191505, -18.077923399465472 ], [ -64.232281800304946, -18.086256799538408 ], [ -64.232281800304946, -18.090423499305622 ], [ -64.228115099606853, -18.094590199142377 ] ] ] } },
{ "type": "Feature", "properties": { "cotrecho": 190364, "cobacia": "46687242", "nome": null, "comp_km": 12.96507364, "nustrahler": 1 }, "geometry": { "type": "MultiLineString", "coordinates": [ [ [ -63.876021500177913, -16.865419599499408 ], [ -63.869771399723433, -16.865419599499408 ], [ -63.857271199712777, -16.852919699148973 ], [ -63.853104499913002, -16.852919699148973 ], [ -63.84477110031343, -16.861253099714919 ], [ -63.84060439961533, -16.861253099714919 ], [ -63.836437699815555, -16.857086399774374 ], [ -63.836437699815555, -16.848753099315697 ], [ -63.832270900302774, -16.844586399120551 ], [ -63.832270799691464, -16.823752999628983 ], [ -63.828104099891689, -16.819586299626501 ], [ -63.828104000178676, -16.802919599429522 ], [ -63.83227069997848, -16.798752899158217 ], [ -63.83227069997848, -16.794586199426892 ] ] ] } },
{ "type": "Feature", "properties": { "cotrecho": 190628, "cobacia": "46684233", "nome": null, "comp_km": 1.93047284, "nustrahler": 3 }, "geometry": { "type": "MultiLineString", "coordinates": [ [ [ -63.686439999673283, -17.536257199126013 ], [ -63.673939799662627, -17.52375719976709 ] ] ] } },
{ "type": "Feature", "properties": { "cotrecho": 190629, "cobacia": "46684275", "nome": null, "comp_km": 9.28453862, "nustrahler": 2 }, "geometry": { "type": "MultiLineString", "coordinates": [ [ [ -63.490606199638343, -17.790425999131013 ], [ -63.490606099925358, -17.782092699245389 ], [ -63.494772799725141, -17.777925999322466 ], [ -63.511439599822587, -17.777925899238543 ], [ -63.515606299622355, -17.773759199672753 ], [ -63.515606299622355, -17.769592499637589 ], [ -63.519773000320455, -17.765425799159576 ], [ -63.528106399920006, -17.765425699068651 ], [ -63.532273099719802, -17.761259099120725 ], [ -63.536439800417874, -17.761258999027476 ], [ -63.540606399606361, -17.757092299452051 ], [ -63.540606399606361, -17.748758899238183 ], [ -63.544773100304454, -17.744592199508361 ] ] ] } },
{ "type": "Feature", "properties": { "cotrecho": 190683, "cobacia": "4668468", "nome": null, "comp_km": 1.43125673, "nustrahler": 1 }, "geometry": { "type": "MultiLineString", "coordinates": [ [ [ -63.96353019996247, -18.263342399164781 ], [ -63.957280100406308, -18.257092399038502 ], [ -63.957280100406308, -18.252925699466957 ] ] ] } },
{ "type": "Feature", "properties": { "cotrecho": 191279, "cobacia": "4668817", "nome": null, "comp_km": 8.87930452, "nustrahler": 3 }, "geometry": { "type": "MultiLineString", "coordinates": [ [ [ -63.111431700193457, -17.069591099801208 ], [ -63.111431700193457, -17.061257699053915 ], [ -63.119765000080029, -17.052924299897327 ], [ -63.119765000080029, -17.048757699210817 ], [ -63.123931699879812, -17.0445908991057 ], [ -63.123931699879812, -17.032090899131742 ], [ -63.132264999766363, -17.02375749989681 ], [ -63.148931899576802, -17.023757399399162 ], [ -63.153098499663592, -17.019590699320641 ], [ -63.157265200361678, -17.019590599679717 ] ] ] } },
{ "type": "Feature", "properties": { "cotrecho": 191616, "cobacia": "46689792", "nome": null, "comp_km": 3.79747776, "nustrahler": 1 }, "geometry": { "type": "MultiLineString", "coordinates": [ [ [ -63.501024899829439, -18.130010899719835 ], [ -63.4906082001865, -18.140427699073417 ], [ -63.486441500386711, -18.140427699073417 ], [ -63.478108099888829, -18.148761099197891 ], [ -63.478108099888829, -18.152927799669531 ] ] ] } },
{ "type": "Feature", "properties": { "cotrecho": 191682, "cobacia": "46689843", "nome": null, "comp_km": 5.91492968, "nustrahler": 1 }, "geometry": { "type": "MultiLineString", "coordinates": [ [ [ -63.751027300143001, -18.132092899571759 ], [ -63.711443600391945, -18.132093099339023 ], [ -63.70311019989407, -18.123759799808756 ], [ -63.698943500094302, -18.123759799808756 ] ] ] } },
{ "type": "Feature", "properties": { "cotrecho": 192553, "cobacia": "46689474", "nome": null, "comp_km": 3.38721174, "nustrahler": 1 }, "geometry": { "type": "MultiLineString", "coordinates": [ [ [ -63.469771999953522, -17.680008999818231 ], [ -63.469771999953522, -17.673758899478823 ], [ -63.465605200440756, -17.669592299718222 ], [ -63.465605099829425, -17.657092199567909 ], [ -63.461438400029657, -17.652925599041726 ] ] ] } },
{ "type": "Feature", "properties": { "cotrecho": 192657, "cobacia": "4668772", "nome": null, "comp_km": 9.61767201, "nustrahler": 1 }, "geometry": { "type": "MultiLineString", "coordinates": [ [ [ -63.598935399799664, -16.859170999199819 ], [ -63.598935300086659, -16.832087499620165 ], [ -63.594768499675588, -16.827920899503098 ], [ -63.594768499675588, -16.823754099398911 ], [ -63.5906017001628, -16.819587499167401 ], [ -63.590601599551491, -16.786253999720007 ], [ -63.586434899751715, -16.782087299211209 ], [ -63.582268100238934, -16.782087399837756 ] ] ] } },
{ "type": "Feature", "properties": { "cotrecho": 192813, "cobacia": "4668671", "nome": null, "comp_km": 1.73196776, "nustrahler": 3 }, "geometry": { "type": "MultiLineString", "coordinates": [ [ [ -63.719770900430717, -17.052921299179502 ], [ -63.723937699943498, -17.052921299179502 ], [ -63.732271100441388, -17.044587899112877 ] ] ] } },
{ "type": "Feature", "properties": { "cotrecho": 192824, "cobacia": "4668769", "nome": null, "comp_km": 30.19954122, "nustrahler": 1 }, "geometry": { "type": "MultiLineString", "coordinates": [ [ [ -63.117681000249021, -16.923756999323409 ], [ -63.123931099805198, -16.923756999323409 ], [ -63.136431100389856, -16.911256899767601 ], [ -63.148931199789189, -16.911256799209724 ], [ -63.153097899588985, -16.907090099278527 ], [ -63.157264600287078, -16.907090099278527 ], [ -63.157264600287078, -16.902923399209051 ], [ -63.161431300086861, -16.898756699886977 ], [ -63.165597999886636, -16.902923299506256 ], [ -63.190598300194949, -16.90292319980346 ], [ -63.198931600081522, -16.89458979934534 ], [ -63.228098600189597, -16.894589599071345 ], [ -63.236431999789168, -16.886256299795313 ], [ -63.240598599875938, -16.886256199224114 ], [ -63.257265399973384, -16.869589399645424 ], [ -63.26143209977316, -16.869589399645424 ], [ -63.269765599984026, -16.877922699629849 ], [ -63.273932299783816, -16.873755999312323 ], [ -63.286432400081473, -16.873755999312323 ], [ -63.290599099881256, -16.869589199344908 ], [ -63.298932500379131, -16.869589199344908 ], [ -63.303099200178906, -16.865422399469718 ], [ -63.307265899978688, -16.865422399469718 ], [ -63.319766000276346, -16.852922299845982 ], [ -63.31976589966505, -16.840422199451847 ], [ -63.323932600363122, -16.83625559958212 ], [ -63.323932600363122, -16.832088899422079 ], [ -63.332265900249695, -16.823755399517839 ] ] ] } },
{ "type": "Feature", "properties": { "cotrecho": 192849, "cobacia": "4668761", "nome": null, "comp_km": 12.89344631, "nustrahler": 3 }, "geometry": { "type": "MultiLineString", "coordinates": [ [ [ -63.569767600190971, -16.694586899687685 ], [ -63.573934299990768, -16.690420199588186 ], [ -63.573934299990768, -16.686253599662024 ], [ -63.586434299677101, -16.673753399574647 ], [ -63.594767700174991, -16.673753399574647 ], [ -63.611434699698414, -16.690420099773707 ], [ -63.611434699698414, -16.698753399637109 ], [ -63.603101300098842, -16.707086899478838 ], [ -63.607267999898617, -16.711253499222529 ], [ -63.6156014003965, -16.711253499222529 ], [ -63.619768199909281, -16.715420199859004 ], [ -63.628101600407156, -16.715420099197225 ], [ -63.632268300206931, -16.719586799176088 ], [ -63.636435000006728, -16.719586799176088 ] ] ] } },
{ "type": "Feature", "properties": { "cotrecho": 193827, "cobacia": "4668747", "nome": null, "comp_km": 11.68973825, "nustrahler": 3 }, "geometry": { "type": "MultiLineString", "coordinates": [ [ [ -63.536436599720524, -17.186256299362189 ], [ -63.54476989960709, -17.177922799559255 ], [ -63.544769799894105, -17.16542269919243 ], [ -63.548936499693873, -17.161255999521106 ], [ -63.548936399980875, -17.1320891998243 ], [ -63.53226950017045, -17.11542249924802 ], [ -63.532269399559134, -17.107089199430124 ], [ -63.528102699759366, -17.102922599795793 ], [ -63.528102600046367, -17.094589199840065 ] ] ] } },
{ "type": "Feature", "properties": { "cotrecho": 194672, "cobacia": "46684452", "nome": null, "comp_km": 0.66266826, "nustrahler": 1 }, "geometry": { "type": "MultiLineString", "coordinates": [ [ [ -63.784359100114038, -17.794591199711796 ], [ -63.790609099957216, -17.794591199711796 ] ] ] } },
{ "type": "Feature", "properties": { "cotrecho": 195225, "cobacia": "46687481", "nome": null, "comp_km": 3.06058114, "nustrahler": 2 }, "geometry": { "type": "MultiLineString", "coordinates": [ [ [ -63.511436300310542, -17.194589799316979 ], [ -63.519769699910086, -17.186256299362189 ], [ -63.536436599720524, -17.186256299362189 ] ] ] } },
{ "type": "Feature", "properties": { "cotrecho": 195771, "cobacia": "46689712", "nome": null, "comp_km": 5.08251286, "nustrahler": 1 }, "geometry": { "type": "MultiLineString", "coordinates": [ [ [ -63.384356600258094, -18.059177899832896 ], [ -63.40727340019869, -18.036260999270521 ], [ -63.40727340019869, -18.032094299532183 ], [ -63.411440099998494, -18.027927599383343 ], [ -63.415606799798262, -18.027927599383343 ] ] ] } },
{ "type": "Feature", "properties": { "cotrecho": 196325, "cobacia": "4668794", "nome": null, "comp_km": 1.3443417, "nustrahler": 1 }, "geometry": { "type": "MultiLineString", "coordinates": [ [ [ -63.344766599723641, -16.921672499660023 ], [ -63.344766500010657, -16.915422499436296 ], [ -63.34059980021086, -16.911255899345747 ] ] ] } },
{ "type": "Feature", "properties": { "cotrecho": 197329, "cobacia": "4668848", "nome": null, "comp_km": 5.51642873, "nustrahler": 1 }, "geometry": { "type": "MultiLineString", "coordinates": [ [ [ -63.067682700217844, -17.325842599527356 ], [ -63.073932700061022, -17.319592599375301 ], [ -63.073932700061022, -17.315425899103126 ], [ -63.069766000261239, -17.311259199557377 ], [ -63.069765899649937, -17.302925799319919 ], [ -63.065599199850141, -17.298759199887286 ], [ -63.065599199850141, -17.282092399058861 ] ] ] } },
{ "type": "Feature", "properties": { "cotrecho": 197827, "cobacia": "46684996", "nome": null, "comp_km": 5.09191785, "nustrahler": 1 }, "geometry": { "type": "MultiLineString", "coordinates": [ [ [ -64.213533399776622, -18.388341599185402 ], [ -64.207283300220467, -18.394591599400531 ], [ -64.211450099733241, -18.39875829937597 ], [ -64.203116700133691, -18.407091699524955 ], [ -64.182283200236441, -18.407091799250466 ] ] ] } },
{ "type": "Feature", "properties": { "cotrecho": 197850, "cobacia": "4668484", "nome": null, "comp_km": 2.28461492, "nustrahler": 1 }, "geometry": { "type": "MultiLineString", "coordinates": [ [ [ -64.03019800042685, -18.350842399755781 ], [ -64.036448099983019, -18.344592399693095 ], [ -64.048948200280662, -18.344592299078798 ] ] ] } },
{ "type": "Feature", "properties": { "cotrecho": 198104, "cobacia": "4668732", "nome": null, "comp_km": 2.20192359, "nustrahler": 1 }, "geometry": { "type": "MultiLineString", "coordinates": [ [ [ -63.738518399948809, -16.532085299537108 ], [ -63.753101800289862, -16.532085199640274 ], [ -63.757268599802643, -16.536251899780478 ] ] ] } },
{ "type": "Feature", "properties": { "cotrecho": 199162, "cobacia": "4668931", "nome": null, "comp_km": 11.03828838, "nustrahler": 4 }, "geometry": { "type": "MultiLineString", "coordinates": [ [ [ -63.303101700190354, -17.315424699314764 ], [ -63.29476819997948, -17.307091299206355 ], [ -63.294768100266481, -17.30292469979651 ], [ -63.290601399568381, -17.298757999132473 ], [ -63.290601399568381, -17.290424699821621 ], [ -63.286434600055614, -17.286257899663052 ], [ -63.286434500342601, -17.257091199579317 ], [ -63.294767800229174, -17.248757699612462 ], [ -63.294767800229174, -17.236257699837818 ], [ -63.29893440031595, -17.23209099934564 ], [ -63.29893440031595, -17.227924299248269 ] ] ] } },
{ "type": "Feature", "properties": { "cotrecho": 201382, "cobacia": "46687641", "nome": null, "comp_km": 2.82200455, "nustrahler": 2 }, "geometry": { "type": "MultiLineString", "coordinates": [ [ [ -63.461433600331098, -16.773754599408299 ], [ -63.469767099643661, -16.782087899530179 ], [ -63.478100500141537, -16.782087799763708 ], [ -63.482267199941312, -16.786254499401505 ] ] ] } },
{ "type": "Feature", "properties": { "cotrecho": 201929, "cobacia": "46684572", "nome": null, "comp_km": 1.40640734, "nustrahler": 1 }, "geometry": { "type": "MultiLineString", "coordinates": [ [ [ -63.992694700059133, -17.830006899284218 ], [ -63.998944600189319, -17.823756799589397 ], [ -64.003111399702092, -17.823756799589397 ] ] ] } },
{ "type": "Feature", "properties": { "cotrecho": 204780, "cobacia": "46689781", "nome": null, "comp_km": 3.96897823, "nustrahler": 2 }, "geometry": { "type": "MultiLineString", "coordinates": [ [ [ -63.457274800315922, -18.182094699862972 ], [ -63.457274699704605, -18.177927999715649 ], [ -63.465608100202495, -18.169594599677396 ], [ -63.465607999591178, -18.165427899840076 ], [ -63.473941400089053, -18.157094499809357 ], [ -63.473941400089053, -18.152927799669531 ] ] ] } },
{ "type": "Feature", "properties": { "cotrecho": 205111, "cobacia": "4668765", "nome": null, "comp_km": 13.06151835, "nustrahler": 2 }, "geometry": { "type": "MultiLineString", "coordinates": [ [ [ -63.382266400254998, -16.82792189950646 ], [ -63.390599899567555, -16.827921799764091 ], [ -63.394766600265655, -16.832088499601532 ], [ -63.415600100162877, -16.83208839986132 ], [ -63.419766799962659, -16.827921699161859 ], [ -63.423933499762434, -16.827921699161859 ], [ -63.457267000244308, -16.794587999405344 ], [ -63.469767099643661, -16.794587899645443 ], [ -63.473933800341754, -16.790421299419556 ], [ -63.478100500141537, -16.790421199657462 ], [ -63.482267199941312, -16.786254499401505 ] ] ] } },
{ "type": "Feature", "properties": { "cotrecho": 205504, "cobacia": "46684234", "nome": null, "comp_km": 2.25206196, "nustrahler": 1 }, "geometry": { "type": "MultiLineString", "coordinates": [ [ [ -63.70102349972732, -17.542507099692759 ], [ -63.694773400171158, -17.536257099764203 ], [ -63.690606800084382, -17.540423799176459 ], [ -63.686439999673283, -17.536257199126013 ] ] ] } },
{ "type": "Feature", "properties": { "cotrecho": 205947, "cobacia": "46687483", "nome": null, "comp_km": 22.37474556, "nustrahler": 1 }, "geometry": { "type": "MultiLineString", "coordinates": [ [ [ -63.446853200363094, -17.342507399479654 ], [ -63.453103200206264, -17.336257399776784 ], [ -63.457269900006047, -17.336257399776784 ], [ -63.461436599805822, -17.332090599059097 ], [ -63.461436500092837, -17.319590599487501 ], [ -63.46560319989262, -17.315423799687892 ], [ -63.46560319989262, -17.302923799250792 ], [ -63.461436500092837, -17.298757099424058 ], [ -63.465603100179614, -17.294590499064746 ], [ -63.465603100179614, -17.286257099391388 ], [ -63.461436400379839, -17.282090399621051 ], [ -63.469769700266411, -17.273756999486796 ], [ -63.469769700266411, -17.265423599880176 ], [ -63.478103000152963, -17.257090199295831 ], [ -63.478102900439964, -17.240423499847292 ], [ -63.473936199741871, -17.236256799824275 ], [ -63.47393610002888, -17.219589999390355 ], [ -63.478102799828662, -17.215423299756864 ], [ -63.478102799828662, -17.207089999840409 ], [ -63.490602800413313, -17.194589799316979 ], [ -63.503103000423977, -17.194589799316979 ], [ -63.507269599612442, -17.190423099644853 ], [ -63.511436300310542, -17.194589799316979 ] ] ] } },
{ "type": "Feature", "properties": { "cotrecho": 206432, "cobacia": "46684191", "nome": null, "comp_km": 0.44298552, "nustrahler": 4 }, "geometry": { "type": "MultiLineString", "coordinates": [ [ [ -63.882273900319525, -17.29875499981846 ], [ -63.8864406001193, -17.29875499981846 ] ] ] } },
{ "type": "Feature", "properties": { "cotrecho": 206433, "cobacia": "4668475", "nome": null, "comp_km": 7.36450542, "nustrahler": 3 }, "geometry": { "type": "MultiLineString", "coordinates": [ [ [ -64.115614000196885, -18.090424099603975 ], [ -64.107280499986004, -18.082090799252462 ], [ -64.111447199785815, -18.077924099721091 ], [ -64.103113699574905, -18.069590699426286 ], [ -64.103113800186236, -18.065424099491914 ], [ -64.094780200262363, -18.057090699647091 ], [ -64.094780200262363, -18.052924099638073 ], [ -64.10728029966171, -18.040423999237063 ] ] ] } },
{ "type": "Feature", "properties": { "cotrecho": 207594, "cobacia": "46684241", "nome": null, "comp_km": 3.97476963, "nustrahler": 2 }, "geometry": { "type": "MultiLineString", "coordinates": [ [ [ -63.66977360022446, -17.62792429950375 ], [ -63.66977360022446, -17.623757699058658 ], [ -63.665606900424677, -17.619590999787597 ], [ -63.665606900424677, -17.615424299316174 ], [ -63.653106700414028, -17.602924299707674 ], [ -63.653106700414028, -17.598757599838876 ] ] ] } },
{ "type": "Feature", "properties": { "cotrecho": 207836, "cobacia": "4668544", "nome": null, "comp_km": 6.65855899, "nustrahler": 1 }, "geometry": { "type": "MultiLineString", "coordinates": [ [ [ -64.026019800394806, -16.265415899170975 ], [ -64.03226980023797, -16.265415899170975 ], [ -64.036436500037752, -16.261249199787102 ], [ -64.040603199837534, -16.261249199787102 ], [ -64.048936600335395, -16.252915699738057 ], [ -64.053103300135177, -16.252915699738057 ], [ -64.05726999993496, -16.248748999162377 ], [ -64.057269900221968, -16.236248999829087 ], [ -64.053103200422186, -16.232082299755 ], [ -64.053103200422186, -16.227915599438948 ] ] ] } },
{ "type": "Feature", "properties": { "cotrecho": 208597, "cobacia": "466864", "nome": null, "comp_km": 20.17108048, "nustrahler": 1 }, "geometry": { "type": "MultiLineString", "coordinates": [ [ [ -64.007272999766002, -16.905002499796588 ], [ -64.00727290005301, -16.89041909946237 ], [ -64.003106099641911, -16.886252399867747 ], [ -64.00727290005301, -16.882085699405781 ], [ -64.007272800340019, -16.877919099537792 ], [ -64.003106099641911, -16.873752399140844 ], [ -64.003105900215914, -16.844585599532206 ], [ -64.011439299815493, -16.836252199892268 ], [ -64.011439200102487, -16.819585399325945 ], [ -64.015605899902255, -16.815418699713319 ], [ -64.011439200102487, -16.811252099427637 ], [ -64.011439100389495, -16.807085299241479 ], [ -64.007272399691388, -16.802918699049833 ], [ -64.01977249998906, -16.790418499200516 ], [ -64.019772400276054, -16.782085199814823 ], [ -64.023939100075836, -16.77791849990416 ], [ -64.028105799875604, -16.777918399275414 ], [ -64.0322724996754, -16.773751699172717 ], [ -64.028105799875604, -16.769585099539441 ], [ -64.028105700162612, -16.757084999744638 ], [ -64.023939000362844, -16.752918299085607 ] ] ] } },
{ "type": "Feature", "properties": { "cotrecho": 208735, "cobacia": "4668822", "nome": null, "comp_km": 2.54187108, "nustrahler": 1 }, "geometry": { "type": "MultiLineString", "coordinates": [ [ [ -63.176016700077732, -17.255008399489213 ], [ -63.169766599623237, -17.248758399670916 ], [ -63.169766599623237, -17.240424999550061 ], [ -63.165599800110463, -17.236258399085724 ] ] ] } },
{ "type": "Feature", "properties": { "cotrecho": 209219, "cobacia": "4668896", "nome": null, "comp_km": 13.90877672, "nustrahler": 1 }, "geometry": { "type": "MultiLineString", "coordinates": [ [ [ -63.076017399679628, -17.555010399607827 ], [ -63.069767300123466, -17.548760399221717 ], [ -63.06560060032367, -17.548760399221717 ], [ -63.065600399999369, -17.527926999457023 ], [ -63.053100299701711, -17.515426999259414 ], [ -63.04893350018893, -17.515426999259414 ], [ -63.03643339989128, -17.502926999359481 ], [ -63.032266600378499, -17.502926999359481 ], [ -63.028099899680413, -17.498760399456149 ], [ -63.023933199880616, -17.498760399456149 ], [ -63.019766500080841, -17.4945936997388 ], [ -63.00309960027041, -17.494593799123447 ], [ -62.99893289957231, -17.490427099857637 ], [ -62.994766199772542, -17.494593799123447 ], [ -62.990599499972767, -17.490427099857637 ] ] ] } },
{ "type": "Feature", "properties": { "cotrecho": 210624, "cobacia": "46684192", "nome": null, "comp_km": 12.66313611, "nustrahler": 1 }, "geometry": { "type": "MultiLineString", "coordinates": [ [ [ -63.796856599788953, -17.325838899174698 ], [ -63.815606600216775, -17.307088699689938 ], [ -63.819773300016564, -17.307088699689938 ], [ -63.832273400314207, -17.294588599256073 ], [ -63.836440100113983, -17.294588499762682 ], [ -63.853106799600127, -17.277921699589204 ], [ -63.857273600011226, -17.277921699589204 ], [ -63.865606999610783, -17.286254999643187 ], [ -63.869773700308869, -17.286254999643187 ], [ -63.873940400108658, -17.290421699514045 ], [ -63.878107099908426, -17.290421699514045 ], [ -63.882273900319525, -17.294588299060567 ], [ -63.882273900319525, -17.29875499981846 ] ] ] } },
{ "type": "Feature", "properties": { "cotrecho": 211055, "cobacia": "46684443", "nome": null, "comp_km": 16.15695459, "nustrahler": 2 }, "geometry": { "type": "MultiLineString", "coordinates": [ [ [ -63.711442899706029, -18.007092599219469 ], [ -63.719776300203904, -17.998759099133888 ], [ -63.719776099879596, -17.982092399253908 ], [ -63.715609499792805, -17.977925799613779 ], [ -63.715609400079806, -17.961258999099545 ], [ -63.711442599668707, -17.957092299439296 ], [ -63.711442599668707, -17.944592299264876 ], [ -63.715609199755512, -17.940425599191467 ], [ -63.711442499955723, -17.936258899294479 ], [ -63.711442499955723, -17.932092199600554 ], [ -63.703108999744856, -17.923758899221145 ], [ -63.698942299945081, -17.923758899221145 ], [ -63.690608799734207, -17.915425599128557 ], [ -63.690608799734207, -17.911258899145121 ], [ -63.669775200123986, -17.890425599263587 ] ] ] } },
{ "type": "Feature", "properties": { "cotrecho": 211097, "cobacia": "46687432", "nome": null, "comp_km": 2.19768363, "nustrahler": 1 }, "geometry": { "type": "MultiLineString", "coordinates": [ [ [ -63.642686299712111, -16.957087899788128 ], [ -63.632269600069144, -16.957087999462271 ], [ -63.628102900269376, -16.952921299282345 ], [ -63.623936199571276, -16.952921299282345 ] ] ] } },
{ "type": "Feature", "properties": { "cotrecho": 211430, "cobacia": "4668454", "nome": null, "comp_km": 5.74807761, "nustrahler": 1 }, "geometry": { "type": "MultiLineString", "coordinates": [ [ [ -64.096861799794937, -17.746672699621634 ], [ -64.090611799951745, -17.752922799338474 ], [ -64.086445100151977, -17.748756099853555 ], [ -64.082278400352209, -17.748756099853555 ], [ -64.078111699654102, -17.752922799338474 ], [ -64.073944999854319, -17.752922799338474 ], [ -64.069778300054537, -17.757089499342271 ], [ -64.061444899556662, -17.757089599437862 ], [ -64.05727819975688, -17.75292289943636 ], [ -64.053111400244106, -17.75292289943636 ] ] ] } },
{ "type": "Feature", "properties": { "cotrecho": 211498, "cobacia": "4668892", "nome": null, "comp_km": 11.00064579, "nustrahler": 1 }, "geometry": { "type": "MultiLineString", "coordinates": [ [ [ -62.93018189967588, -17.43209389920872 ], [ -62.923931800119711, -17.43209389920872 ], [ -62.915598299908844, -17.423760599393695 ], [ -62.915598299908844, -17.419593899825358 ], [ -62.903098099898173, -17.407093899348979 ], [ -62.903098099898173, -17.402927199354025 ], [ -62.898931400098398, -17.398760499532081 ], [ -62.898931400098398, -17.39459389934866 ], [ -62.890597899887531, -17.386260499097148 ], [ -62.894764599687299, -17.382093799375905 ], [ -62.890597800174518, -17.377927099102163 ], [ -62.890597800174518, -17.365427099828562 ], [ -62.894764499974315, -17.361260399325282 ], [ -62.894764400261323, -17.357093699258613 ] ] ] } },
{ "type": "Feature", "properties": { "cotrecho": 212078, "cobacia": "46687851", "nome": null, "comp_km": 8.84222143, "nustrahler": 2 }, "geometry": { "type": "MultiLineString", "coordinates": [ [ [ -63.436434399560689, -16.969588999350478 ], [ -63.43643429984769, -16.965422299764512 ], [ -63.440601100258789, -16.961255599674679 ], [ -63.44893449985836, -16.961255599674679 ], [ -63.453101199658128, -16.957088899107106 ], [ -63.453101099945137, -16.948755499220979 ], [ -63.461434500443005, -16.940422099455979 ], [ -63.46143439983171, -16.932088699161728 ], [ -63.465601099631478, -16.927921999418583 ], [ -63.46143439983171, -16.923755299406643 ], [ -63.46143439983171, -16.919588599152007 ], [ -63.469767699718268, -16.911255199738026 ] ] ] } },
{ "type": "Feature", "properties": { "cotrecho": 213044, "cobacia": "46684494", "nome": null, "comp_km": 10.22213509, "nustrahler": 1 }, "geometry": { "type": "MultiLineString", "coordinates": [ [ [ -63.871860399577294, -17.882091099575785 ], [ -63.853110199723467, -17.882091299626591 ], [ -63.848943499923699, -17.886257999090443 ], [ -63.844776800123903, -17.882091299626591 ], [ -63.828110000026484, -17.882091399652005 ], [ -63.815609800015814, -17.869591399573974 ], [ -63.807276400416256, -17.869591399573974 ], [ -63.803109600005172, -17.865424799087616 ], [ -63.798942900205383, -17.865424799087616 ], [ -63.794776200405614, -17.861258099224859 ], [ -63.790609499707507, -17.865424799087616 ] ] ] } },
{ "type": "Feature", "properties": { "cotrecho": 213365, "cobacia": "4668932", "nome": null, "comp_km": 5.45777337, "nustrahler": 1 }, "geometry": { "type": "MultiLineString", "coordinates": [ [ [ -63.271851499751854, -17.348758399577044 ], [ -63.278101600206334, -17.34875829925555 ], [ -63.28226830000613, -17.344591599753976 ], [ -63.282268200293132, -17.340424899079469 ], [ -63.294768299692478, -17.327924799713998 ], [ -63.294768299692478, -17.32375809975597 ], [ -63.303101700190354, -17.315424699314764 ] ] ] } },
{ "type": "Feature", "properties": { "cotrecho": 214106, "cobacia": "46684154", "nome": null, "comp_km": 3.37214047, "nustrahler": 1 }, "geometry": { "type": "MultiLineString", "coordinates": [ [ [ -64.146856200239455, -16.63416719975962 ], [ -64.140606099784975, -16.627917099187115 ], [ -64.140606099784975, -16.623750499100019 ], [ -64.128105899774326, -16.611250499588625 ] ] ] } },
{ "type": "Feature", "properties": { "cotrecho": 214136, "cobacia": "46684198", "nome": null, "comp_km": 7.80126276, "nustrahler": 1 }, "geometry": { "type": "MultiLineString", "coordinates": [ [ [ -63.896858000448177, -17.417505499768083 ], [ -63.89060789999369, -17.411255499413084 ], [ -63.89060789999369, -17.407088899444759 ], [ -63.894774599793472, -17.40292209904403 ], [ -63.894774599793472, -17.398755399105841 ], [ -63.89060789999369, -17.394588799663428 ], [ -63.898941199880262, -17.386255299735936 ], [ -63.894774500080487, -17.382088699342248 ], [ -63.894774400367488, -17.37792199980974 ], [ -63.873940899571942, -17.377922099257969 ] ] ] } },
{ "type": "Feature", "properties": { "cotrecho": 214156, "cobacia": "46684222", "nome": null, "comp_km": 4.56337361, "nustrahler": 1 }, "geometry": { "type": "MultiLineString", "coordinates": [ [ [ -63.751024299769945, -17.600840499407727 ], [ -63.744774200213769, -17.594590399684058 ], [ -63.744774099602466, -17.586257099160701 ], [ -63.74060739980267, -17.582090399450337 ], [ -63.74060739980267, -17.577923699633974 ], [ -63.736440700002895, -17.573757099079334 ], [ -63.732274000203113, -17.573757099079334 ], [ -63.732273899591796, -17.569590399132657 ] ] ] } },
{ "type": "Feature", "properties": { "cotrecho": 214439, "cobacia": "46689971", "nome": null, "comp_km": 7.12252611, "nustrahler": 3 }, "geometry": { "type": "MultiLineString", "coordinates": [ [ [ -63.694778199869717, -18.377927699852108 ], [ -63.690611500069942, -18.373760999304633 ], [ -63.690611500069942, -18.369594299561946 ], [ -63.686444800270159, -18.365427699547997 ], [ -63.686444699658843, -18.357094299218286 ], [ -63.690611400356943, -18.352927599556033 ], [ -63.690611400356943, -18.348760899127893 ], [ -63.686444599945844, -18.34459419966602 ], [ -63.686444599945844, -18.332094199441844 ], [ -63.678111099734977, -18.323760899433225 ] ] ] } },
{ "type": "Feature", "properties": { "cotrecho": 214456, "cobacia": "466895955", "nome": null, "comp_km": 17.13467193, "nustrahler": 4 }, "geometry": { "type": "MultiLineString", "coordinates": [ [ [ -63.365605800329654, -17.94042739905651 ], [ -63.357272300118787, -17.932094099547548 ], [ -63.357272300118787, -17.927927399273418 ], [ -63.353105600319012, -17.927927399273418 ], [ -63.348938799907913, -17.923760799257543 ], [ -63.348938700194914, -17.898760699219366 ], [ -63.344772000395132, -17.894593999182792 ], [ -63.344771899783822, -17.890427299615798 ], [ -63.332271699773173, -17.877927299751896 ], [ -63.315604899675733, -17.877927399779658 ], [ -63.311438199875944, -17.873760699797291 ], [ -63.307271500076176, -17.877927399779658 ], [ -63.294771399778526, -17.87792749980742 ], [ -63.290604600265731, -17.873760799827398 ], [ -63.290604600265731, -17.869594099595155 ], [ -63.28643789956763, -17.865427499172089 ], [ -63.286437799854632, -17.84459399957198 ] ] ] } },
{ "type": "Feature", "properties": { "cotrecho": 214457, "cobacia": "466857", "nome": null, "comp_km": 9.57425245, "nustrahler": 4 }, "geometry": { "type": "MultiLineString", "coordinates": [ [ [ -64.061437100383344, -16.327916099315949 ], [ -64.069770499982923, -16.319582699615452 ], [ -64.086437300080362, -16.319582499603243 ], [ -64.094770699679927, -16.311249199357558 ], [ -64.098937400378006, -16.311249099347179 ], [ -64.103104100177788, -16.315415799422926 ], [ -64.111437499777367, -16.307082399401853 ], [ -64.119770900275242, -16.307082299389347 ], [ -64.132270899961583, -16.294582299744164 ] ] ] } },
{ "type": "Feature", "properties": { "cotrecho": 215570, "cobacia": "46689476", "nome": null, "comp_km": 5.02669524, "nustrahler": 1 }, "geometry": { "type": "MultiLineString", "coordinates": [ [ [ -63.463522300147666, -17.742509299253658 ], [ -63.457272199693172, -17.736259299760754 ], [ -63.457272099980173, -17.719592499253103 ], [ -63.46143879977997, -17.715425799818615 ], [ -63.46143879977997, -17.711259199551797 ], [ -63.457272000267174, -17.707092499094813 ], [ -63.453105299569103, -17.707092499094813 ] ] ] } },
{ "type": "Feature", "properties": { "cotrecho": 216985, "cobacia": "46684137", "nome": null, "comp_km": 3.7630208, "nustrahler": 4 }, "geometry": { "type": "MultiLineString", "coordinates": [ [ [ -64.165605100231062, -16.38624919922913 ], [ -64.165604999619745, -16.377915799629882 ], [ -64.173938400117621, -16.369582399761292 ], [ -64.182271799717199, -16.369582299780795 ], [ -64.186438500415292, -16.365415599484766 ] ] ] } },
{ "type": "Feature", "properties": { "cotrecho": 219859, "cobacia": "4668695", "nome": null, "comp_km": 16.45485799, "nustrahler": 2 }, "geometry": { "type": "MultiLineString", "coordinates": [ [ [ -63.540605200355458, -17.532091199732626 ], [ -63.532271700144591, -17.523757899630859 ], [ -63.532271700144591, -17.515424499508743 ], [ -63.528104899733492, -17.511257799053471 ], [ -63.528104800020493, -17.494591099460042 ], [ -63.532271499820268, -17.490424399275597 ], [ -63.532271499820268, -17.482090999503392 ], [ -63.519771299809619, -17.469590999417676 ], [ -63.519771200096628, -17.46125769959335 ], [ -63.523937999609394, -17.457090999674381 ], [ -63.519771200096628, -17.452924299585501 ], [ -63.519771200096628, -17.448757599353058 ], [ -63.528104499983201, -17.440424199420118 ], [ -63.532271199782969, -17.440424199420118 ], [ -63.536438000194067, -17.43625739949891 ], [ -63.536437899582744, -17.432090699810928 ], [ -63.540604600280844, -17.427923999254268 ], [ -63.540604600280844, -17.42375739984983 ], [ -63.544771300080619, -17.419590699351346 ], [ -63.54477120036762, -17.41125729944044 ] ] ] } },
{ "type": "Feature", "properties": { "cotrecho": 219860, "cobacia": "4668637", "nome": null, "comp_km": 11.82013844, "nustrahler": 3 }, "geometry": { "type": "MultiLineString", "coordinates": [ [ [ -64.023939000362844, -16.752918299085607 ], [ -64.023939000362844, -16.748751699897316 ], [ -64.02810559955131, -16.744584899413095 ], [ -64.02810559955131, -16.740418299379844 ], [ -64.032272300249389, -16.736251599604934 ], [ -64.032272199638086, -16.732084899900499 ], [ -64.028105499838318, -16.727918199432327 ], [ -64.028105499838318, -16.719584899549126 ], [ -64.032272199638086, -16.715418099727351 ], [ -64.032272099925095, -16.69875139913221 ], [ -64.028105400125312, -16.694584699514539 ], [ -64.028105300412321, -16.682084699126438 ], [ -64.023938599714214, -16.677917999268608 ], [ -64.023938500001222, -16.657084499274411 ] ] ] } },
{ "type": "Feature", "properties": { "cotrecho": 219861, "cobacia": "4668633", "nome": null, "comp_km": 16.80713634, "nustrahler": 3 }, "geometry": { "type": "MultiLineString", "coordinates": [ [ [ -63.998937700229604, -16.552917499127002 ], [ -64.0031044000294, -16.548750799873265 ], [ -64.003104300316409, -16.527917299472673 ], [ -63.998937599618301, -16.523750699337608 ], [ -64.003104199705078, -16.519583899073499 ], [ -64.003104199705078, -16.507083899637681 ], [ -64.007270799791883, -16.502917199090021 ], [ -64.007270799791883, -16.498750499206434 ], [ -64.011437499591651, -16.49458379915146 ], [ -64.011437399878659, -16.490417099812369 ], [ -64.007270700078877, -16.486250499412879 ], [ -64.011437399878659, -16.482083799862725 ], [ -64.011437399878659, -16.477916999458618 ], [ -64.015604099678427, -16.473750399723652 ], [ -64.011437399878659, -16.469583699186416 ], [ -64.011437300165653, -16.461250299890452 ], [ -64.019770699765232, -16.452916899118158 ], [ -64.019770699765232, -16.448750199750762 ], [ -64.023937299852008, -16.444583499661135 ], [ -64.023937299852008, -16.436250099141755 ], [ -64.02810399965179, -16.432083499573746 ], [ -64.02810399965179, -16.423749999623624 ] ] ] } },
{ "type": "Feature", "properties": { "cotrecho": 219862, "cobacia": "4668657", "nome": null, "comp_km": 10.46054748, "nustrahler": 3 }, "geometry": { "type": "MultiLineString", "coordinates": [ [ [ -63.748937700214505, -17.019587699785777 ], [ -63.753104400014294, -17.015420999655788 ], [ -63.753104400014294, -17.01125429956733 ], [ -63.769771200111734, -16.994587399638533 ], [ -63.77393780019851, -16.994587399638533 ], [ -63.778104499998285, -16.990420699288723 ], [ -63.794771399808724, -16.990420599632312 ], [ -63.798938099608513, -16.986253899478712 ], [ -63.803104800306599, -16.986253899478712 ], [ -63.807271500106381, -16.990420599632312 ], [ -63.811438199906156, -16.99042049911678 ], [ -63.815604899705953, -16.986253799820087 ], [ -63.819771600404039, -16.99042049911678 ], [ -63.823938300203828, -16.99042049911678 ] ] ] } },
{ "type": "Feature", "properties": { "cotrecho": 219863, "cobacia": "466861", "nome": null, "comp_km": 4.92074272, "nustrahler": 3 }, "geometry": { "type": "MultiLineString", "coordinates": [ [ [ -64.040603799912134, -16.369582999644351 ], [ -64.053103900209805, -16.357082899072942 ], [ -64.053103799598489, -16.344582899698043 ], [ -64.057270399685279, -16.340416199436664 ], [ -64.057270399685279, -16.332082799650827 ] ] ] } },
{ "type": "Feature", "properties": { "cotrecho": 221787, "cobacia": "46689473", "nome": null, "comp_km": 2.04366698, "nustrahler": 2 }, "geometry": { "type": "MultiLineString", "coordinates": [ [ [ -63.461438400029657, -17.652925599041726 ], [ -63.465605099829425, -17.648758799364156 ], [ -63.46560500011644, -17.636258799596153 ] ] ] } },
{ "type": "Feature", "properties": { "cotrecho": 224327, "cobacia": "46689477", "nome": null, "comp_km": 8.65183049, "nustrahler": 2 }, "geometry": { "type": "MultiLineString", "coordinates": [ [ [ -63.432272099709181, -17.765426199523237 ], [ -63.432271999996182, -17.748759499839647 ], [ -63.428105199585083, -17.744592799268208 ], [ -63.432271900283183, -17.740426099268824 ], [ -63.428105199585083, -17.73625939986799 ], [ -63.428105199585083, -17.732092799490619 ], [ -63.432271900283183, -17.727926099657719 ], [ -63.436438500369974, -17.727925999545825 ], [ -63.440605299882741, -17.723759299533171 ], [ -63.440605200169749, -17.715425999200626 ], [ -63.444771899969531, -17.711259199551797 ], [ -63.448938599769306, -17.711259199551797 ], [ -63.453105299569103, -17.707092499094813 ] ] ] } },
{ "type": "Feature", "properties": { "cotrecho": 226212, "cobacia": "4668654", "nome": null, "comp_km": 3.01345759, "nustrahler": 1 }, "geometry": { "type": "MultiLineString", "coordinates": [ [ [ -63.855188700068304, -17.009170399773339 ], [ -63.844771899814042, -16.998753799486519 ], [ -63.844771800101043, -16.986253699302321 ] ] ] } },
{ "type": "Feature", "properties": { "cotrecho": 226369, "cobacia": "4668725", "nome": null, "comp_km": 21.3015297, "nustrahler": 2 }, "geometry": { "type": "MultiLineString", "coordinates": [ [ [ -63.765603699913022, -16.865420199554457 ], [ -63.765603699913022, -16.861253499473886 ], [ -63.761437000113254, -16.85708679954211 ], [ -63.761436900400241, -16.848753399369684 ], [ -63.757270199702155, -16.844586799774532 ], [ -63.757270199702155, -16.840420099841346 ], [ -63.765603499588728, -16.832086699119181 ], [ -63.757270099989171, -16.823753399467158 ], [ -63.757270099989171, -16.815419999889421 ], [ -63.748936500065298, -16.807086599474719 ], [ -63.748936599778297, -16.794586599326557 ], [ -63.73226960025486, -16.777919899245735 ], [ -63.732269499643536, -16.773753199175953 ], [ -63.72810289955676, -16.769586599575522 ], [ -63.732269499643536, -16.765419799431161 ], [ -63.719769400244203, -16.75291979925311 ], [ -63.719769299632887, -16.748753199237466 ], [ -63.72393600033098, -16.74458649943244 ], [ -63.728102700130762, -16.744586399646295 ], [ -63.74060280042842, -16.732086299579155 ], [ -63.748936200027977, -16.732086299579155 ], [ -63.757269599627548, -16.723752799889763 ] ] ] } },
{ "type": "Feature", "properties": { "cotrecho": 226393, "cobacia": "46689972", "nome": null, "comp_km": 2.07209905, "nustrahler": 1 }, "geometry": { "type": "MultiLineString", "coordinates": [ [ [ -63.69686170023742, -18.392511099645198 ], [ -63.69061159978294, -18.386261099843761 ], [ -63.69061159978294, -18.382094399472457 ], [ -63.694778199869717, -18.377927699852108 ] ] ] } },
{ "type": "Feature", "properties": { "cotrecho": 228052, "cobacia": "4668432", "nome": null, "comp_km": 21.2760672, "nustrahler": 1 }, "geometry": { "type": "MultiLineString", "coordinates": [ [ [ -63.784358200002117, -17.642507199189819 ], [ -63.79894160034317, -17.627923699354316 ], [ -63.807274999942727, -17.627923599186747 ], [ -63.811441699742495, -17.623756899411703 ], [ -63.81560840044061, -17.623756899411703 ], [ -63.823941800040167, -17.61542349963231 ], [ -63.823941700327175, -17.598756699041108 ], [ -63.819774899916077, -17.594590099125799 ], [ -63.819774899916077, -17.590423399697599 ], [ -63.811441500316519, -17.582090099727619 ], [ -63.811441399705203, -17.577923399047997 ], [ -63.815608100403303, -17.5737566991452 ], [ -63.819774800203078, -17.5737566991452 ], [ -63.82394150000286, -17.569589899845752 ], [ -63.828108199802649, -17.569589899845752 ], [ -63.836441499689222, -17.561256499875928 ], [ -63.836441600300518, -17.557089799060741 ], [ -63.832274799889426, -17.552923099154704 ], [ -63.832274799889426, -17.548756499539316 ], [ -63.840608200387294, -17.540423099376969 ], [ -63.840608099775999, -17.527922899737064 ], [ -63.844774799575767, -17.523756299452682 ], [ -63.844774799575767, -17.519589599209546 ], [ -63.848941500273867, -17.515422899257096 ], [ -63.848941399662571, -17.511256199621776 ], [ -63.853108100360643, -17.507089499473349 ], [ -63.85727480016044, -17.507089399238851 ] ] ] } },
{ "type": "Feature", "properties": { "cotrecho": 228137, "cobacia": "4668698", "nome": null, "comp_km": 0.66353431, "nustrahler": 1 }, "geometry": { "type": "MultiLineString", "coordinates": [ [ [ -63.546855399624619, -17.561257999518496 ], [ -63.540605300068457, -17.561257999518496 ] ] ] } },
{ "type": "Feature", "properties": { "cotrecho": 228402, "cobacia": "46684422", "nome": null, "comp_km": 1.43267389, "nustrahler": 1 }, "geometry": { "type": "MultiLineString", "coordinates": [ [ [ -63.926026499844475, -17.680006599059059 ], [ -63.919776400288313, -17.673756599634221 ], [ -63.919776400288313, -17.669589899675913 ] ] ] } },
{ "type": "Feature", "properties": { "cotrecho": 229126, "cobacia": "46684231", "nome": null, "comp_km": 22.28336903, "nustrahler": 3 }, "geometry": { "type": "MultiLineString", "coordinates": [ [ [ -63.673939799662627, -17.52375719976709 ], [ -63.673939699949628, -17.515423799612837 ], [ -63.686439800247285, -17.502923699255881 ], [ -63.678106300036418, -17.494590299242475 ], [ -63.673939600236629, -17.494590399483869 ], [ -63.673939600236629, -17.490423699283376 ], [ -63.678106300036418, -17.48625689931259 ], [ -63.690606400334076, -17.48625689931259 ], [ -63.694773100133851, -17.482090199230814 ], [ -63.698939799933633, -17.482090199230814 ], [ -63.703106499733408, -17.486256799066599 ], [ -63.703106600344718, -17.498756899655408 ], [ -63.707273300144507, -17.502923599875821 ], [ -63.711439999944275, -17.502923499639028 ], [ -63.728106800041722, -17.486256699677423 ], [ -63.728106599717421, -17.4570898993627 ], [ -63.736440000215296, -17.448756499848024 ], [ -63.744773399814854, -17.448756499848024 ], [ -63.75727359982551, -17.461256399644213 ], [ -63.761440299625299, -17.461256399644213 ], [ -63.765607000323385, -17.457089699695512 ] ] ] } },
{ "type": "Feature", "properties": { "cotrecho": 229150, "cobacia": "46684235", "nome": null, "comp_km": 8.68254078, "nustrahler": 3 }, "geometry": { "type": "MultiLineString", "coordinates": [ [ [ -63.653106700414028, -17.598757599838876 ], [ -63.657273400213803, -17.594590899758241 ], [ -63.657273299602494, -17.590424299680585 ], [ -63.661440000300601, -17.586257499067191 ], [ -63.661440000300601, -17.582090799366078 ], [ -63.665606600387378, -17.577924099558928 ], [ -63.665606600387378, -17.569590799076035 ], [ -63.669773300187153, -17.565423999766104 ], [ -63.669773300187153, -17.557090699209571 ], [ -63.67393990027395, -17.552923999324239 ], [ -63.67393990027395, -17.54459059981756 ], [ -63.678106600073725, -17.540423899392547 ], [ -63.682273299873508, -17.540423899392547 ], [ -63.686439999673283, -17.536257199126013 ] ] ] } },
{ "type": "Feature", "properties": { "cotrecho": 229173, "cobacia": "46684215", "nome": null, "comp_km": 3.75071608, "nustrahler": 3 }, "geometry": { "type": "MultiLineString", "coordinates": [ [ [ -63.765607000323385, -17.457089699695512 ], [ -63.765606899712068, -17.448756299314748 ], [ -63.761440199912286, -17.444589699204375 ], [ -63.765606899712068, -17.440422899322392 ], [ -63.773940300209944, -17.440422899322392 ], [ -63.778107000009733, -17.436256199644994 ] ] ] } },
{ "type": "Feature", "properties": { "cotrecho": 229303, "cobacia": "46684251", "nome": null, "comp_km": 7.86386219, "nustrahler": 2 }, "geometry": { "type": "MultiLineString", "coordinates": [ [ [ -63.594772899623848, -17.62792469931799 ], [ -63.603106300121709, -17.62792469931799 ], [ -63.611439699721267, -17.619591299448086 ], [ -63.615606400419374, -17.619591299448086 ], [ -63.619773100219142, -17.615424499665252 ], [ -63.632273199618496, -17.615424499665252 ], [ -63.640606600116357, -17.607091099517291 ], [ -63.640606600116357, -17.602924399032883 ], [ -63.644773200203161, -17.598757699166406 ], [ -63.653106700414028, -17.598757599838876 ] ] ] } },
{ "type": "Feature", "properties": { "cotrecho": 229308, "cobacia": "46684273", "nome": null, "comp_km": 5.25859127, "nustrahler": 2 }, "geometry": { "type": "MultiLineString", "coordinates": [ [ [ -63.544773100304454, -17.744592199508361 ], [ -63.544773100304454, -17.740425499494989 ], [ -63.540606299893355, -17.73625889933184 ], [ -63.548939700391223, -17.72792539973015 ], [ -63.548939599779928, -17.719592099642636 ], [ -63.561439700077585, -17.707091999333009 ] ] ] } },
{ "type": "Feature", "properties": { "cotrecho": 229318, "cobacia": "46684253", "nome": null, "comp_km": 3.9125024, "nustrahler": 2 }, "geometry": { "type": "MultiLineString", "coordinates": [ [ [ -63.59060640014836, -17.661258299626876 ], [ -63.590606199824052, -17.632091399526576 ], [ -63.594772899623848, -17.62792469931799 ] ] ] } },
{ "type": "Feature", "properties": { "cotrecho": 234320, "cobacia": "4668664", "nome": null, "comp_km": 5.16361016, "nustrahler": 1 }, "geometry": { "type": "MultiLineString", "coordinates": [ [ [ -63.867689899903873, -17.205004599627038 ], [ -63.861439800347696, -17.198754699228179 ], [ -63.861439800347696, -17.194587899336934 ], [ -63.853106300136808, -17.186254599258405 ], [ -63.853106300136808, -17.18208789917086 ], [ -63.84893960033704, -17.182087999583093 ], [ -63.84477289963894, -17.17792129934973 ], [ -63.836439400326384, -17.177921399764184 ] ] ] } },
{ "type": "Feature", "properties": { "cotrecho": 237475, "cobacia": "4668899", "nome": null, "comp_km": 18.2609925, "nustrahler": 1 }, "geometry": { "type": "MultiLineString", "coordinates": [ [ [ -63.067684300117378, -17.617510699316043 ], [ -63.048933999652228, -17.598760699542161 ], [ -63.048933899939243, -17.586260699175629 ], [ -63.044767200139447, -17.582093999548267 ], [ -63.044767200139447, -17.577927299814853 ], [ -63.032267000128805, -17.565427299588951 ], [ -63.032266900415806, -17.561260699046414 ], [ -63.023933499917931, -17.5529272993749 ], [ -63.023933499917931, -17.548760599644673 ], [ -63.028100199717706, -17.54459389916347 ], [ -63.028100100004707, -17.540427199670869 ], [ -63.023933499917931, -17.540427199670869 ], [ -63.01976670040515, -17.536260599698569 ], [ -63.01976670040515, -17.532093899695095 ], [ -63.011433200194283, -17.523760599717356 ], [ -63.011433200194283, -17.51959389957295 ], [ -62.994766199772542, -17.502927199833078 ], [ -62.990599499972767, -17.502927199833078 ], [ -62.98643280017297, -17.507093999745091 ], [ -62.982266100373195, -17.502927299213134 ] ] ] } },
{ "type": "Feature", "properties": { "cotrecho": 237984, "cobacia": "4668895", "nome": null, "comp_km": 17.7657116, "nustrahler": 2 }, "geometry": { "type": "MultiLineString", "coordinates": [ [ [ -62.990599499972767, -17.490427099857637 ], [ -62.990599499972767, -17.482093799600626 ], [ -62.986432699561668, -17.477927099273014 ], [ -62.986432699561668, -17.473760399500296 ], [ -62.982265999761871, -17.469593799707244 ], [ -62.982265900048873, -17.465427099412175 ], [ -62.973932399837999, -17.457093799299233 ], [ -62.973932399837999, -17.452927099274337 ], [ -62.965599000238441, -17.444593799089223 ], [ -62.965599000238441, -17.44042709957214 ], [ -62.969765600325246, -17.436260299717183 ], [ -62.969765600325246, -17.432093599238396 ], [ -62.961432100114358, -17.423760299409683 ], [ -62.961432100114358, -17.41959369926003 ], [ -62.95309869961649, -17.411260299485992 ], [ -62.944765300016932, -17.411260299485992 ], [ -62.936431799806059, -17.402926999627606 ], [ -62.940598399892835, -17.398760299801108 ], [ -62.928098299595185, -17.386260299352521 ], [ -62.928098199882193, -17.382093599626735 ], [ -62.932264899681961, -17.377926899348441 ], [ -62.932264899681961, -17.373760199401381 ], [ -62.928098199882193, -17.369593599264569 ] ] ] } },
{ "type": "Feature", "properties": { "cotrecho": 237989, "cobacia": "4668875", "nome": null, "comp_km": 5.03347856, "nustrahler": 3 }, "geometry": { "type": "MultiLineString", "coordinates": [ [ [ -62.873930799752777, -17.336260299865433 ], [ -62.873930799752777, -17.332093599544176 ], [ -62.878097499552574, -17.327926899843938 ], [ -62.878097399839575, -17.323760299411159 ], [ -62.88226409963935, -17.319593499839364 ], [ -62.890597500137225, -17.319593499839364 ], [ -62.903097600434869, -17.307093299230161 ] ] ] } },
{ "type": "Feature", "properties": { "cotrecho": 237996, "cobacia": "4668851", "nome": null, "comp_km": 13.4230001, "nustrahler": 3 }, "geometry": { "type": "MultiLineString", "coordinates": [ [ [ -62.982264399862359, -17.186258999274639 ], [ -62.98226430014936, -17.165425599392542 ], [ -62.986430999949135, -17.161258899786358 ], [ -62.990597699748932, -17.161258799362844 ], [ -63.028097900030581, -17.123758499266142 ], [ -63.028097800317596, -17.119591799810841 ], [ -63.032264500117371, -17.115425099742446 ], [ -63.061431500225446, -17.115424899704415 ] ] ] } },
{ "type": "Feature", "properties": { "cotrecho": 238000, "cobacia": "4668811", "nome": null, "comp_km": 4.99487598, "nustrahler": 3 }, "geometry": { "type": "MultiLineString", "coordinates": [ [ [ -63.236432400437778, -16.965423299898362 ], [ -63.24059910023756, -16.961256599830715 ], [ -63.244765800037335, -16.961256599830715 ], [ -63.248932499837117, -16.957089899285329 ], [ -63.2530991996369, -16.957089799611214 ], [ -63.261432600134775, -16.94875649944354 ], [ -63.265599299934564, -16.948756399765013 ], [ -63.269765999734332, -16.944589699659431 ], [ -63.273932599821123, -16.944589699659431 ] ] ] } },
{ "type": "Feature", "properties": { "cotrecho": 238001, "cobacia": "4668871", "nome": null, "comp_km": 4.90384438, "nustrahler": 3 }, "geometry": { "type": "MultiLineString", "coordinates": [ [ [ -62.911430900321442, -17.290426599673282 ], [ -62.915597600121217, -17.286259799557751 ], [ -62.915597600121217, -17.282093199348626 ], [ -62.92393090000779, -17.273759799341029 ], [ -62.92393090000779, -17.257092999403209 ], [ -62.92809750009458, -17.252926299087825 ] ] ] } },
{ "type": "Feature", "properties": { "cotrecho": 238967, "cobacia": "4668815", "nome": null, "comp_km": 8.76877549, "nustrahler": 3 }, "geometry": { "type": "MultiLineString", "coordinates": [ [ [ -63.157265200361678, -17.019590599679717 ], [ -63.161431900161453, -17.019590599679717 ], [ -63.16559859996125, -17.015423899614309 ], [ -63.169765400372349, -17.015423899614309 ], [ -63.169765299761018, -17.011257199590379 ], [ -63.16559859996125, -17.007090599281657 ], [ -63.16559859996125, -17.002923799771661 ], [ -63.169765200048026, -16.998757099170113 ], [ -63.169765200048026, -16.994590399573745 ], [ -63.178098700258893, -16.986256999205906 ], [ -63.182265300345698, -16.986256999205906 ], [ -63.186432000145466, -16.98209029934581 ], [ -63.194765399745023, -16.98209029934581 ], [ -63.203098800242913, -16.973756799879585 ] ] ] } },
{ "type": "Feature", "properties": { "cotrecho": 239304, "cobacia": "46688121", "nome": null, "comp_km": 12.83733555, "nustrahler": 2 }, "geometry": { "type": "MultiLineString", "coordinates": [ [ [ -63.248933000198726, -17.057090399713214 ], [ -63.24476630039895, -17.052923699582013 ], [ -63.244766199787634, -17.040423599846466 ], [ -63.248932899587409, -17.036256899096092 ], [ -63.248932899587409, -17.032090199115231 ], [ -63.253099600285523, -17.027923499071203 ], [ -63.253099499674214, -17.019590099757259 ], [ -63.261432900172082, -17.011256799290997 ], [ -63.2572662003723, -17.007090099325826 ], [ -63.257266099760983, -16.998756699703073 ], [ -63.253099399961201, -16.994589999238762 ], [ -63.257266099760983, -16.990423299805808 ], [ -63.257266000047998, -16.986256599712238 ], [ -63.244765899750327, -16.973756599689864 ], [ -63.240599199950559, -16.973756699355125 ], [ -63.236432400437778, -16.969589999462137 ], [ -63.236432400437778, -16.965423299898362 ] ] ] } },
{ "type": "Feature", "properties": { "cotrecho": 239475, "cobacia": "46684451", "nome": null, "comp_km": 9.03348786, "nustrahler": 3 }, "geometry": { "type": "MultiLineString", "coordinates": [ [ [ -63.790609099957216, -17.794591199711796 ], [ -63.798942499556766, -17.786257699864667 ], [ -63.794775700043992, -17.782091099650813 ], [ -63.794775799756991, -17.777924399690583 ], [ -63.803109099643549, -17.769590899075681 ], [ -63.803109099643549, -17.761257599432938 ], [ -63.807275800341642, -17.757090899824917 ], [ -63.81144240042844, -17.757090899824917 ], [ -63.81144240042844, -17.752924199853727 ], [ -63.815609100228215, -17.748757499545874 ], [ -63.815609100228215, -17.74459079978347 ], [ -63.823942400114788, -17.736257399434585 ], [ -63.823942499827773, -17.732090699756778 ] ] ] } },
{ "type": "Feature", "properties": { "cotrecho": 239816, "cobacia": "46684747", "nome": null, "comp_km": 4.65028681, "nustrahler": 1 }, "geometry": { "type": "MultiLineString", "coordinates": [ [ [ -64.238530399674588, -17.842505699372055 ], [ -64.244780599842059, -17.848755699402943 ], [ -64.244780599842059, -17.852922399756846 ], [ -64.248947299641841, -17.857089099136573 ], [ -64.244780599842059, -17.861255699188469 ], [ -64.257280799852722, -17.873755699146994 ] ] ] } },
{ "type": "Feature", "properties": { "cotrecho": 241206, "cobacia": "46687161", "nome": null, "comp_km": 6.20898586, "nustrahler": 2 }, "geometry": { "type": "MultiLineString", "coordinates": [ [ [ -63.857269400387253, -16.511251299315273 ], [ -63.857269400387253, -16.50708459986717 ], [ -63.836435700165744, -16.486251299638234 ], [ -63.836435700165744, -16.473751199139233 ], [ -63.83226900036594, -16.469584499480661 ], [ -63.832268899754645, -16.465417899763231 ] ] ] } },
{ "type": "Feature", "properties": { "cotrecho": 241207, "cobacia": "46687163", "nome": null, "comp_km": 19.05677098, "nustrahler": 1 }, "geometry": { "type": "MultiLineString", "coordinates": [ [ [ -63.934354099920554, -16.621668199786217 ], [ -63.91560380035375, -16.602918199528602 ], [ -63.907270399855875, -16.611251499867745 ], [ -63.903103700056079, -16.611251599723481 ], [ -63.873936600235005, -16.582084899103815 ], [ -63.869769900435209, -16.582084899103815 ], [ -63.86560319973713, -16.577918299530243 ], [ -63.861436499937334, -16.577918299530243 ], [ -63.85310299972646, -16.569584999414548 ], [ -63.85310299972646, -16.565418299780916 ], [ -63.857269700424567, -16.561251499679663 ], [ -63.857269599813264, -16.548751499090539 ], [ -63.853102900013468, -16.544584799369691 ], [ -63.853102800300483, -16.540418199085 ], [ -63.857269500100251, -16.536251399446037 ], [ -63.857269400387253, -16.511251299315273 ] ] ] } },
{ "type": "Feature", "properties": { "cotrecho": 241967, "cobacia": "46688492", "nome": null, "comp_km": 3.53855457, "nustrahler": 1 }, "geometry": { "type": "MultiLineString", "coordinates": [ [ [ -63.136433799827287, -17.409175999119853 ], [ -63.136433799827287, -17.398759299431795 ], [ -63.132267000314506, -17.394592699221032 ], [ -63.128100299616413, -17.394592699221032 ], [ -63.123933599816617, -17.398759299431795 ], [ -63.119766900016849, -17.394592699221032 ] ] ] } },
{ "type": "Feature", "properties": { "cotrecho": 242838, "cobacia": "4668894", "nome": null, "comp_km": 9.52204685, "nustrahler": 1 }, "geometry": { "type": "MultiLineString", "coordinates": [ [ [ -62.988515699567742, -17.417510099109144 ], [ -62.978098900211791, -17.407093499048059 ], [ -62.978098799600481, -17.394593399581229 ], [ -62.965598599589839, -17.382093399877533 ], [ -62.957265199990275, -17.382093499323503 ], [ -62.953098500190478, -17.377926799042957 ], [ -62.94893180039071, -17.377926799042957 ], [ -62.940598300179836, -17.369593499811852 ], [ -62.928098199882193, -17.369593599264569 ] ] ] } },
{ "type": "Feature", "properties": { "cotrecho": 242884, "cobacia": "4668221", "nome": null, "comp_km": 5.30541467, "nustrahler": 2 }, "geometry": { "type": "MultiLineString", "coordinates": [ [ [ -64.390605600336784, -16.07791329959926 ], [ -64.394772399849558, -16.073746499647573 ], [ -64.394772300136552, -16.065413199781187 ], [ -64.390605600336784, -16.061246499656189 ], [ -64.39477220042356, -16.05707979948118 ], [ -64.407272299822907, -16.05707979948118 ], [ -64.411438999622689, -16.052912999140563 ], [ -64.415605700320782, -16.052912999140563 ] ] ] } },
{ "type": "Feature", "properties": { "cotrecho": 242885, "cobacia": "4668225", "nome": null, "comp_km": 7.65461048, "nustrahler": 1 }, "geometry": { "type": "MultiLineString", "coordinates": [ [ [ -64.336439299745294, -16.246664299668499 ], [ -64.336439299745294, -16.240414299847497 ], [ -64.344772700243169, -16.232080899907697 ], [ -64.344772599631867, -16.219580899167507 ], [ -64.348939300329945, -16.215414099918672 ], [ -64.348939199718643, -16.207080699419091 ], [ -64.344772499918861, -16.207080799482512 ], [ -64.34060589983207, -16.211247499786747 ], [ -64.336439100319296, -16.207080799482512 ], [ -64.336439100319296, -16.19874739950032 ] ] ] } },
{ "type": "Feature", "properties": { "cotrecho": 243679, "cobacia": "46684493", "nome": null, "comp_km": 1.75334016, "nustrahler": 2 }, "geometry": { "type": "MultiLineString", "coordinates": [ [ [ -63.790609499707507, -17.865424799087616 ], [ -63.782276100107943, -17.857091499229195 ], [ -63.782276100107943, -17.852924799050619 ] ] ] } },
{ "type": "Feature", "properties": { "cotrecho": 244513, "cobacia": "46687468", "nome": null, "comp_km": 3.85481288, "nustrahler": 1 }, "geometry": { "type": "MultiLineString", "coordinates": [ [ [ -63.411435799763211, -17.27584059909567 ], [ -63.411435799763211, -17.269590599411739 ], [ -63.415602499563008, -17.265423899265368 ], [ -63.415602300137003, -17.248757099072105 ], [ -63.419768999936785, -17.244590399253294 ] ] ] } },
{ "type": "Feature", "properties": { "cotrecho": 245506, "cobacia": "4668767", "nome": null, "comp_km": 7.93094552, "nustrahler": 2 }, "geometry": { "type": "MultiLineString", "coordinates": [ [ [ -63.332265900249695, -16.823755399517839 ], [ -63.33643260004947, -16.819588799314911 ], [ -63.33643260004947, -16.815421999168123 ], [ -63.344765899936043, -16.807088699454564 ], [ -63.361432799746474, -16.807088599701231 ], [ -63.36559950044456, -16.811255199452663 ], [ -63.365599600157566, -16.819588599821362 ], [ -63.37393310036844, -16.82792189950646 ], [ -63.382266400254998, -16.82792189950646 ] ] ] } },
{ "type": "Feature", "properties": { "cotrecho": 246511, "cobacia": "4668232", "nome": null, "comp_km": 11.59203769, "nustrahler": 1 }, "geometry": { "type": "MultiLineString", "coordinates": [ [ [ -64.467690299870085, -16.186246799384111 ], [ -64.473940299713263, -16.186246699310118 ], [ -64.482273700211138, -16.177913299330431 ], [ -64.478106899800039, -16.17374669911602 ], [ -64.478106800087048, -16.14041309975779 ], [ -64.461439900276616, -16.123746399384466 ], [ -64.453106499778727, -16.12374649949005 ], [ -64.44477299956786, -16.115413199673444 ], [ -64.44477299956786, -16.111246499554888 ] ] ] } },
{ "type": "Feature", "properties": { "cotrecho": 249200, "cobacia": "46684223", "nome": null, "comp_km": 15.08529162, "nustrahler": 1 }, "geometry": { "type": "MultiLineString", "coordinates": [ [ [ -63.734357900321122, -17.675840899839855 ], [ -63.715607599855986, -17.657090899312035 ], [ -63.711440900056203, -17.657090899312035 ], [ -63.711440800343219, -17.648757499048067 ], [ -63.723940899742544, -17.636257399026871 ], [ -63.723940899742544, -17.632090699225731 ], [ -63.719774199942762, -17.627924099168556 ], [ -63.719773999618454, -17.615423999648765 ], [ -63.715607299818679, -17.611257399029519 ], [ -63.723940700316561, -17.602923899838039 ], [ -63.719773999618454, -17.598757299287545 ], [ -63.719773999618454, -17.59459059919995 ], [ -63.723940599705237, -17.59042389978331 ], [ -63.723940599705237, -17.586257199351383 ], [ -63.728107300403337, -17.58209049964336 ], [ -63.728107300403337, -17.573757099079334 ], [ -63.732273899591796, -17.569590399132657 ] ] ] } },
{ "type": "Feature", "properties": { "cotrecho": 249304, "cobacia": "4668685", "nome": null, "comp_km": 1.08653604, "nustrahler": 2 }, "geometry": { "type": "MultiLineString", "coordinates": [ [ [ -63.678105699961812, -17.377923099741189 ], [ -63.673939000162015, -17.377923099741189 ], [ -63.669772199750945, -17.373756499158116 ] ] ] } },
{ "type": "Feature", "properties": { "cotrecho": 249880, "cobacia": "46687491", "nome": null, "comp_km": 10.61749571, "nustrahler": 2 }, "geometry": { "type": "MultiLineString", "coordinates": [ [ [ -63.540603599557606, -17.261256599661699 ], [ -63.553103799568277, -17.248756399871571 ], [ -63.553103600142279, -17.2279229993607 ], [ -63.548936900342497, -17.223756399186737 ], [ -63.548936900342497, -17.215422999432494 ], [ -63.540603400131623, -17.207089599103835 ], [ -63.540603400131623, -17.202922999727004 ], [ -63.544770000218399, -17.198756299672169 ], [ -63.540603300418624, -17.194589599364249 ], [ -63.536436599720524, -17.194589599364249 ], [ -63.532269899920756, -17.190422999237139 ], [ -63.536436599720524, -17.186256299362189 ] ] ] } },
{ "type": "Feature", "properties": { "cotrecho": 249881, "cobacia": "46687431", "nome": null, "comp_km": 12.33413985, "nustrahler": 3 }, "geometry": { "type": "MultiLineString", "coordinates": [ [ [ -63.623936199571276, -16.952921299282345 ], [ -63.623936099858277, -16.948754599536251 ], [ -63.619769400058502, -16.944587899390779 ], [ -63.619769400058502, -16.940421299414329 ], [ -63.611435899847635, -16.932087899084671 ], [ -63.615602599647403, -16.927921199323787 ], [ -63.615602499934404, -16.907087799288771 ], [ -63.619769199734179, -16.902921099168463 ], [ -63.623935900432294, -16.902921099168463 ], [ -63.628102600232069, -16.898754399795568 ], [ -63.623935799820977, -16.894587699477086 ], [ -63.628102600232069, -16.890420999098637 ], [ -63.636435900118627, -16.890420899389234 ], [ -63.653102700216067, -16.873754099508403 ] ] ] } },
{ "type": "Feature", "properties": { "cotrecho": 249882, "cobacia": "46687411", "nome": null, "comp_km": 14.05327404, "nustrahler": 3 }, "geometry": { "type": "MultiLineString", "coordinates": [ [ [ -63.673935900075989, -16.815420399745175 ], [ -63.669769200276193, -16.811253699745684 ], [ -63.66976909966489, -16.807086999348016 ], [ -63.665602399865094, -16.802920399193706 ], [ -63.661435700065326, -16.802920399193706 ], [ -63.661435700065326, -16.798753699799956 ], [ -63.665602300152109, -16.794586999226226 ], [ -63.66976909966489, -16.794586999226226 ], [ -63.673935800362983, -16.79042029921845 ], [ -63.673935699751667, -16.786253599802826 ], [ -63.669768999951899, -16.782086899285225 ], [ -63.669768999951899, -16.773753499348597 ], [ -63.66560220043911, -16.769586899754778 ], [ -63.665602099827801, -16.740420099871098 ], [ -63.644768399606271, -16.71958669937683 ], [ -63.644768399606271, -16.715419999395813 ] ] ] } },
{ "type": "Feature", "properties": { "cotrecho": 249883, "cobacia": "46687493", "nome": null, "comp_km": 18.10743555, "nustrahler": 1 }, "geometry": { "type": "MultiLineString", "coordinates": [ [ [ -63.463520299599523, -17.384174199182684 ], [ -63.469770300341018, -17.377924199672631 ], [ -63.473937000140786, -17.377924199672631 ], [ -63.473936900427788, -17.365424099888767 ], [ -63.490603699626917, -17.348757199149023 ], [ -63.490603599913932, -17.340423899249014 ], [ -63.494770299713707, -17.336257199120137 ], [ -63.494770299713707, -17.327923799815458 ], [ -63.498937000411807, -17.323757099834747 ], [ -63.498936899800484, -17.319590399670204 ], [ -63.503103599600266, -17.315423699348184 ], [ -63.503103599600266, -17.311256999752569 ], [ -63.507270300298359, -17.307090299194446 ], [ -63.511437000098155, -17.307090299194446 ], [ -63.515603699897923, -17.302923599415411 ], [ -63.515603600184932, -17.28625679918229 ], [ -63.5197702999847, -17.282090099405163 ], [ -63.523936999784489, -17.282090099405163 ], [ -63.523936900071504, -17.273756699257323 ], [ -63.528103599871272, -17.269589999797024 ], [ -63.532270299671062, -17.269589999797024 ], [ -63.540603599557606, -17.261256599661699 ] ] ] } },
{ "type": "Feature", "properties": { "cotrecho": 250722, "cobacia": "46684274", "nome": null, "comp_km": 12.07908967, "nustrahler": 1 }, "geometry": { "type": "MultiLineString", "coordinates": [ [ [ -63.601024099616225, -17.821675599580839 ], [ -63.590607300260288, -17.811258899238673 ], [ -63.590607099935966, -17.79042549960181 ], [ -63.582273700336415, -17.782092199692848 ], [ -63.582273599725092, -17.777925499758272 ], [ -63.578106899925324, -17.773758799327748 ], [ -63.573940200125548, -17.773758899414009 ], [ -63.573940200125548, -17.769592099283255 ], [ -63.56977339971445, -17.765425499742296 ], [ -63.565606799627673, -17.765425499742296 ], [ -63.561440000114892, -17.761258899789699 ], [ -63.561440000114892, -17.757092199356464 ], [ -63.557273300315117, -17.752925499415504 ], [ -63.557273199703793, -17.748758899238183 ], [ -63.553106499904018, -17.744592199508361 ], [ -63.544773100304454, -17.744592199508361 ] ] ] } },
{ "type": "Feature", "properties": { "cotrecho": 250783, "cobacia": "4668865", "nome": null, "comp_km": 35.2829647, "nustrahler": 1 }, "geometry": { "type": "MultiLineString", "coordinates": [ [ [ -63.12601840004654, -17.659177299751867 ], [ -63.111434899992503, -17.644593999750782 ], [ -63.111434899992503, -17.640427299238176 ], [ -63.119768199879061, -17.6320938993779 ], [ -63.119768199879061, -17.623760499535251 ], [ -63.11560140036628, -17.619593799472689 ], [ -63.11560140036628, -17.615427099065926 ], [ -63.107267999868405, -17.607093799217179 ], [ -63.107267900155406, -17.598760399847095 ], [ -63.11143459995521, -17.594593699831048 ], [ -63.11143459995521, -17.590426999629575 ], [ -63.107267800442408, -17.586260399459825 ], [ -63.111434500242211, -17.582093699825556 ], [ -63.107267800442408, -17.57792699922889 ], [ -63.107267800442408, -17.569593599536006 ], [ -63.103101099744336, -17.565426999838625 ], [ -63.098934300231541, -17.565426999838625 ], [ -63.094767600431766, -17.561260299084626 ], [ -63.094767600431766, -17.552926899394741 ], [ -63.090600800020667, -17.54876029986676 ], [ -63.090600800020667, -17.544593599378693 ], [ -63.086434100220899, -17.540426899879165 ], [ -63.086433999609568, -17.527926799867654 ], [ -63.0822672998098, -17.523760199672811 ], [ -63.082267200096801, -17.5154267996563 ], [ -63.073933699885927, -17.507093499429359 ], [ -63.073933699885927, -17.494593399871402 ], [ -63.069767000086145, -17.490426799126602 ], [ -63.06560019967506, -17.490426799126602 ], [ -63.061433499875271, -17.486260099472826 ], [ -63.061433400162279, -17.477926799378128 ], [ -63.040599799653762, -17.457093399107983 ], [ -63.040599799653762, -17.45292669907397 ], [ -63.036433000140974, -17.448760099163017 ], [ -63.036433000140974, -17.444593399727548 ], [ -63.032266300341206, -17.440426699344332 ], [ -63.032266199729889, -17.436259999753709 ], [ -63.028099599643092, -17.436260099170163 ], [ -63.023932800130332, -17.43209339954387 ], [ -63.023932800130332, -17.427926699048854 ], [ -63.019765999719233, -17.423759999425659 ], [ -63.019766100330536, -17.419593299843626 ], [ -63.028099400217108, -17.411259899194196 ], [ -63.028099400217108, -17.40709319903667 ] ] ] } },
{ "type": "Feature", "properties": { "cotrecho": 250789, "cobacia": "4668863", "nome": null, "comp_km": 8.82817158, "nustrahler": 2 }, "geometry": { "type": "MultiLineString", "coordinates": [ [ [ -63.028099400217108, -17.40709319903667 ], [ -63.023932700417333, -17.40292659931756 ], [ -63.015599200206438, -17.40292659931756 ], [ -63.01143250040667, -17.398759999776036 ], [ -63.007265799708577, -17.402926699609374 ], [ -63.003099099908795, -17.398759999776036 ], [ -63.003099000195796, -17.382093199271093 ], [ -63.011432399795368, -17.373759799884827 ], [ -63.011432300082369, -17.369593099428872 ], [ -63.015598999882144, -17.365426399356792 ], [ -63.015598999882144, -17.361259699694958 ], [ -63.019765800293243, -17.357092999612384 ] ] ] } },
{ "type": "Feature", "properties": { "cotrecho": 250796, "cobacia": "4668861", "nome": null, "comp_km": 17.14683595, "nustrahler": 2 }, "geometry": { "type": "MultiLineString", "coordinates": [ [ [ -63.019765800293243, -17.357092999612384 ], [ -63.015598999882144, -17.35292629913533 ], [ -63.015598900169145, -17.34459299914182 ], [ -63.003098700158503, -17.332092999275655 ], [ -63.003098700158503, -17.323759599637828 ], [ -62.998931899747404, -17.319592999867417 ], [ -62.998931899747404, -17.311259599210015 ], [ -62.994765199947615, -17.30709289956846 ], [ -62.986431699736748, -17.30709289956846 ], [ -62.982264999936973, -17.302926299337198 ], [ -62.969764899639316, -17.302926299337198 ], [ -62.965598100126535, -17.29875969905823 ], [ -62.965598199839533, -17.294592999264403 ], [ -62.944764399905004, -17.273759599473991 ], [ -62.940597799818221, -17.273759699836418 ], [ -62.936431000305447, -17.269592999586134 ], [ -62.936431000305447, -17.265426299494045 ], [ -62.928097599807572, -17.257092999403209 ], [ -62.92809750009458, -17.252926299087825 ] ] ] } },
{ "type": "Feature", "properties": { "cotrecho": 251112, "cobacia": "4668426", "nome": null, "comp_km": 17.08683421, "nustrahler": 1 }, "geometry": { "type": "MultiLineString", "coordinates": [ [ [ -63.684357899779108, -17.763341599797954 ], [ -63.653107400201634, -17.732091599031559 ], [ -63.653107400201634, -17.727924899170716 ], [ -63.636440399779893, -17.711258199195605 ], [ -63.636440500391203, -17.707091599694692 ], [ -63.632273799693102, -17.702924899172036 ], [ -63.632273699980104, -17.69875819948696 ], [ -63.628107000180329, -17.694591499810183 ], [ -63.615606899882671, -17.694591599084877 ], [ -63.61144010036989, -17.690424999578042 ], [ -63.615606800169665, -17.686258199866991 ], [ -63.61144010036989, -17.682091499520766 ], [ -63.607273299958791, -17.682091499520766 ], [ -63.598939900359234, -17.673758299482135 ], [ -63.598939799747924, -17.665424899838271 ], [ -63.594773099948149, -17.661258199477817 ], [ -63.59060640014836, -17.661258299626876 ] ] ] } },
{ "type": "Feature", "properties": { "cotrecho": 254010, "cobacia": "4668952", "nome": null, "comp_km": 11.24364042, "nustrahler": 1 }, "geometry": { "type": "MultiLineString", "coordinates": [ [ [ -63.284352599874431, -17.521675799753609 ], [ -63.278102500318269, -17.515425799070705 ], [ -63.278102399706945, -17.49875909977494 ], [ -63.27393569990717, -17.494592399171054 ], [ -63.273935600194172, -17.490425699873192 ], [ -63.269768900394375, -17.486258999337412 ], [ -63.273935600194172, -17.482092299303744 ], [ -63.273935600194172, -17.477925699192323 ], [ -63.278102299993947, -17.473758999387581 ], [ -63.273935600194172, -17.469592299307312 ], [ -63.273935499582862, -17.461258899282711 ], [ -63.269768799783073, -17.457092199391184 ], [ -63.269768700070081, -17.448758899391361 ], [ -63.265602000270306, -17.444592199071487 ], [ -63.265601899658982, -17.44042549951784 ], [ -63.261435299572206, -17.436258899316297 ] ] ] } },
{ "type": "Feature", "properties": { "cotrecho": 254287, "cobacia": "46684743", "nome": null, "comp_km": 23.13722818, "nustrahler": 2 }, "geometry": { "type": "MultiLineString", "coordinates": [ [ [ -64.22394730026916, -17.902922699056329 ], [ -64.22394730026916, -17.907089399207702 ], [ -64.219780599571067, -17.911256099748698 ], [ -64.219780599571067, -17.915422799797934 ], [ -64.211447299684494, -17.923756199169375 ], [ -64.21144740029581, -17.940422999386364 ], [ -64.207280699597717, -17.944589599530843 ], [ -64.20728080020902, -17.95292299937287 ], [ -64.203114100409252, -17.957089699024614 ], [ -64.194780699911377, -17.957089699024614 ], [ -64.190613900398588, -17.952923099358316 ], [ -64.186447300311812, -17.952923099358316 ], [ -64.182280499900713, -17.957089799862242 ], [ -64.182280599613705, -17.965423199343679 ], [ -64.178113899813923, -17.969589899122415 ], [ -64.173947200014155, -17.969589899122415 ], [ -64.165613800414604, -17.977923399448308 ], [ -64.165613900127596, -17.982089999145053 ], [ -64.1614472003278, -17.986256799543842 ], [ -64.1614472003278, -17.990423399038157 ], [ -64.153113799829924, -17.99875679921124 ], [ -64.153113900441255, -18.015423599543215 ], [ -64.144780599656357, -18.023756999275065 ], [ -64.144780599656357, -18.027923699045825 ], [ -64.140613899856575, -18.032090399287021 ], [ -64.140613899856575, -18.036257099117702 ], [ -64.136447299769799, -18.040423799365357 ], [ -64.136447299769799, -18.044590399215647 ], [ -64.132280599970031, -18.044590499149127 ], [ -64.128113900170234, -18.048757199296471 ], [ -64.128113900170234, -18.052923899780573 ] ] ] } },
{ "type": "Feature", "properties": { "cotrecho": 254556, "cobacia": "4668663", "nome": null, "comp_km": 9.84263011, "nustrahler": 2 }, "geometry": { "type": "MultiLineString", "coordinates": [ [ [ -63.836439400326384, -17.177921399764184 ], [ -63.836439400326384, -17.173754599852746 ], [ -63.823939200315735, -17.161254599600223 ], [ -63.815605799817867, -17.16125469916544 ], [ -63.807272299606993, -17.152921399309697 ], [ -63.811439000305072, -17.148754699639539 ], [ -63.811439000305072, -17.14042129965258 ], [ -63.794772099596322, -17.123754599128436 ], [ -63.794772099596322, -17.11958789958576 ], [ -63.790605300083556, -17.115421299878339 ] ] ] } },
{ "type": "Feature", "properties": { "cotrecho": 254557, "cobacia": "4668661", "nome": null, "comp_km": 11.84232589, "nustrahler": 2 }, "geometry": { "type": "MultiLineString", "coordinates": [ [ [ -63.790605300083556, -17.115421299878339 ], [ -63.78227189958568, -17.107087899553957 ], [ -63.786438499672457, -17.102921199435499 ], [ -63.786438499672457, -17.098754599266023 ], [ -63.782271799872682, -17.09458789987664 ], [ -63.782271799872682, -17.086254499756429 ], [ -63.778105100072899, -17.082087799077943 ], [ -63.773938299661815, -17.082087899544213 ], [ -63.769771599862025, -17.077921199349333 ], [ -63.769771599862025, -17.073754499661987 ], [ -63.757271300138385, -17.061254499232575 ], [ -63.748938000251812, -17.061254499232575 ], [ -63.744771199840713, -17.057087899743305 ], [ -63.744771199840713, -17.052921199556337 ], [ -63.740604500040945, -17.052921199556337 ], [ -63.732271100441388, -17.044587899112877 ] ] ] } },
{ "type": "Feature", "properties": { "cotrecho": 255414, "cobacia": "46686722", "nome": null, "comp_km": 12.61088776, "nustrahler": 1 }, "geometry": { "type": "MultiLineString", "coordinates": [ [ [ -63.742688499871953, -17.175838499862344 ], [ -63.748938600326433, -17.169588399780356 ], [ -63.748938499715116, -17.165421699271391 ], [ -63.757271900213006, -17.157088299866988 ], [ -63.753105200413202, -17.152921599307369 ], [ -63.753105099801907, -17.14875499921359 ], [ -63.757271799601675, -17.144588199179463 ], [ -63.744771599591019, -17.132088299304591 ], [ -63.744771599591019, -17.127921599356441 ], [ -63.748938300289112, -17.123754899601302 ], [ -63.736438100278463, -17.111254899630993 ], [ -63.736437999667167, -17.107088199195179 ], [ -63.740604800078238, -17.102921499083422 ], [ -63.740604700365253, -17.094588099078447 ], [ -63.736437999667167, -17.090421399237648 ], [ -63.736437899954169, -17.086254799431163 ] ] ] } },
{ "type": "Feature", "properties": { "cotrecho": 258822, "cobacia": "4668652", "nome": null, "comp_km": 2.07872468, "nustrahler": 1 }, "geometry": { "type": "MultiLineString", "coordinates": [ [ [ -63.926022600257831, -16.984169899548384 ], [ -63.936439299900783, -16.973753199901164 ], [ -63.936439299900783, -16.969586499071287 ] ] ] } },
{ "type": "Feature", "properties": { "cotrecho": 260616, "cobacia": "4668414", "nome": null, "comp_km": 18.2843671, "nustrahler": 1 }, "geometry": { "type": "MultiLineString", "coordinates": [ [ [ -64.057272199909093, -16.659167699677532 ], [ -64.057271999584785, -16.623750899357777 ], [ -64.065605300369654, -16.615417399414525 ], [ -64.065605300369654, -16.611250799155869 ], [ -64.069772000169465, -16.607083999175345 ], [ -64.069771899558134, -16.60291739978711 ], [ -64.073938600256227, -16.598750699721702 ], [ -64.073938600256227, -16.594583999723806 ], [ -64.078105300056009, -16.590417299819379 ], [ -64.078105200343003, -16.586250599173464 ], [ -64.094772100153449, -16.586250499304736 ], [ -64.098938799953231, -16.582083799662968 ], [ -64.119772299850453, -16.582083699792076 ], [ -64.123938999650221, -16.577916999458495 ], [ -64.12393889993723, -16.557083499546618 ], [ -64.119772200137461, -16.552916899810846 ], [ -64.119772200137461, -16.544583499073003 ] ] ] } },
{ "type": "Feature", "properties": { "cotrecho": 261782, "cobacia": "46684941", "nome": null, "comp_km": 6.97165109, "nustrahler": 2 }, "geometry": { "type": "MultiLineString", "coordinates": [ [ [ -64.261449099552024, -18.144590299216222 ], [ -64.257282399752242, -18.140423599770795 ], [ -64.253115600239468, -18.140423599770795 ], [ -64.248948900439686, -18.136256999101452 ], [ -64.244782199741593, -18.136256999101452 ], [ -64.240615499941796, -18.132090299182185 ], [ -64.240615499941796, -18.127923599064925 ], [ -64.23228199973093, -18.119590299087978 ], [ -64.21978179972028, -18.119590399832514 ], [ -64.215615099920498, -18.11542369928658 ], [ -64.21144840012073, -18.11542369928658 ] ] ] } },
{ "type": "Feature", "properties": { "cotrecho": 261783, "cobacia": "46684945", "nome": null, "comp_km": 11.90005315, "nustrahler": 1 }, "geometry": { "type": "MultiLineString", "coordinates": [ [ [ -64.265616400324731, -18.250840699796605 ], [ -64.265616299713415, -18.227923899750401 ], [ -64.27394970021129, -18.21959049916855 ], [ -64.273949499886996, -18.198757099229727 ], [ -64.278116199686764, -18.194590399507874 ], [ -64.278116199686764, -18.19042369918651 ], [ -64.28228279977354, -18.186256999145787 ], [ -64.282282900384871, -18.182090299412572 ], [ -64.286449499573337, -18.17792359916016 ], [ -64.286449499573337, -18.173756999128624 ], [ -64.29061620027143, -18.169590199765295 ], [ -64.282282700060549, -18.16125689933553 ], [ -64.278116000260766, -18.16125689933553 ] ] ] } },
{ "type": "Feature", "properties": { "cotrecho": 262442, "cobacia": "46684134", "nome": null, "comp_km": 9.80989601, "nustrahler": 1 }, "geometry": { "type": "MultiLineString", "coordinates": [ [ [ -64.263522400447982, -16.32583179988378 ], [ -64.257272399706508, -16.332081799653743 ], [ -64.228105399598419, -16.33208189965347 ], [ -64.219771900285863, -16.323748599838492 ], [ -64.215605199587742, -16.323748699842486 ], [ -64.211438499787974, -16.319581899566643 ], [ -64.211438499787974, -16.315415299381797 ], [ -64.219771900285863, -16.307081799326937 ], [ -64.219771799674547, -16.298748499921938 ], [ -64.215605099874765, -16.294581799649819 ] ] ] } },
{ "type": "Feature", "properties": { "cotrecho": 265043, "cobacia": "4668472", "nome": null, "comp_km": 4.40885621, "nustrahler": 1 }, "geometry": { "type": "MultiLineString", "coordinates": [ [ [ -64.113530000365884, -17.973756899666366 ], [ -64.107279899911404, -17.973756999640024 ], [ -64.103113200111636, -17.977923699362176 ], [ -64.09894650031184, -17.977923699362176 ], [ -64.094779900225063, -17.982090399020777 ], [ -64.094779900225063, -17.986257099443581 ], [ -64.090613200425295, -17.990423799749411 ], [ -64.090613200425295, -17.994590499057274 ], [ -64.086446499727188, -17.994590499057274 ] ] ] } },
{ "type": "Feature", "properties": { "cotrecho": 265712, "cobacia": "4668798", "nome": null, "comp_km": 26.78830623, "nustrahler": 1 }, "geometry": { "type": "MultiLineString", "coordinates": [ [ [ -63.121848000086104, -16.975840599288169 ], [ -63.128097999929281, -16.969590499517981 ], [ -63.140598100226939, -16.969590499517981 ], [ -63.144764800026721, -16.96542379910607 ], [ -63.144764800026721, -16.961257099049494 ], [ -63.157264900324385, -16.961256999377596 ], [ -63.161431699837152, -16.965423699436379 ], [ -63.169764999723725, -16.957090199166924 ], [ -63.178098499934599, -16.957090199166924 ], [ -63.182265100021375, -16.9529234998951 ], [ -63.186431799821158, -16.9529234998951 ], [ -63.20309859991859, -16.93625669967324 ], [ -63.203098500205591, -16.932089999394417 ], [ -63.236432100400464, -16.89875629934787 ], [ -63.24893219979981, -16.911256299858266 ], [ -63.253098899599593, -16.911256299858266 ], [ -63.257265700010677, -16.915422899080525 ], [ -63.261432399810467, -16.911256199300396 ], [ -63.265599099610249, -16.911256199300396 ], [ -63.269765800308349, -16.915422899080525 ], [ -63.278099199907906, -16.915422899080525 ], [ -63.282265899707681, -16.911256199300396 ], [ -63.290599300205571, -16.919589399282206 ], [ -63.28643270011878, -16.923756199210917 ], [ -63.290599399918555, -16.92792289920294 ], [ -63.294766099718323, -16.927922799513375 ], [ -63.298932800416438, -16.93208949923881 ] ] ] } },
{ "type": "Feature", "properties": { "cotrecho": 265745, "cobacia": "46687145", "nome": null, "comp_km": 21.57071893, "nustrahler": 1 }, "geometry": { "type": "MultiLineString", "coordinates": [ [ [ -63.680184300019633, -16.496668699605813 ], [ -63.698934400160475, -16.47791859911683 ], [ -63.698934300447476, -16.469585199845817 ], [ -63.703101000247251, -16.465418499350715 ], [ -63.703101000247251, -16.461251799752851 ], [ -63.707267700047019, -16.461251799752851 ], [ -63.711434399846809, -16.457085099355172 ], [ -63.711434399846809, -16.452918399906551 ], [ -63.723934400431467, -16.440418299760161 ], [ -63.732267800031025, -16.440418199816015 ], [ -63.736434600442124, -16.444584899710424 ], [ -63.740601300241899, -16.444584899710424 ], [ -63.757267999728029, -16.427917999708988 ], [ -63.757267999728029, -16.419584699419481 ], [ -63.769768000312688, -16.407084499411773 ], [ -63.773934700112463, -16.407084499411773 ], [ -63.778101399912245, -16.402917799581271 ], [ -63.782268099712034, -16.402917799581271 ], [ -63.790601500209902, -16.394584399494317 ], [ -63.798935000420776, -16.402917699617877 ], [ -63.798935000420776, -16.411251099681202 ], [ -63.803101700220559, -16.41541779942234 ] ] ] } },
{ "type": "Feature", "properties": { "cotrecho": 267022, "cobacia": "46688161", "nome": null, "comp_km": 9.28426964, "nustrahler": 2 }, "geometry": { "type": "MultiLineString", "coordinates": [ [ [ -63.178099199722197, -17.094590899065697 ], [ -63.178099199722197, -17.090424299749287 ], [ -63.173932400209416, -17.086257599543622 ], [ -63.1739322995981, -17.065424099855672 ], [ -63.169765599798332, -17.061257499816527 ], [ -63.169765599798332, -17.052924099792222 ], [ -63.161432099587458, -17.044590699850513 ], [ -63.161432099587458, -17.040424099713285 ], [ -63.157265300074677, -17.036257399832927 ], [ -63.157265200361678, -17.019590599679717 ] ] ] } },
{ "type": "Feature", "properties": { "cotrecho": 268592, "cobacia": "46689983", "nome": null, "comp_km": 14.66539148, "nustrahler": 1 }, "geometry": { "type": "MultiLineString", "coordinates": [ [ [ -63.842695600341649, -18.244592999573779 ], [ -63.823945399589512, -18.244593099393008 ], [ -63.819778699789737, -18.248759699344809 ], [ -63.81561199998994, -18.248759799161654 ], [ -63.811445300190165, -18.25292649968868 ], [ -63.80311189969229, -18.25292649968868 ], [ -63.80311189969229, -18.26125989949815 ], [ -63.798945299605521, -18.265426599580017 ], [ -63.794778599805717, -18.265426599580017 ], [ -63.790611900005949, -18.269593299459853 ], [ -63.790611900005949, -18.273759999110801 ], [ -63.78644520020616, -18.277926699359064 ], [ -63.786445399632171, -18.294593499817115 ], [ -63.78227860011939, -18.298760199237218 ], [ -63.782278699832375, -18.307093599358971 ], [ -63.7781120000326, -18.311260299154064 ], [ -63.782278699832375, -18.31542689952617 ], [ -63.782278800443699, -18.323760299085702 ], [ -63.786445500243467, -18.327926899519991 ] ] ] } },
{ "type": "Feature", "properties": { "cotrecho": 272544, "cobacia": "4668883", "nome": null, "comp_km": 5.69892057, "nustrahler": 2 }, "geometry": { "type": "MultiLineString", "coordinates": [ [ [ -62.840597499595212, -17.394594099084181 ], [ -62.853097500179871, -17.382093999125072 ], [ -62.85726419997966, -17.382093999125072 ], [ -62.85726419997966, -17.377927299713203 ], [ -62.861430899779428, -17.373760499467444 ], [ -62.861430800066429, -17.365427199283573 ], [ -62.865597499866233, -17.361260499639929 ], [ -62.861430800066429, -17.357093799575544 ] ] ] } },
{ "type": "Feature", "properties": { "cotrecho": 272550, "cobacia": "4668885", "nome": null, "comp_km": 24.30413156, "nustrahler": 1 }, "geometry": { "type": "MultiLineString", "coordinates": [ [ [ -62.944765900091532, -17.521677499319932 ], [ -62.944765800378548, -17.511260799165807 ], [ -62.940599099680433, -17.507094199357368 ], [ -62.932265600367877, -17.507094199357368 ], [ -62.932265600367877, -17.490427499118805 ], [ -62.928098799956778, -17.486260799481101 ], [ -62.92393210015701, -17.486260799481101 ], [ -62.91143199985936, -17.473760799654919 ], [ -62.907265200346579, -17.473760899050919 ], [ -62.903098499648493, -17.469594199871029 ], [ -62.89893179984869, -17.469594199871029 ], [ -62.894765100048922, -17.465427499585118 ], [ -62.890598299637823, -17.465427499585118 ], [ -62.886431599838048, -17.461260899336224 ], [ -62.853097899930177, -17.46126109985574 ], [ -62.844764500330619, -17.45292769914645 ], [ -62.840597799632533, -17.45292769914645 ], [ -62.836431000119745, -17.448761099258359 ], [ -62.836431000119745, -17.444594399845773 ], [ -62.828097499908864, -17.436261099334093 ], [ -62.823930800109089, -17.436261099334093 ], [ -62.823930800109089, -17.427927699258426 ], [ -62.832264199708646, -17.419594299241759 ], [ -62.832264199708646, -17.415427599750039 ], [ -62.836430799795437, -17.411260899495094 ], [ -62.836430700082438, -17.398760899851247 ], [ -62.840597499595212, -17.394594099084181 ] ] ] } },
{ "type": "Feature", "properties": { "cotrecho": 274356, "cobacia": "4668452", "nome": null, "comp_km": 13.8609158, "nustrahler": 1 }, "geometry": { "type": "MultiLineString", "coordinates": [ [ [ -63.93852720021674, -17.78834039940751 ], [ -63.948943899859707, -17.777923599874637 ], [ -63.948943800146708, -17.765423499634846 ], [ -63.957277199746265, -17.757090099060242 ], [ -63.957277199746265, -17.752923399070408 ], [ -63.973943900130699, -17.736256599432352 ], [ -63.973943900130699, -17.732089899735936 ], [ -63.990610599616829, -17.715423099176348 ], [ -63.990610599616829, -17.711256399581355 ], [ -63.998944000114705, -17.702922999348367 ], [ -64.003110699914473, -17.702922899222521 ], [ -64.011443999801045, -17.69458949976784 ] ] ] } },
{ "type": "Feature", "properties": { "cotrecho": 277714, "cobacia": "46684232", "nome": null, "comp_km": 6.82026565, "nustrahler": 1 }, "geometry": { "type": "MultiLineString", "coordinates": [ [ [ -63.630189499824802, -17.555007499570685 ], [ -63.640606200366065, -17.544590799388587 ], [ -63.640606200366065, -17.540424099824691 ], [ -63.64477290016584, -17.536257399562796 ], [ -63.648939599965637, -17.536257399562796 ], [ -63.657272899852195, -17.527923899397166 ], [ -63.661439700263287, -17.5320905992651 ], [ -63.665606400063069, -17.5320905992651 ], [ -63.673939799662627, -17.52375719976709 ] ] ] } },
{ "type": "Feature", "properties": { "cotrecho": 278512, "cobacia": "4668821", "nome": null, "comp_km": 20.8277221, "nustrahler": 2 }, "geometry": { "type": "MultiLineString", "coordinates": [ [ [ -63.165599800110463, -17.236258399085724 ], [ -63.165599899823462, -17.232091599082199 ], [ -63.153099600099807, -17.219591699187959 ], [ -63.153099399775499, -17.177924799266464 ], [ -63.148932699975717, -17.173758099848179 ], [ -63.148932600262718, -17.152924699700542 ], [ -63.144765799851633, -17.148757999246069 ], [ -63.140599100051844, -17.148757999246069 ], [ -63.115598700030546, -17.12375799962269 ], [ -63.115598700030546, -17.115424599218098 ], [ -63.111431899619461, -17.111257999860683 ], [ -63.111431899619461, -17.107091299494268 ], [ -63.098931699608791, -17.094591299186526 ], [ -63.098931599895806, -17.077924599821866 ] ] ] } },
{ "type": "Feature", "properties": { "cotrecho": 278513, "cobacia": "4668823", "nome": null, "comp_km": 20.06086918, "nustrahler": 1 }, "geometry": { "type": "MultiLineString", "coordinates": [ [ [ -63.186434200119592, -17.392508999188973 ], [ -63.186434100406593, -17.377925599663303 ], [ -63.182267399708508, -17.37375889968666 ], [ -63.182267299995509, -17.352925499153987 ], [ -63.178100600195727, -17.348758899469555 ], [ -63.178100600195727, -17.344592199124133 ], [ -63.182267200282503, -17.340425399852197 ], [ -63.182267099671201, -17.319591999065921 ], [ -63.178100399871418, -17.315425299637756 ], [ -63.178100300158434, -17.298758599509881 ], [ -63.173933499747335, -17.294591899691188 ], [ -63.169766899660544, -17.294591999184547 ], [ -63.165600100147763, -17.290425299368483 ], [ -63.165600100147763, -17.286258599579103 ], [ -63.161433400347988, -17.282091899842719 ], [ -63.161433299736686, -17.269591899863634 ], [ -63.153099800424123, -17.261258499814208 ], [ -63.157266500223891, -17.257091799234654 ], [ -63.157266500223891, -17.244591799401856 ], [ -63.165599800110463, -17.236258399085724 ] ] ] } },
{ "type": "Feature", "properties": { "cotrecho": 278538, "cobacia": "4668736", "nome": null, "comp_km": 10.06277058, "nustrahler": 1 }, "geometry": { "type": "MultiLineString", "coordinates": [ [ [ -63.655184800110248, -16.650836299218536 ], [ -63.673934900251069, -16.632086199590692 ], [ -63.67393479963976, -16.607085999776974 ], [ -63.682268200137642, -16.598752599686964 ], [ -63.690601599737199, -16.598752599686964 ], [ -63.698934899623751, -16.590419099139531 ], [ -63.707268399834618, -16.590419099139531 ] ] ] } },
{ "type": "Feature", "properties": { "cotrecho": 278778, "cobacia": "4668292", "nome": null, "comp_km": 8.78323063, "nustrahler": 1 }, "geometry": { "type": "MultiLineString", "coordinates": [ [ [ -64.194774099988976, -16.784167599554515 ], [ -64.194774099988976, -16.777917599405885 ], [ -64.203107399875535, -16.769584199861811 ], [ -64.203107399875535, -16.761250799766827 ], [ -64.21144080037341, -16.752917399329153 ], [ -64.21144080037341, -16.748750799260982 ], [ -64.215607399561904, -16.744583999617259 ], [ -64.215607500173192, -16.740417299775995 ], [ -64.219774100259983, -16.736250699769737 ], [ -64.219773999648666, -16.715417199793826 ] ] ] } },
{ "type": "Feature", "properties": { "cotrecho": 279174, "cobacia": "4668962", "nome": null, "comp_km": 11.73979787, "nustrahler": 1 }, "geometry": { "type": "MultiLineString", "coordinates": [ [ [ -63.538524500036495, -18.007093499666667 ], [ -63.519774399895674, -18.007093599621438 ], [ -63.515607600382886, -18.002926899266701 ], [ -63.503107500085228, -18.002926999223831 ], [ -63.498940800285446, -17.998760299502102 ], [ -63.494773999874361, -17.998760299502102 ], [ -63.490607399787571, -18.002926999223831 ], [ -63.482273899576704, -17.994593699545256 ], [ -63.473940400264134, -17.994593699545256 ], [ -63.469773800177357, -17.990427099422824 ], [ -63.465606999766258, -17.990427099422824 ], [ -63.461440299966483, -17.986260499161485 ], [ -63.457273600166701, -17.986260499161485 ], [ -63.44894019966884, -17.977927199211877 ], [ -63.444773400156059, -17.977927199211877 ] ] ] } },
{ "type": "Feature", "properties": { "cotrecho": 280220, "cobacia": "46687181", "nome": null, "comp_km": 31.07592697, "nustrahler": 2 }, "geometry": { "type": "MultiLineString", "coordinates": [ [ [ -63.898937199682301, -16.657085199818869 ], [ -63.886437199995953, -16.657085299650745 ], [ -63.882270399584854, -16.652918499531879 ], [ -63.873936999985297, -16.652918599365954 ], [ -63.869770300185522, -16.648751899671801 ], [ -63.84060330007744, -16.648752099344239 ], [ -63.836436600277636, -16.644585399410399 ], [ -63.828103199779768, -16.644585399410399 ], [ -63.823936499979993, -16.648752099344239 ], [ -63.811436399682322, -16.648752199180457 ], [ -63.807269600169562, -16.644585599087204 ], [ -63.807269600169562, -16.632085499815624 ], [ -63.811436299969337, -16.627918799169656 ], [ -63.811436200256338, -16.619585399282617 ], [ -63.815602900056128, -16.615418699232681 ], [ -63.811436200256338, -16.611251999146457 ], [ -63.819769500142911, -16.602918599829756 ], [ -63.819769500142911, -16.594585299682912 ], [ -63.828102899742468, -16.586251899188902 ], [ -63.828102800029477, -16.569585099291924 ], [ -63.823936100229687, -16.565418399660484 ], [ -63.823935599868072, -16.486251399558761 ], [ -63.819768900068297, -16.482084699166585 ], [ -63.819768900068297, -16.477917999568056 ] ] ] } },
{ "type": "Feature", "properties": { "cotrecho": 280221, "cobacia": "46687183", "nome": null, "comp_km": 15.3435106, "nustrahler": 1 }, "geometry": { "type": "MultiLineString", "coordinates": [ [ [ -63.936438000038564, -16.738335299393395 ], [ -63.936438000038564, -16.732085299071329 ], [ -63.932271199627465, -16.727918699267036 ], [ -63.932271199627465, -16.71541859959482 ], [ -63.936437900325579, -16.711251899783793 ], [ -63.936437600288258, -16.652918299863781 ], [ -63.923937400277616, -16.640418299896211 ], [ -63.915603999779741, -16.640418299896211 ], [ -63.898937199682301, -16.657085199818869 ] ] ] } },
{ "type": "Feature", "properties": { "cotrecho": 280461, "cobacia": "46684272", "nome": null, "comp_km": 12.98774794, "nustrahler": 1 }, "geometry": { "type": "MultiLineString", "coordinates": [ [ [ -63.628107499643633, -17.788341999801506 ], [ -63.628107399930634, -17.773758599155233 ], [ -63.619773899719753, -17.765425199469522 ], [ -63.619773899719753, -17.761258599509961 ], [ -63.61144050012021, -17.752925199121783 ], [ -63.61144050012021, -17.748758499692762 ], [ -63.607273699709111, -17.744591899200625 ], [ -63.607273599996113, -17.740425199180301 ], [ -63.603106999909315, -17.736258499758527 ], [ -63.598940200396541, -17.736258499758527 ], [ -63.594773499698441, -17.732091899360224 ], [ -63.594773499698441, -17.727925199506394 ], [ -63.590606799898666, -17.723758599589363 ], [ -63.582273400299108, -17.723758599589363 ], [ -63.565606399877353, -17.707091899209484 ], [ -63.561439700077585, -17.707091999333009 ] ] ] } },
{ "type": "Feature", "properties": { "cotrecho": 280715, "cobacia": "4668944", "nome": null, "comp_km": 34.69350611, "nustrahler": 1 }, "geometry": { "type": "MultiLineString", "coordinates": [ [ [ -63.311437100338054, -17.68000979921537 ], [ -63.311436999726737, -17.665426399471471 ], [ -63.315603599813514, -17.661259699145745 ], [ -63.31560370042483, -17.657092999066936 ], [ -63.319770400224598, -17.652926299261587 ], [ -63.319770299613289, -17.648759599756204 ], [ -63.323937000311403, -17.644592799562957 ], [ -63.323937000311403, -17.640426199183242 ], [ -63.328103700111171, -17.636259499880769 ], [ -63.32810360039818, -17.632092799272101 ], [ -63.332270399910961, -17.627926099095863 ], [ -63.332270300197962, -17.619592699290632 ], [ -63.336436999997737, -17.61542599971467 ], [ -63.336436900284738, -17.602925999367649 ], [ -63.34477029988431, -17.594592499310536 ], [ -63.344770099559987, -17.569592399705925 ], [ -63.340603399760212, -17.565425699778661 ], [ -63.340603300047214, -17.548758999687106 ], [ -63.344769999846989, -17.544592299169143 ], [ -63.344769900134004, -17.540425599639757 ], [ -63.348936599933786, -17.536258899412299 ], [ -63.348936699646785, -17.532092199369757 ], [ -63.353103400344871, -17.527925499538586 ], [ -63.361436700231437, -17.527925499538586 ], [ -63.365603400031205, -17.523758699719952 ], [ -63.365603400031205, -17.515425399864469 ], [ -63.36977000011801, -17.511258699429838 ], [ -63.36977000011801, -17.494591899677641 ], [ -63.378103300004554, -17.486258499821105 ], [ -63.378103300004554, -17.477925099402551 ], [ -63.373936600204786, -17.473758399584078 ], [ -63.373936499593484, -17.457091699794837 ], [ -63.369769700080703, -17.452924999721962 ], [ -63.369769700080703, -17.448758299505531 ], [ -63.373936399880485, -17.444591699440871 ], [ -63.373936300167472, -17.440424999875809 ], [ -63.369769600367704, -17.436258299389348 ], [ -63.369769600367704, -17.419591499041285 ], [ -63.365602799956605, -17.415424899770667 ], [ -63.365602799956605, -17.411258199454114 ] ] ] } },
{ "type": "Feature", "properties": { "cotrecho": 281127, "cobacia": "46687461", "nome": null, "comp_km": 14.20919812, "nustrahler": 2 }, "geometry": { "type": "MultiLineString", "coordinates": [ [ [ -63.444769000207792, -17.177923299056957 ], [ -63.444768899596482, -17.17375659960495 ], [ -63.461435699693922, -17.157089799386746 ], [ -63.469769100191797, -17.157089699819299 ], [ -63.473935799991573, -17.152922999291118 ], [ -63.473935700278574, -17.144589699658574 ], [ -63.503102500062361, -17.115422699286054 ], [ -63.503102500062361, -17.107089299882912 ], [ -63.507269199862144, -17.102922599795793 ], [ -63.511435899661919, -17.102922599795793 ], [ -63.515602499748695, -17.098755899200363 ], [ -63.519769300159794, -17.098755799601708 ], [ -63.523935900246578, -17.094589199840065 ], [ -63.528102600046367, -17.094589199840065 ] ] ] } },
{ "type": "Feature", "properties": { "cotrecho": 281128, "cobacia": "46687467", "nome": null, "comp_km": 5.55282588, "nustrahler": 2 }, "geometry": { "type": "MultiLineString", "coordinates": [ [ [ -63.419768999936785, -17.244590399253294 ], [ -63.415602399850009, -17.240423799273088 ], [ -63.415602200424004, -17.223756999808394 ], [ -63.423935600023576, -17.215423599223147 ], [ -63.419768900223787, -17.211256899238265 ], [ -63.419768900223787, -17.207090299320182 ], [ -63.415602099812688, -17.202923599558215 ] ] ] } },
{ "type": "Feature", "properties": { "cotrecho": 283590, "cobacia": "4668273", "nome": null, "comp_km": 3.78655307, "nustrahler": 2 }, "geometry": { "type": "MultiLineString", "coordinates": [ [ [ -64.290606399651665, -16.407081999518436 ], [ -64.294773100349772, -16.407081999518436 ], [ -64.303106499949337, -16.398748599312505 ], [ -64.303106400236345, -16.386248499425406 ], [ -64.298939599825246, -16.382081799334198 ] ] ] } },
{ "type": "Feature", "properties": { "cotrecho": 283597, "cobacia": "4668271", "nome": null, "comp_km": 3.16373508, "nustrahler": 2 }, "geometry": { "type": "MultiLineString", "coordinates": [ [ [ -64.298939599825246, -16.382081799334198 ], [ -64.294772900025464, -16.377915199772456 ], [ -64.294772800312458, -16.361248499906257 ], [ -64.298939599825246, -16.357081799216903 ] ] ] } },
{ "type": "Feature", "properties": { "cotrecho": 283621, "cobacia": "4668275", "nome": null, "comp_km": 3.80905855, "nustrahler": 2 }, "geometry": { "type": "MultiLineString", "coordinates": [ [ [ -64.278106399965324, -16.436248899786513 ], [ -64.278106300252347, -16.423748799329573 ], [ -64.282273000052115, -16.419582099731937 ], [ -64.282273000052115, -16.415415399593066 ], [ -64.290606399651665, -16.407081999518436 ] ] ] } },
{ "type": "Feature", "properties": { "cotrecho": 283807, "cobacia": "4668279", "nome": null, "comp_km": 6.21288176, "nustrahler": 2 }, "geometry": { "type": "MultiLineString", "coordinates": [ [ [ -64.253106800342934, -16.552916199747607 ], [ -64.261440199942498, -16.544582799840615 ], [ -64.261440100229493, -16.540416099620245 ], [ -64.265606800029303, -16.536249399830591 ], [ -64.265606800029303, -16.527916099823845 ], [ -64.273940199628839, -16.519582599469643 ], [ -64.273940099915848, -16.511249299440969 ], [ -64.278106799715644, -16.507082599088456 ] ] ] } },
{ "type": "Feature", "properties": { "cotrecho": 283946, "cobacia": "4668233", "nome": null, "comp_km": 17.00565428, "nustrahler": 3 }, "geometry": { "type": "MultiLineString", "coordinates": [ [ [ -64.428106699832043, -16.223747099642978 ], [ -64.419773199621176, -16.215413799741167 ], [ -64.415606600432696, -16.215413799741167 ], [ -64.407273100221829, -16.20708049929231 ], [ -64.407273100221829, -16.202913799756992 ], [ -64.403106400422047, -16.198747099297432 ], [ -64.403106400422047, -16.194580399664709 ], [ -64.398939600010948, -16.190413799231056 ], [ -64.398939600010948, -16.182080399159684 ], [ -64.411439599697303, -16.169580299189306 ], [ -64.407272899897507, -16.165413599166055 ], [ -64.407272899897507, -16.157080199655766 ], [ -64.411439499984311, -16.152913499357368 ], [ -64.411439499984311, -16.148746799306341 ], [ -64.419772899583847, -16.140413399186432 ], [ -64.423939600281955, -16.140413399186432 ], [ -64.428106300081723, -16.136246699169011 ], [ -64.428106300081723, -16.132079999501887 ], [ -64.436439599968296, -16.123746599595638 ], [ -64.436439599968296, -16.115413199673444 ], [ -64.440606299768078, -16.111246499554888 ], [ -64.44477299956786, -16.111246499554888 ] ] ] } },
{ "type": "Feature", "properties": { "cotrecho": 283948, "cobacia": "466825", "nome": null, "comp_km": 22.90051938, "nustrahler": 2 }, "geometry": { "type": "MultiLineString", "coordinates": [ [ [ -64.298939599825246, -16.357081799216903 ], [ -64.303106199912023, -16.352914999246831 ], [ -64.303106199912023, -16.348748299135895 ], [ -64.311439600409912, -16.340414899495897 ], [ -64.311439499798595, -16.332081599654341 ], [ -64.319772900296471, -16.323748099818658 ], [ -64.33643970039391, -16.323748099818658 ], [ -64.340606400193678, -16.319581299530071 ], [ -64.357273200291132, -16.319581299530071 ], [ -64.378106599577038, -16.298747699787999 ], [ -64.382273399988136, -16.298747699787999 ], [ -64.390606699874681, -16.290414299443398 ], [ -64.390606699874681, -16.286247599647375 ], [ -64.394773399674477, -16.282080899274344 ], [ -64.394773399674477, -16.269580899294034 ], [ -64.403106699561022, -16.261247399141656 ], [ -64.403106699561022, -16.257080699297276 ], [ -64.407273299647827, -16.252913999918725 ], [ -64.407273400259129, -16.248747299307013 ], [ -64.423940099745252, -16.232080499704903 ], [ -64.423940000032246, -16.227913799350745 ], [ -64.428106699832043, -16.223747099642978 ] ] ] } },
{ "type": "Feature", "properties": { "cotrecho": 283953, "cobacia": "466821", "nome": null, "comp_km": 4.45866524, "nustrahler": 3 }, "geometry": { "type": "MultiLineString", "coordinates": [ [ [ -64.415605700320782, -16.052912999140563 ], [ -64.415605700320782, -16.04874629980381 ], [ -64.428105799720129, -16.036246199468764 ], [ -64.428105700007123, -16.027912799723087 ], [ -64.423939000207355, -16.023746199363117 ], [ -64.423939000207355, -16.019579499893883 ] ] ] } },
{ "type": "Feature", "properties": { "cotrecho": 284303, "cobacia": "4668674", "nome": null, "comp_km": 12.45931322, "nustrahler": 1 }, "geometry": { "type": "MultiLineString", "coordinates": [ [ [ -63.696854599953411, -17.1550052990399 ], [ -63.690604600110241, -17.148755299646034 ], [ -63.690604500397242, -17.144588599192797 ], [ -63.686437799699156, -17.140421899685986 ], [ -63.686437799699156, -17.136255199435091 ], [ -63.690604500397242, -17.132088499324695 ], [ -63.690604399785933, -17.127921799381035 ], [ -63.686437600273152, -17.123755199215651 ], [ -63.686437699986143, -17.119588499686454 ], [ -63.690604300072948, -17.115421799544148 ], [ -63.694770999872716, -17.115421699095862 ], [ -63.698937699672506, -17.111254999222965 ], [ -63.698937599959507, -17.077921499896156 ], [ -63.694770800446726, -17.073754899827577 ], [ -63.694770800446726, -17.069588199824231 ], [ -63.690604099748626, -17.065421499522152 ], [ -63.690604000035627, -17.061254799806242 ] ] ] } },
{ "type": "Feature", "properties": { "cotrecho": 285702, "cobacia": "46687922", "nome": null, "comp_km": 4.00813134, "nustrahler": 1 }, "geometry": { "type": "MultiLineString", "coordinates": [ [ [ -63.32601709965742, -17.042506599332356 ], [ -63.332267100398916, -17.036256499709069 ], [ -63.332266999787592, -17.032089799719341 ], [ -63.348933799885032, -17.015422999390246 ] ] ] } },
{ "type": "Feature", "properties": { "cotrecho": 286623, "cobacia": "4668542", "nome": null, "comp_km": 9.44467813, "nustrahler": 1 }, "geometry": { "type": "MultiLineString", "coordinates": [ [ [ -64.017685900433619, -16.182082199666386 ], [ -64.028102699789571, -16.182082199666386 ], [ -64.032269399589339, -16.177915499325199 ], [ -64.03643610028746, -16.182082199666386 ], [ -64.03643610028746, -16.186248799138045 ], [ -64.032269399589339, -16.190415499589907 ], [ -64.036436200000438, -16.194582199194727 ], [ -64.053103000097877, -16.19458209912499 ], [ -64.05726969989766, -16.198748799584486 ], [ -64.057269799610651, -16.202915499145472 ], [ -64.061436500308758, -16.207082099444087 ], [ -64.065603200108526, -16.207082099444087 ], [ -64.073936599708105, -16.215415399825275 ] ] ] } },
{ "type": "Feature", "properties": { "cotrecho": 286887, "cobacia": "4668964", "nome": null, "comp_km": 5.57695901, "nustrahler": 1 }, "geometry": { "type": "MultiLineString", "coordinates": [ [ [ -63.505190400378318, -17.921676599221183 ], [ -63.490607000037279, -17.936260099232761 ], [ -63.490607000037279, -17.940426799101498 ], [ -63.486440300237483, -17.944593399156506 ], [ -63.486440300237483, -17.948760099353763 ], [ -63.478107000350931, -17.957093499236262 ], [ -63.478107000350931, -17.961260299703479 ] ] ] } },
{ "type": "Feature", "properties": { "cotrecho": 290522, "cobacia": "4668495", "nome": null, "comp_km": 13.53522079, "nustrahler": 2 }, "geometry": { "type": "MultiLineString", "coordinates": [ [ [ -64.173948599589366, -18.21959099918972 ], [ -64.182282000087241, -18.211257699695498 ], [ -64.182282000087241, -18.198757599310674 ], [ -64.186448699887023, -18.194590899600811 ], [ -64.186448600174032, -18.1904241992914 ], [ -64.1906152999738, -18.1904241992914 ], [ -64.194781999773582, -18.18625749926262 ], [ -64.194781999773582, -18.17792409930086 ], [ -64.198948599860358, -18.173757399421454 ], [ -64.198948599860358, -18.161257299657024 ], [ -64.203115199947149, -18.157090599782762 ], [ -64.203115199947149, -18.140423899407441 ], [ -64.20728180003394, -18.136257199717665 ], [ -64.20728180003394, -18.127923799690695 ], [ -64.211448499833708, -18.123757099406959 ], [ -64.21144840012073, -18.11542369928658 ] ] ] } },
{ "type": "Feature", "properties": { "cotrecho": 290533, "cobacia": "46684971", "nome": null, "comp_km": 5.4336519, "nustrahler": 2 }, "geometry": { "type": "MultiLineString", "coordinates": [ [ [ -64.153115300016466, -18.257091299399811 ], [ -64.157281999816234, -18.252924599801855 ], [ -64.157281999816234, -18.248757899229261 ], [ -64.161448599903011, -18.244591199415069 ], [ -64.157281999816234, -18.240424599354618 ], [ -64.165615299702807, -18.232091199498857 ], [ -64.165615299702807, -18.227924399747621 ], [ -64.173948599589366, -18.21959099918972 ] ] ] } },
{ "type": "Feature", "properties": { "cotrecho": 290781, "cobacia": "46684999", "nome": null, "comp_km": 17.27586291, "nustrahler": 1 }, "geometry": { "type": "MultiLineString", "coordinates": [ [ [ -64.086449500100244, -18.513342799337863 ], [ -64.086449500100244, -18.498759399280466 ], [ -64.082282699689145, -18.494592799506471 ], [ -64.086449400387238, -18.490425999554635 ], [ -64.086449400387238, -18.482092699712563 ], [ -64.09061610018702, -18.477925999670045 ], [ -64.090615999575718, -18.473759299758868 ], [ -64.103116000160369, -18.46125919937883 ], [ -64.111449500371236, -18.461259099684746 ], [ -64.119782800257809, -18.452925699157227 ], [ -64.123949599770583, -18.452925699157227 ], [ -64.128116299570365, -18.44875899974566 ], [ -64.132282899657142, -18.452925699157227 ], [ -64.136449700068241, -18.448758899192182 ], [ -64.15311650016568, -18.448758799490832 ], [ -64.157283199965448, -18.444592199246035 ], [ -64.16144989976523, -18.44459209954227 ], [ -64.165616599565027, -18.448758799490832 ], [ -64.169783300263106, -18.44459209954227 ], [ -64.173950000062902, -18.44459209954227 ], [ -64.182283399662452, -18.436258599300047 ] ] ] } },
{ "type": "Feature", "properties": { "cotrecho": 290789, "cobacia": "46684973", "nome": null, "comp_km": 8.23981781, "nustrahler": 2 }, "geometry": { "type": "MultiLineString", "coordinates": [ [ [ -64.148948999966976, -18.319591699145786 ], [ -64.148948999966976, -18.315424899692719 ], [ -64.144782199555877, -18.311258299272449 ], [ -64.144782099842885, -18.294591499743095 ], [ -64.140615400043117, -18.290424899677898 ], [ -64.140615400043117, -18.282091499757179 ], [ -64.153115399729458, -18.269591399755377 ], [ -64.153115399729458, -18.265424699829943 ], [ -64.157282100427537, -18.26125799970248 ], [ -64.153115300016466, -18.257091299399811 ] ] ] } },
{ "type": "Feature", "properties": { "cotrecho": 290860, "cobacia": "46684593", "nome": null, "comp_km": 11.66466071, "nustrahler": 3 }, "geometry": { "type": "MultiLineString", "coordinates": [ [ [ -64.032279200209103, -17.977924099247371 ], [ -64.032279200209103, -17.969590699784984 ], [ -64.03644580029588, -17.965423999170635 ], [ -64.03644580029588, -17.961257299427228 ], [ -64.040612500095676, -17.957090599726911 ], [ -64.04061240038267, -17.948757199707764 ], [ -64.044779100182453, -17.944590499442203 ], [ -64.044779100182453, -17.940423799326407 ], [ -64.048945799982221, -17.936257099387046 ], [ -64.048945799982221, -17.932090399650757 ], [ -64.053112499782003, -17.932090399650757 ], [ -64.053112499782003, -17.927923699289558 ], [ -64.048945700269229, -17.923757099186645 ], [ -64.048945700269229, -17.919590399367227 ], [ -64.053112400069026, -17.915423699857541 ], [ -64.05311230035602, -17.911256999829462 ], [ -64.061445799668576, -17.902923599179363 ], [ -64.061445600242578, -17.890423499683397 ] ] ] } },
{ "type": "Feature", "properties": { "cotrecho": 292086, "cobacia": "46684139", "nome": null, "comp_km": 23.86947972, "nustrahler": 4 }, "geometry": { "type": "MultiLineString", "coordinates": [ [ [ -64.119772200137461, -16.544583499073003 ], [ -64.119772100424456, -16.54041679972886 ], [ -64.123938800224224, -16.536250099093184 ], [ -64.123938800224224, -16.527916799116632 ], [ -64.128105500024006, -16.523750099069652 ], [ -64.128105400311014, -16.519583399557121 ], [ -64.136438799910579, -16.511249899747764 ], [ -64.136438700197573, -16.507083199408214 ], [ -64.157272100381803, -16.486249699187493 ], [ -64.157271999770501, -16.444582799205698 ], [ -64.153105299970704, -16.440416199210354 ], [ -64.144771799759823, -16.440416199210354 ], [ -64.140605099960055, -16.436249499464132 ], [ -64.140605099960055, -16.432082899883259 ], [ -64.136438300447267, -16.427916199737364 ], [ -64.136438300447267, -16.423749499860147 ], [ -64.140605000247064, -16.419582799415824 ], [ -64.144771700046846, -16.419582799415824 ], [ -64.148938399846628, -16.415416099291946 ], [ -64.148938399846628, -16.411249399514389 ], [ -64.14477160033384, -16.407082699247294 ], [ -64.14477160033384, -16.394582699181889 ], [ -64.148938300133636, -16.39041599980257 ], [ -64.153104999933404, -16.394582599214207 ], [ -64.157271699733172, -16.390415899832725 ], [ -64.161438400431294, -16.390415899832725 ], [ -64.165605100231062, -16.38624919922913 ] ] ] } },
{ "type": "Feature", "properties": { "cotrecho": 292106, "cobacia": "4668431", "nome": null, "comp_km": 13.57483629, "nustrahler": 4 }, "geometry": { "type": "MultiLineString", "coordinates": [ [ [ -63.85727480016044, -17.507089399238851 ], [ -63.85727480016044, -17.494589399640255 ], [ -63.861441400247216, -17.490422699416847 ], [ -63.865608100046991, -17.490422699416847 ], [ -63.869774899559772, -17.486255999669137 ], [ -63.869774799846788, -17.477922599136054 ], [ -63.865608000333992, -17.473755899260325 ], [ -63.865608000333992, -17.469589199109098 ], [ -63.861441299635906, -17.4654225998231 ], [ -63.861441299635906, -17.461255899202381 ], [ -63.857274500123118, -17.457089199242233 ], [ -63.857274500123118, -17.452922599376496 ], [ -63.85310780032335, -17.448755899105219 ], [ -63.84894109962525, -17.448755899105219 ], [ -63.840607600312694, -17.44042259936576 ], [ -63.840607600312694, -17.432089199102236 ], [ -63.848940900199253, -17.423755799649314 ], [ -63.848940900199253, -17.415422399503989 ], [ -63.84477420039947, -17.4112556991304 ] ] ] } },
{ "type": "Feature", "properties": { "cotrecho": 292117, "cobacia": "46684199", "nome": null, "comp_km": 4.97354862, "nustrahler": 4 }, "geometry": { "type": "MultiLineString", "coordinates": [ [ [ -63.84477420039947, -17.4112556991304 ], [ -63.853107500286043, -17.40292229962763 ], [ -63.853107500286043, -17.398755599694049 ], [ -63.873940899571942, -17.377922099257969 ] ] ] } },
{ "type": "Feature", "properties": { "cotrecho": 292133, "cobacia": "4668435", "nome": null, "comp_km": 6.49030923, "nustrahler": 4 }, "geometry": { "type": "MultiLineString", "coordinates": [ [ [ -63.919775800213699, -17.573756099672146 ], [ -63.907275600203057, -17.561256099057701 ], [ -63.907275600203057, -17.55292279938368 ], [ -63.903108799791958, -17.548756099549916 ], [ -63.903108799791958, -17.536255999075088 ], [ -63.907275399878728, -17.532089299822477 ], [ -63.907275399878728, -17.523755899408133 ] ] ] } },
{ "type": "Feature", "properties": { "cotrecho": 292150, "cobacia": "46684171", "nome": null, "comp_km": 10.25012034, "nustrahler": 4 }, "geometry": { "type": "MultiLineString", "coordinates": [ [ [ -63.994774200228882, -17.157087099049519 ], [ -63.994774200228882, -17.152920399321292 ], [ -63.99894090002865, -17.148753699628699 ], [ -63.998940800315651, -17.140420299596862 ], [ -63.99477409961758, -17.136253699747115 ], [ -63.99477399990456, -17.115420199239846 ], [ -63.990607300104784, -17.111253599783911 ], [ -64.003107299791125, -17.098753399788951 ], [ -64.007273999590922, -17.098753399788951 ], [ -64.011440700289, -17.094586699514128 ], [ -64.015607400088797, -17.094586699514128 ], [ -64.019774099888579, -17.090419999642027 ], [ -64.019774099888579, -17.086253299340235 ] ] ] } },
{ "type": "Feature", "properties": { "cotrecho": 292436, "cobacia": "46684151", "nome": null, "comp_km": 7.07823879, "nustrahler": 4 }, "geometry": { "type": "MultiLineString", "coordinates": [ [ [ -64.148939299958542, -16.586250199698526 ], [ -64.144772600158774, -16.582083599060219 ], [ -64.144772500445768, -16.569583499531742 ], [ -64.148939099634234, -16.565416799865694 ], [ -64.144772500445768, -16.561250099613694 ], [ -64.140605799747675, -16.561250199495419 ], [ -64.136439000234887, -16.557083499546618 ], [ -64.136439000234887, -16.55291679906373 ], [ -64.132272300435105, -16.548750099794894 ], [ -64.123938800224224, -16.54875019968307 ], [ -64.119772200137461, -16.544583499073003 ] ] ] } },
{ "type": "Feature", "properties": { "cotrecho": 292444, "cobacia": "46684159", "nome": null, "comp_km": 13.78950779, "nustrahler": 4 }, "geometry": { "type": "MultiLineString", "coordinates": [ [ [ -64.019774099888579, -17.086253299340235 ], [ -64.019774099888579, -17.082086599493586 ], [ -64.023940699975356, -17.077919899269666 ], [ -64.023940699975356, -17.073753199553277 ], [ -64.015607199764474, -17.065419899647196 ], [ -64.015607199764474, -17.061253199895578 ], [ -64.011440499964706, -17.057086499897579 ], [ -64.011440499964706, -17.052919799679376 ], [ -64.015607100051483, -17.048753199751349 ], [ -64.015607100051483, -17.044586499173484 ], [ -64.019773799851279, -17.040419799312772 ], [ -64.023940499651047, -17.040419699682971 ], [ -64.032273900148923, -17.032086299636809 ], [ -64.032273900148923, -17.027919599505918 ], [ -64.036440599948691, -17.023752899338028 ], [ -64.036440500235699, -17.015419499854968 ], [ -64.040607200035495, -17.011252799733139 ], [ -64.040607100322504, -17.00708619932654 ], [ -64.036440399624396, -17.002919499368414 ], [ -64.036440399624396, -16.99458609983839 ], [ -64.032273699824628, -16.990419499116136 ], [ -64.032273699824628, -16.986252799797231 ] ] ] } },
{ "type": "Feature", "properties": { "cotrecho": 292445, "cobacia": "46684157", "nome": null, "comp_km": 29.08334798, "nustrahler": 4 }, "geometry": { "type": "MultiLineString", "coordinates": [ [ [ -64.032273699824628, -16.986252799797231 ], [ -64.036440299911405, -16.982085999323857 ], [ -64.048940400209048, -16.982085999323857 ], [ -64.053107100008845, -16.977919299619039 ], [ -64.057273799808613, -16.977919299619039 ], [ -64.061440499608409, -16.973752599331974 ], [ -64.057273799808613, -16.96958589934799 ], [ -64.057273799808613, -16.961252499534638 ], [ -64.061440399895389, -16.957085799757557 ], [ -64.061440399895389, -16.952919099528899 ], [ -64.065607099695185, -16.948752399734015 ], [ -64.073940500193061, -16.948752399734015 ], [ -64.082273899792625, -16.940418899289359 ], [ -64.082273800079619, -16.927918899588366 ], [ -64.094773900377291, -16.915418799504248 ], [ -64.094773799765974, -16.907085399598394 ], [ -64.090607099966192, -16.902918699425047 ], [ -64.090607000253186, -16.894585399334836 ], [ -64.094773700052968, -16.890418599196185 ], [ -64.090607000253186, -16.886251999302125 ], [ -64.086440199842087, -16.886251999302125 ], [ -64.078106800242551, -16.877918699814124 ], [ -64.086440199842087, -16.869585299073119 ], [ -64.094773600339963, -16.869585199352716 ], [ -64.098940300139759, -16.865418499111897 ], [ -64.103106999939541, -16.865418499111897 ], [ -64.107273699739324, -16.861251799853552 ], [ -64.111440500150408, -16.861251799853552 ], [ -64.115607100237199, -16.857085099884355 ], [ -64.115606999625868, -16.844584999411044 ], [ -64.12810709992354, -16.832084899496664 ], [ -64.12810709992354, -16.827918199580026 ], [ -64.119773599712673, -16.827918199580026 ], [ -64.115606999625868, -16.832084899496664 ], [ -64.111440200113108, -16.827918299322434 ] ] ] } },
{ "type": "Feature", "properties": { "cotrecho": 292446, "cobacia": "466841551", "nome": null, "comp_km": 25.14729328, "nustrahler": 4 }, "geometry": { "type": "MultiLineString", "coordinates": [ [ [ -64.111439900075794, -16.777917999340648 ], [ -64.119773299675344, -16.769584599814113 ], [ -64.119773299675344, -16.761251199736648 ], [ -64.123939899762149, -16.757084599766056 ], [ -64.123940000373466, -16.752917899098271 ], [ -64.132273300260024, -16.744584399622106 ], [ -64.132273300260024, -16.740417799577923 ], [ -64.140606699859561, -16.732084399216458 ], [ -64.140606600146583, -16.727917699597619 ], [ -64.136439900346815, -16.72375089944396 ], [ -64.132273199648694, -16.723750999241044 ], [ -64.132273199648694, -16.719584299893341 ], [ -64.123939700336138, -16.711250999830614 ], [ -64.123939700336138, -16.702917599154322 ], [ -64.115606200125271, -16.694584299404827 ], [ -64.111439500325503, -16.698750999891672 ], [ -64.107272799627395, -16.694584299404827 ], [ -64.107272799627395, -16.690417699063136 ], [ -64.103106099827627, -16.68625089944911 ], [ -64.098939300314839, -16.686250999265766 ], [ -64.094772599616746, -16.682084299851073 ], [ -64.094772599616746, -16.677917599124001 ], [ -64.098939300314839, -16.673750899692134 ], [ -64.098939199703523, -16.6654175994823 ], [ -64.094772499903755, -16.661250899791515 ], [ -64.10310590040163, -16.65291749947006 ], [ -64.10310590040163, -16.648750799751959 ], [ -64.115605900087971, -16.636250599394714 ], [ -64.115605900087971, -16.632083999559804 ], [ -64.119772599887753, -16.627917299742016 ], [ -64.119772599887753, -16.623750599810037 ], [ -64.123939199974544, -16.619583899789831 ], [ -64.123939199974544, -16.615417199707384 ], [ -64.128105899774326, -16.611250499588625 ] ] ] } },
{ "type": "Feature", "properties": { "cotrecho": 292447, "cobacia": "46684513", "nome": null, "comp_km": 14.13214879, "nustrahler": 3 }, "geometry": { "type": "MultiLineString", "coordinates": [ [ [ -64.019777100261621, -17.632089199314908 ], [ -64.015610399563528, -17.627922499055501 ], [ -64.019776999650304, -17.623755799255036 ], [ -64.019776999650304, -17.611255799624825 ], [ -64.015610299850522, -17.607089099359065 ], [ -64.015610100424553, -17.594588999647637 ], [ -64.007276699926663, -17.586255699059688 ], [ -64.003110000126881, -17.586255699059688 ], [ -63.994776599628999, -17.577922399663802 ], [ -63.97810969981856, -17.577922499859138 ], [ -63.973943099731784, -17.582089199703141 ], [ -63.973943099731784, -17.586255899441124 ], [ -63.965609700132212, -17.594589299349629 ], [ -63.944776099623695, -17.594589399535721 ] ] ] } },
{ "type": "Feature", "properties": { "cotrecho": 292448, "cobacia": "46684175", "nome": null, "comp_km": 17.16790995, "nustrahler": 4 }, "geometry": { "type": "MultiLineString", "coordinates": [ [ [ -63.8864406001193, -17.29875499981846 ], [ -63.898940700416958, -17.286254899287563 ], [ -63.90310740021674, -17.286254799789702 ], [ -63.915607399903088, -17.273754799233682 ], [ -63.907273899692214, -17.265421399527543 ], [ -63.907273899692214, -17.261254699509202 ], [ -63.903107199892418, -17.257088099215288 ], [ -63.907273899692214, -17.252921399647089 ], [ -63.919773999989864, -17.252921299273318 ], [ -63.940607499887093, -17.232087699507485 ], [ -63.928107299876437, -17.219587699815609 ], [ -63.928107200163439, -17.215421099666351 ], [ -63.932273899963214, -17.211254399625162 ], [ -63.932273899963214, -17.207087699252096 ], [ -63.936440599762996, -17.202920899888756 ], [ -63.936440599762996, -17.198754299331718 ], [ -63.932273800250215, -17.194587599836929 ] ] ] } },
{ "type": "Feature", "properties": { "cotrecho": 292449, "cobacia": "46684511", "nome": null, "comp_km": 3.92653302, "nustrahler": 3 }, "geometry": { "type": "MultiLineString", "coordinates": [ [ [ -63.944776099623695, -17.594589399535721 ], [ -63.936442700024138, -17.594589499721824 ], [ -63.92394259972648, -17.582089499425859 ], [ -63.923942500013467, -17.577922799588759 ], [ -63.919775800213699, -17.573756099672146 ] ] ] } },
{ "type": "Feature", "properties": { "cotrecho": 292450, "cobacia": "46684573", "nome": null, "comp_km": 3.62420914, "nustrahler": 3 }, "geometry": { "type": "MultiLineString", "coordinates": [ [ [ -64.003111600026401, -17.852923599403749 ], [ -64.003111500313409, -17.848756899077944 ], [ -63.998944799615302, -17.844590299561187 ], [ -63.998944699902317, -17.840423599079223 ], [ -64.003111399702092, -17.836256899413051 ], [ -64.003111399702092, -17.823756799589397 ] ] ] } },
{ "type": "Feature", "properties": { "cotrecho": 292451, "cobacia": "46684131", "nome": null, "comp_km": 9.71271301, "nustrahler": 4 }, "geometry": { "type": "MultiLineString", "coordinates": [ [ [ -64.219771799674547, -16.290415199632339 ], [ -64.219771699961541, -16.282081799501505 ], [ -64.223938399761323, -16.277914999431285 ], [ -64.228105099561091, -16.277914999431285 ], [ -64.232271800259213, -16.273748299723149 ], [ -64.232271800259213, -16.269581599515327 ], [ -64.228104999848114, -16.265414899695987 ], [ -64.236438400345989, -16.257081599639079 ], [ -64.228104900135108, -16.248748199687025 ], [ -64.228104900135108, -16.240414799217344 ], [ -64.236438299734672, -16.232081399298693 ], [ -64.232271599934904, -16.227914799878928 ], [ -64.232271599934904, -16.223748099329775 ] ] ] } },
{ "type": "Feature", "properties": { "cotrecho": 292452, "cobacia": "46684571", "nome": null, "comp_km": 3.65757488, "nustrahler": 3 }, "geometry": { "type": "MultiLineString", "coordinates": [ [ [ -64.003111399702092, -17.823756799589397 ], [ -64.011444800199968, -17.815423399712859 ], [ -64.01561149999975, -17.815423399712859 ], [ -64.028111499686091, -17.802923299583433 ] ] ] } },
{ "type": "Feature", "properties": { "cotrecho": 292453, "cobacia": "46684135", "nome": null, "comp_km": 9.19916992, "nustrahler": 4 }, "geometry": { "type": "MultiLineString", "coordinates": [ [ [ -64.186438500415292, -16.365415599484766 ], [ -64.18643830009097, -16.323748799846445 ], [ -64.215605099874765, -16.294581799649819 ] ] ] } },
{ "type": "Feature", "properties": { "cotrecho": 292454, "cobacia": "4668433", "nome": null, "comp_km": 8.4723928, "nustrahler": 4 }, "geometry": { "type": "MultiLineString", "coordinates": [ [ [ -63.907275399878728, -17.523755899408133 ], [ -63.90310870007896, -17.519589299383409 ], [ -63.898941899667861, -17.519589299383409 ], [ -63.890608500068303, -17.511255999157409 ], [ -63.878108399770646, -17.511255999157409 ], [ -63.869775000171089, -17.519589499838609 ], [ -63.865608300371314, -17.519589499838609 ], [ -63.861441599673213, -17.523756199227389 ], [ -63.857274899873438, -17.519589499838609 ], [ -63.857274899873438, -17.515422799883872 ], [ -63.861441499960215, -17.511256099389612 ], [ -63.85727480016044, -17.507089399238851 ] ] ] } },
{ "type": "Feature", "properties": { "cotrecho": 292455, "cobacia": "46684531", "nome": null, "comp_km": 8.8765442, "nustrahler": 3 }, "geometry": { "type": "MultiLineString", "coordinates": [ [ [ -64.048944700444324, -17.744589599408176 ], [ -64.044777999746216, -17.740422899334305 ], [ -64.040611200233442, -17.740422899334305 ], [ -64.03644450043366, -17.736256299110675 ], [ -64.036444399822358, -17.719589499179655 ], [ -64.04061109962214, -17.715422799675462 ], [ -64.040610999909134, -17.711256099217792 ], [ -64.036444399822358, -17.707089399544554 ], [ -64.028110899611477, -17.707089499668079 ], [ -64.023944199811709, -17.702922899222521 ], [ -64.023944199811709, -17.698756199491026 ], [ -64.019777400298921, -17.69458949976784 ], [ -64.011443999801045, -17.69458949976784 ] ] ] } },
{ "type": "Feature", "properties": { "cotrecho": 292456, "cobacia": "46684517", "nome": null, "comp_km": 5.73097509, "nustrahler": 3 }, "geometry": { "type": "MultiLineString", "coordinates": [ [ [ -64.011443999801045, -17.69458949976784 ], [ -64.011443999801045, -17.6904227992237 ], [ -64.007277300001277, -17.686256199731858 ], [ -64.011443999801045, -17.682089499339256 ], [ -64.011443900088054, -17.66958939980977 ], [ -64.028110599574177, -17.652922599567013 ] ] ] } },
{ "type": "Feature", "properties": { "cotrecho": 292457, "cobacia": "46684533", "nome": null, "comp_km": 1.1111033, "nustrahler": 3 }, "geometry": { "type": "MultiLineString", "coordinates": [ [ [ -64.053111400244106, -17.75292289943636 ], [ -64.053111400244106, -17.748756199098263 ], [ -64.048944700444324, -17.744589599408176 ] ] ] } },
{ "type": "Feature", "properties": { "cotrecho": 292458, "cobacia": "46684591", "nome": null, "comp_km": 8.26316064, "nustrahler": 3 }, "geometry": { "type": "MultiLineString", "coordinates": [ [ [ -64.061445600242578, -17.890423499683397 ], [ -64.048945499944921, -17.877923499552004 ], [ -64.040611999734054, -17.877923599579766 ], [ -64.028111799723391, -17.865423599525073 ], [ -64.01977840012384, -17.865423599525073 ], [ -64.015611700324058, -17.861256899634171 ], [ -64.015611599712742, -17.857090299610398 ], [ -64.011444999625965, -17.857090299610398 ], [ -64.007278200113191, -17.852923599403749 ], [ -64.003111600026401, -17.852923599403749 ] ] ] } },
{ "type": "Feature", "properties": { "cotrecho": 292459, "cobacia": "46684993", "nome": null, "comp_km": 5.81704658, "nustrahler": 2 }, "geometry": { "type": "MultiLineString", "coordinates": [ [ [ -64.161449400301933, -18.365425099237651 ], [ -64.165616100101715, -18.361258399419853 ], [ -64.165616000388724, -18.340424999421952 ], [ -64.161449199977625, -18.336258299355045 ], [ -64.157282500177857, -18.336258299355045 ], [ -64.153115800378075, -18.332091599482442 ], [ -64.153115800378075, -18.327924999602278 ], [ -64.148948999966976, -18.323758299348523 ] ] ] } },
{ "type": "Feature", "properties": { "cotrecho": 292460, "cobacia": "46684991", "nome": null, "comp_km": 0.46773423, "nustrahler": 2 }, "geometry": { "type": "MultiLineString", "coordinates": [ [ [ -64.148948999966976, -18.323758299348523 ], [ -64.148948999966976, -18.319591699145786 ] ] ] } },
{ "type": "Feature", "properties": { "cotrecho": 292461, "cobacia": "46684173", "nome": null, "comp_km": 8.85937098, "nustrahler": 4 }, "geometry": { "type": "MultiLineString", "coordinates": [ [ [ -63.932273800250215, -17.194587599836929 ], [ -63.944773899649554, -17.18208749923841 ], [ -63.948940600347662, -17.182087399684388 ], [ -63.95310730014743, -17.186254099783163 ], [ -63.957273999947219, -17.186254099783163 ], [ -63.961440699746987, -17.182087399684388 ], [ -63.965607400445101, -17.182087399684388 ], [ -63.982274099931217, -17.165420499366178 ], [ -63.986440900342309, -17.165420499366178 ], [ -63.994774200228882, -17.157087099049519 ] ] ] } },
{ "type": "Feature", "properties": { "cotrecho": 294828, "cobacia": "4668782", "nome": null, "comp_km": 15.32107932, "nustrahler": 1 }, "geometry": { "type": "MultiLineString", "coordinates": [ [ [ -63.534352100426233, -16.980005199839443 ], [ -63.528101999971753, -16.97375519922095 ], [ -63.528101900258768, -16.96542179969757 ], [ -63.532268699771521, -16.961255099596674 ], [ -63.532268600058536, -16.957088499551364 ], [ -63.536435299858312, -16.952921699706245 ], [ -63.536435299858312, -16.948755099647521 ], [ -63.54476859974487, -16.940421699864814 ], [ -63.544768500031886, -16.923754899780089 ], [ -63.532268399734228, -16.911254899783344 ], [ -63.515601499923797, -16.911254999481766 ], [ -63.498934600113358, -16.894588299439452 ], [ -63.498934600113358, -16.890421599074255 ], [ -63.490601099902484, -16.882088299701419 ] ] ] } },
{ "type": "Feature", "properties": { "cotrecho": 296559, "cobacia": "46689821", "nome": null, "comp_km": 3.15326133, "nustrahler": 2 }, "geometry": { "type": "MultiLineString", "coordinates": [ [ [ -63.632275999667243, -18.10709349980441 ], [ -63.632276100278538, -18.119593499861679 ], [ -63.64060949987811, -18.127926899572284 ], [ -63.640609599591109, -18.132093499727304 ] ] ] } },
{ "type": "Feature", "properties": { "cotrecho": 298872, "cobacia": "4668244", "nome": null, "comp_km": 17.19118669, "nustrahler": 1 }, "geometry": { "type": "MultiLineString", "coordinates": [ [ [ -64.361441400277442, -16.600832599285717 ], [ -64.361441299666112, -16.590415899104627 ], [ -64.365608000364219, -16.586249199289288 ], [ -64.369774799876993, -16.586249099420559 ], [ -64.373941399963769, -16.582082399748472 ], [ -64.373941399963769, -16.577915799259827 ], [ -64.378108099763551, -16.573749099097551 ], [ -64.37810800005056, -16.565415599589073 ], [ -64.382274699850342, -16.561248999192841 ], [ -64.382274699850342, -16.54874889941447 ], [ -64.386441299937118, -16.544582199637446 ], [ -64.386440999899818, -16.473748599315648 ], [ -64.382274200387045, -16.46958189960117 ], [ -64.382274200387045, -16.461248499366366 ] ] ] } },
{ "type": "Feature", "properties": { "cotrecho": 300503, "cobacia": "46689594", "nome": null, "comp_km": 10.60882816, "nustrahler": 1 }, "geometry": { "type": "MultiLineString", "coordinates": [ [ [ -63.259353700039647, -17.763343799257367 ], [ -63.253103599585167, -17.757093799174726 ], [ -63.253103599585167, -17.752927099271055 ], [ -63.248936800072372, -17.748760399030701 ], [ -63.248936800072372, -17.744593799438359 ], [ -63.223936400051073, -17.719593799056739 ], [ -63.223936400051073, -17.707093699721273 ], [ -63.219769700251298, -17.707093799844763 ], [ -63.207269500240635, -17.694593699257656 ], [ -63.203102699829557, -17.694593799388151 ] ] ] } },
{ "type": "Feature", "properties": { "cotrecho": 304502, "cobacia": "4668726", "nome": null, "comp_km": 12.33479211, "nustrahler": 1 }, "geometry": { "type": "MultiLineString", "coordinates": [ [ [ -63.767687399706723, -16.936253799350634 ], [ -63.761437399863546, -16.936253899895153 ], [ -63.757270700063771, -16.93208719955431 ], [ -63.748937299565895, -16.932087299241701 ], [ -63.748937199852904, -16.923753899424611 ], [ -63.740603800253346, -16.915420599192473 ], [ -63.74060369964203, -16.902920499232636 ], [ -63.732270200329474, -16.894587199221917 ], [ -63.740603599929017, -16.886253699557091 ], [ -63.740603599929017, -16.882086999123814 ], [ -63.753103599615379, -16.869586899757749 ], [ -63.761437099826246, -16.869586899757749 ], [ -63.765603699913022, -16.865420199554457 ] ] ] } },
{ "type": "Feature", "properties": { "cotrecho": 305440, "cobacia": "4668942", "nome": null, "comp_km": 12.06423449, "nustrahler": 1 }, "geometry": { "type": "MultiLineString", "coordinates": [ [ [ -63.313519399658212, -17.496675599486505 ], [ -63.323936100199468, -17.486258799702256 ], [ -63.323936100199468, -17.482092099664008 ], [ -63.328102799999265, -17.477925399297437 ], [ -63.328102700286266, -17.465425299062428 ], [ -63.332269300373042, -17.461258599360374 ], [ -63.332269400086041, -17.452925199393679 ], [ -63.340602799685612, -17.444591799709769 ], [ -63.340602699972614, -17.43209179941644 ], [ -63.336435899561515, -17.42792509974198 ], [ -63.336435899561515, -17.423758399225168 ], [ -63.353102599945963, -17.40709159954735 ] ] ] } },
{ "type": "Feature", "properties": { "cotrecho": 307500, "cobacia": "46688491", "nome": null, "comp_km": 19.8580657, "nustrahler": 2 }, "geometry": { "type": "MultiLineString", "coordinates": [ [ [ -63.119766900016849, -17.394592699221032 ], [ -63.119766900016849, -17.390425999799138 ], [ -63.128100299616413, -17.382092599166278 ], [ -63.103099799882109, -17.357092599202094 ], [ -63.103099899595101, -17.352925899573378 ], [ -63.09893310008232, -17.348759299040584 ], [ -63.098933000369321, -17.327925799612533 ], [ -63.103099700169125, -17.323759099677222 ], [ -63.103099700169125, -17.319592399558037 ], [ -63.098932899758026, -17.315425799621043 ], [ -63.098932800045027, -17.298758999189687 ], [ -63.107266199644585, -17.290425599570778 ], [ -63.107266199644585, -17.286258899788198 ], [ -63.094765999633928, -17.273758899510444 ], [ -63.082265900234589, -17.273758999872868 ], [ -63.073932499736713, -17.282092399058861 ], [ -63.065599199850141, -17.282092399058861 ] ] ] } },
{ "type": "Feature", "properties": { "cotrecho": 307501, "cobacia": "4668845", "nome": null, "comp_km": 9.45762157, "nustrahler": 2 }, "geometry": { "type": "MultiLineString", "coordinates": [ [ [ -63.06143210030006, -17.227925499606467 ], [ -63.053098600089193, -17.219592199431265 ], [ -63.053098500376194, -17.215425399453196 ], [ -63.057265299888975, -17.211258799047187 ], [ -63.057265200175962, -17.190425299174407 ], [ -63.061431899975766, -17.18625869976113 ], [ -63.061431800262767, -17.173758599357104 ], [ -63.065598500062535, -17.169591899854439 ], [ -63.065598400349543, -17.157091799318593 ], [ -63.069765100149311, -17.152925099695878 ] ] ] } },
{ "type": "Feature", "properties": { "cotrecho": 308532, "cobacia": "46684421", "nome": null, "comp_km": 6.32369022, "nustrahler": 2 }, "geometry": { "type": "MultiLineString", "coordinates": [ [ [ -63.919776400288313, -17.669589899675913 ], [ -63.915609599877214, -17.665423199055628 ], [ -63.915609500164216, -17.65708989951024 ], [ -63.911442800364448, -17.652923199633154 ], [ -63.90727609966634, -17.652923199633154 ], [ -63.898942700066776, -17.644589899251677 ], [ -63.894776000267001, -17.644589899251677 ], [ -63.882275699645035, -17.632089899615757 ] ] ] } },
{ "type": "Feature", "properties": { "cotrecho": 308552, "cobacia": "46684425", "nome": null, "comp_km": 5.33389955, "nustrahler": 1 }, "geometry": { "type": "MultiLineString", "coordinates": [ [ [ -63.878109500206875, -17.713340299728678 ], [ -63.878109399595552, -17.702923599247633 ], [ -63.886442800093427, -17.694590199825473 ], [ -63.886442800093427, -17.690423499297545 ], [ -63.890609499893223, -17.690423499297545 ], [ -63.894776199692998, -17.686256799686831 ], [ -63.907276299990656, -17.686256699551695 ] ] ] } },
{ "type": "Feature", "properties": { "cotrecho": 308553, "cobacia": "46684423", "nome": null, "comp_km": 2.39739181, "nustrahler": 2 }, "geometry": { "type": "MultiLineString", "coordinates": [ [ [ -63.907276299990656, -17.686256699551695 ], [ -63.915609699590199, -17.677923299759939 ], [ -63.915609599877214, -17.673756599634221 ], [ -63.919776400288313, -17.669589899675913 ] ] ] } },
{ "type": "Feature", "properties": { "cotrecho": 310426, "cobacia": "4668464", "nome": null, "comp_km": 9.79676534, "nustrahler": 1 }, "geometry": { "type": "MultiLineString", "coordinates": [ [ [ -63.905195400245709, -18.109175299162715 ], [ -63.898945400402532, -18.115425399177774 ], [ -63.919779000012745, -18.136258699644024 ], [ -63.932279200023387, -18.136258699644024 ], [ -63.948945900407836, -18.11959179915716 ], [ -63.953112600207618, -18.11959179915716 ], [ -63.961446100418492, -18.127925099062701 ] ] ] } },
{ "type": "Feature", "properties": { "cotrecho": 310916, "cobacia": "4668498", "nome": null, "comp_km": 14.13808637, "nustrahler": 1 }, "geometry": { "type": "MultiLineString", "coordinates": [ [ [ -64.253116600064374, -18.305007699342287 ], [ -64.253116600064374, -18.311257699734398 ], [ -64.248949999977597, -18.315424399094756 ], [ -64.244783199566498, -18.315424399094756 ], [ -64.228116500080375, -18.332091299323139 ], [ -64.211449699982936, -18.332091299323139 ], [ -64.207283000183168, -18.336258099822157 ], [ -64.203116300383371, -18.332091399092008 ], [ -64.190616200085728, -18.332091499713581 ], [ -64.186449399674629, -18.327924799206983 ], [ -64.182282699874861, -18.327924799206983 ], [ -64.178116000075065, -18.323758199574886 ], [ -64.173949300275282, -18.323758199574886 ], [ -64.165615800064415, -18.315424899692719 ], [ -64.15728239956654, -18.315424899692719 ], [ -64.153115699766758, -18.31959159936974 ], [ -64.148948999966976, -18.319591699145786 ] ] ] } },
{ "type": "Feature", "properties": { "cotrecho": 311778, "cobacia": "46687921", "nome": null, "comp_km": 16.15025358, "nustrahler": 2 }, "geometry": { "type": "MultiLineString", "coordinates": [ [ [ -63.348933799885032, -17.015422999390246 ], [ -63.348933700172033, -17.002922999137255 ], [ -63.357267099771605, -16.994589499249543 ], [ -63.357267000058606, -16.98625619935946 ], [ -63.365600399658177, -16.97792269933224 ], [ -63.365600399658177, -16.973755999120684 ], [ -63.361433699858381, -16.969589399738819 ], [ -63.369766999744954, -16.961255899549663 ], [ -63.369766999744954, -16.957089299522092 ], [ -63.373933700443054, -16.952922599371025 ], [ -63.37393359983173, -16.944589199537052 ], [ -63.382267000329605, -16.936255799069386 ], [ -63.382267000329605, -16.932089099629977 ], [ -63.37393359983173, -16.923755799584359 ], [ -63.373933500118731, -16.919589099340826 ], [ -63.382266899718303, -16.911255599391097 ], [ -63.390600300216178, -16.911255599391097 ], [ -63.394767000015946, -16.907088899433337 ], [ -63.394767000015946, -16.902922199337379 ] ] ] } },
{ "type": "Feature", "properties": { "cotrecho": 311972, "cobacia": "46688162", "nome": null, "comp_km": 11.89019954, "nustrahler": 1 }, "geometry": { "type": "MultiLineString", "coordinates": [ [ [ -63.180183000127194, -17.184174699793445 ], [ -63.169766199872946, -17.173757999431437 ], [ -63.169766199872946, -17.169591299057025 ], [ -63.173932899672714, -17.165424599471518 ], [ -63.173932799959722, -17.161257899842877 ], [ -63.169766100159947, -17.157091299764787 ], [ -63.173932799959722, -17.152924599272517 ], [ -63.173932700246738, -17.1404244998308 ], [ -63.178099400046506, -17.136257799638184 ], [ -63.178099300333507, -17.123757699149834 ], [ -63.173932599635421, -17.119591099264152 ], [ -63.173932599635421, -17.111257699367638 ], [ -63.178099199722197, -17.10709099985305 ], [ -63.173932499922422, -17.102924299803973 ], [ -63.173932499922422, -17.098757599246618 ], [ -63.178099199722197, -17.094590899065697 ] ] ] } },
{ "type": "Feature", "properties": { "cotrecho": 313606, "cobacia": "4668987", "nome": null, "comp_km": 18.31886171, "nustrahler": 2 }, "geometry": { "type": "MultiLineString", "coordinates": [ [ [ -63.81144479982855, -18.161259399424296 ], [ -63.807278100028775, -18.165426099716701 ], [ -63.803111400228993, -18.165426099716701 ], [ -63.798944700429217, -18.169592799596977 ], [ -63.794777999731117, -18.169592899459193 ], [ -63.782278000044769, -18.182092999766553 ], [ -63.773944499833902, -18.182092999766553 ], [ -63.769777800034127, -18.18625969943529 ], [ -63.76561119994733, -18.18625969943529 ], [ -63.761444400434556, -18.190426499261761 ], [ -63.757277800347779, -18.190426499261761 ], [ -63.753110999936681, -18.194593199516202 ], [ -63.744777700050108, -18.194593299364108 ], [ -63.732277500039466, -18.182093199476679 ], [ -63.732277400326467, -18.173759899331237 ], [ -63.728110699628367, -18.169593199045849 ], [ -63.732277400326467, -18.165426499175076 ], [ -63.732277299715157, -18.157093199800489 ], [ -63.728110599915375, -18.157093199800489 ], [ -63.7239439001156, -18.152926499629693 ], [ -63.719777200315811, -18.152926499629693 ], [ -63.715610399904719, -18.148759899854763 ], [ -63.707277000305169, -18.148759899854763 ], [ -63.703110299607069, -18.144593199049446 ], [ -63.694776900007497, -18.14459329977959 ] ] ] } },
{ "type": "Feature", "properties": { "cotrecho": 313640, "cobacia": "46689963", "nome": null, "comp_km": 8.66480327, "nustrahler": 1 }, "geometry": { "type": "MultiLineString", "coordinates": [ [ [ -63.721861100433827, -18.257093699154392 ], [ -63.715611099692318, -18.257093699154392 ], [ -63.711444399892542, -18.261260399399486 ], [ -63.703111000292985, -18.26126049920914 ], [ -63.69477759979511, -18.269593799337194 ], [ -63.69477759979511, -18.273760499829162 ], [ -63.690610999708326, -18.277927199212396 ], [ -63.690610999708326, -18.2945939996224 ], [ -63.682277699821761, -18.302927399727565 ], [ -63.682277699821761, -18.311260799764071 ] ] ] } },
{ "type": "Feature", "properties": { "cotrecho": 314987, "cobacia": "46689974", "nome": null, "comp_km": 6.70431162, "nustrahler": 1 }, "geometry": { "type": "MultiLineString", "coordinates": [ [ [ -63.780195900150595, -18.388343999677538 ], [ -63.773945699983116, -18.382093999660086 ], [ -63.740612099788244, -18.38209409940006 ], [ -63.736445300275477, -18.377927499514847 ], [ -63.736445300275477, -18.373760799815045 ], [ -63.73227859957737, -18.369594099214975 ], [ -63.732278499864378, -18.365427399446613 ] ] ] } },
{ "type": "Feature", "properties": { "cotrecho": 315271, "cobacia": "4668795", "nome": null, "comp_km": 4.15165051, "nustrahler": 4 }, "geometry": { "type": "MultiLineString", "coordinates": [ [ [ -63.307266200015995, -16.923756099519142 ], [ -63.31143289981577, -16.919589399282206 ], [ -63.315599599615553, -16.919589399282206 ], [ -63.323933000113442, -16.911255899345747 ], [ -63.34059980021086, -16.911255899345747 ] ] ] } },
{ "type": "Feature", "properties": { "cotrecho": 315286, "cobacia": "4668717", "nome": null, "comp_km": 1.93563622, "nustrahler": 4 }, "geometry": { "type": "MultiLineString", "coordinates": [ [ [ -63.819768900068297, -16.477917999568056 ], [ -63.832268899754645, -16.465417899763231 ] ] ] } },
{ "type": "Feature", "properties": { "cotrecho": 315814, "cobacia": "4668994", "nome": null, "comp_km": 8.10271262, "nustrahler": 1 }, "geometry": { "type": "MultiLineString", "coordinates": [ [ [ -63.536443000216927, -18.321678299242933 ], [ -63.536443000216927, -18.315428299835986 ], [ -63.548942999903268, -18.302928099080169 ], [ -63.548942999903268, -18.298761499040832 ], [ -63.565609800000715, -18.298761299464704 ], [ -63.569776499800497, -18.294594599218129 ], [ -63.573943199600272, -18.294594599218129 ], [ -63.578109900298372, -18.290427899434601 ], [ -63.582276600098147, -18.290427899434601 ], [ -63.586443299897915, -18.286261199287974 ], [ -63.590609999697719, -18.286261199287974 ] ] ] } },
{ "type": "Feature", "properties": { "cotrecho": 316484, "cobacia": "4668842", "nome": null, "comp_km": 8.88724772, "nustrahler": 1 }, "geometry": { "type": "MultiLineString", "coordinates": [ [ [ -63.115599000067853, -17.180008299658898 ], [ -63.115598900354861, -17.161258199396777 ], [ -63.107265400143987, -17.15292489969821 ], [ -63.107265400143987, -17.148758199248224 ], [ -63.103098700344205, -17.144591499718427 ], [ -63.09059860004654, -17.144591599292546 ], [ -63.086431900246758, -17.140424899853066 ], [ -63.078098400035884, -17.140424999429417 ], [ -63.073931700236116, -17.136258299248038 ], [ -63.065598299738241, -17.136258299248038 ] ] ] } },
{ "type": "Feature", "properties": { "cotrecho": 316773, "cobacia": "466852", "nome": null, "comp_km": 4.44488109, "nustrahler": 1 }, "geometry": { "type": "MultiLineString", "coordinates": [ [ [ -64.203104299789501, -16.17166459938252 ], [ -64.203104400400804, -16.182081299844391 ], [ -64.207271100200586, -16.186247999409026 ], [ -64.215604499800151, -16.186247999409026 ], [ -64.223938000011017, -16.194581299429718 ], [ -64.2281046998108, -16.194581299429718 ] ] ] } },
{ "type": "Feature", "properties": { "cotrecho": 316810, "cobacia": "4668678", "nome": null, "comp_km": 12.31917744, "nustrahler": 1 }, "geometry": { "type": "MultiLineString", "coordinates": [ [ [ -63.667688400244238, -17.275839299545645 ], [ -63.65727150027697, -17.265422699151035 ], [ -63.65727150027697, -17.257089299383871 ], [ -63.644771300266328, -17.244589299381712 ], [ -63.644771300266328, -17.240422699376655 ], [ -63.640604499855229, -17.23625589981069 ], [ -63.640604499855229, -17.223755899812716 ], [ -63.632270999644362, -17.215422599572062 ], [ -63.632270899931363, -17.19875579937252 ], [ -63.628104100418589, -17.194589099053339 ], [ -63.623937500331806, -17.194589199458797 ], [ -63.619770799633713, -17.19042249977317 ], [ -63.615604000120932, -17.19042249977317 ] ] ] } },
{ "type": "Feature", "properties": { "cotrecho": 316819, "cobacia": "46684582", "nome": null, "comp_km": 9.13816504, "nustrahler": 1 }, "geometry": { "type": "MultiLineString", "coordinates": [ [ [ -63.955195399889384, -18.017507999168217 ], [ -63.961445399732561, -18.011257899159535 ], [ -63.961445300019562, -18.007091199852738 ], [ -63.965611999819352, -18.002924499441274 ], [ -63.965611999819352, -17.990424499498911 ], [ -63.961445200306571, -17.986257799209604 ], [ -63.953111799808696, -17.986257899176177 ], [ -63.94894510000892, -17.982091199626705 ], [ -63.940611700409349, -17.982091199626705 ], [ -63.93644489999825, -17.977924599103833 ], [ -63.932278200198482, -17.977924599103833 ], [ -63.928111500398693, -17.973757899402877 ], [ -63.919778099900832, -17.973757999376531 ] ] ] } },
{ "type": "Feature", "properties": { "cotrecho": 317729, "cobacia": "4668818", "nome": null, "comp_km": 3.98447546, "nustrahler": 1 }, "geometry": { "type": "MultiLineString", "coordinates": [ [ [ -63.13226540041498, -17.092507799095614 ], [ -63.132265299803677, -17.086257799612987 ], [ -63.123931900204113, -17.077924499353347 ], [ -63.115598499706238, -17.077924499353347 ], [ -63.111431799906448, -17.073757799739759 ], [ -63.111431700193457, -17.069591099801208 ] ] ] } },
{ "type": "Feature", "properties": { "cotrecho": 318122, "cobacia": "4668686", "nome": null, "comp_km": 0.96561144, "nustrahler": 1 }, "geometry": { "type": "MultiLineString", "coordinates": [ [ [ -63.684355800416292, -17.384173099288802 ], [ -63.678105699961812, -17.377923099741189 ] ] ] } },
{ "type": "Feature", "properties": { "cotrecho": 319627, "cobacia": "4668773", "nome": null, "comp_km": 10.73350196, "nustrahler": 4 }, "geometry": { "type": "MultiLineString", "coordinates": [ [ [ -63.51976779997328, -16.836254499884777 ], [ -63.51976779997328, -16.832087899440751 ], [ -63.54476799967027, -16.807087599587963 ], [ -63.557268099967928, -16.807087599587963 ], [ -63.56143479976771, -16.811254299112509 ], [ -63.565601499567499, -16.811254199361365 ], [ -63.569768200265585, -16.807087499834633 ], [ -63.569768099654276, -16.802920799075814 ], [ -63.578101500152144, -16.794587399125859 ], [ -63.578101500152144, -16.786253999720007 ], [ -63.582268100238934, -16.782087399837756 ] ] ] } },
{ "type": "Feature", "properties": { "cotrecho": 319644, "cobacia": "46687113", "nome": null, "comp_km": 6.03275512, "nustrahler": 4 }, "geometry": { "type": "MultiLineString", "coordinates": [ [ [ -63.957269800323274, -16.407083599760412 ], [ -63.957269800323274, -16.402916999874041 ], [ -63.961436500123042, -16.398750299588563 ], [ -63.961436400410051, -16.394583599752828 ], [ -63.965603199922818, -16.390416799561145 ], [ -63.965603100209819, -16.382083499755741 ], [ -63.97393649980939, -16.373750099607779 ], [ -63.97393649980939, -16.365416699293839 ], [ -63.978103099896167, -16.361249999677927 ] ] ] } },
{ "type": "Feature", "properties": { "cotrecho": 319655, "cobacia": "466835", "nome": null, "comp_km": 0.46792328, "nustrahler": 5 }, "geometry": { "type": "MultiLineString", "coordinates": [ [ [ -64.240604700395465, -16.173747799136617 ], [ -64.240604700395465, -16.169581099848614 ] ] ] } },
{ "type": "Feature", "properties": { "cotrecho": 319689, "cobacia": "46689533", "nome": null, "comp_km": 3.7958039, "nustrahler": 4 }, "geometry": { "type": "MultiLineString", "coordinates": [ [ [ -63.232268499788418, -17.473759199036458 ], [ -63.232268400075434, -17.465425799492838 ], [ -63.244768500373077, -17.452925699858394 ], [ -63.24476839976176, -17.44459229934041 ] ] ] } },
{ "type": "Feature", "properties": { "cotrecho": 319741, "cobacia": "46689973", "nome": null, "comp_km": 4.56779019, "nustrahler": 3 }, "geometry": { "type": "MultiLineString", "coordinates": [ [ [ -63.732278499864378, -18.365427399446613 ], [ -63.723945199977805, -18.373760799815045 ], [ -63.71977850017803, -18.373760799815045 ], [ -63.715611699766932, -18.377927599257241 ], [ -63.694778199869717, -18.377927699852108 ] ] ] } },
{ "type": "Feature", "properties": { "cotrecho": 319776, "cobacia": "4668933", "nome": null, "comp_km": 4.32768396, "nustrahler": 4 }, "geometry": { "type": "MultiLineString", "coordinates": [ [ [ -63.328101999600349, -17.344591399106442 ], [ -63.315601900200996, -17.33209139913129 ], [ -63.315601900200996, -17.327924699381121 ], [ -63.303101700190354, -17.315424699314764 ] ] ] } },
{ "type": "Feature", "properties": { "cotrecho": 319880, "cobacia": "4668737", "nome": null, "comp_km": 18.28044724, "nustrahler": 4 }, "geometry": { "type": "MultiLineString", "coordinates": [ [ [ -63.644768399606271, -16.715419999395813 ], [ -63.648935100304378, -16.711253299615347 ], [ -63.673935399714374, -16.711253199811757 ], [ -63.686435400299025, -16.698753099346252 ], [ -63.686435400299025, -16.694586399765669 ], [ -63.690602100098793, -16.690419699655269 ], [ -63.690601899774499, -16.652919499593711 ], [ -63.703101900359158, -16.640419399863877 ], [ -63.703101799747849, -16.607085899058212 ], [ -63.707268399834618, -16.602919199851108 ], [ -63.707268399834618, -16.590419099139531 ] ] ] } },
{ "type": "Feature", "properties": { "cotrecho": 319883, "cobacia": "4668898", "nome": null, "comp_km": 2.59217566, "nustrahler": 1 }, "geometry": { "type": "MultiLineString", "coordinates": [ [ [ -62.984349500129575, -17.515427299092426 ], [ -62.978099500286405, -17.515427399322324 ], [ -62.97393269987532, -17.51126069979027 ], [ -62.982266100373195, -17.502927299213134 ] ] ] } },
{ "type": "Feature", "properties": { "cotrecho": 319957, "cobacia": "46689933", "nome": null, "comp_km": 3.44439514, "nustrahler": 3 }, "geometry": { "type": "MultiLineString", "coordinates": [ [ [ -63.590609999697719, -18.286261199287974 ], [ -63.59060989998472, -18.273761099496934 ], [ -63.586443200184931, -18.269594499677243 ], [ -63.586443099573621, -18.257094299732849 ] ] ] } },
{ "type": "Feature", "properties": { "cotrecho": 320566, "cobacia": "46689592", "nome": null, "comp_km": 6.48882752, "nustrahler": 1 }, "geometry": { "type": "MultiLineString", "coordinates": [ [ [ -63.228102799813549, -17.667510199624811 ], [ -63.228102799813549, -17.661260099741959 ], [ -63.223936100013781, -17.657093499823802 ], [ -63.223936100013781, -17.652926799174022 ], [ -63.219769299602682, -17.648760099680235 ], [ -63.215602599802907, -17.648760099680235 ], [ -63.215602599802907, -17.640426799291053 ], [ -63.211435800290126, -17.636260099146345 ], [ -63.211435800290126, -17.627926699245261 ], [ -63.20726909959204, -17.623760099711777 ], [ -63.203102300079244, -17.623760099711777 ] ] ] } },
{ "type": "Feature", "properties": { "cotrecho": 320605, "cobacia": "466855", "nome": null, "comp_km": 12.62818831, "nustrahler": 4 }, "geometry": { "type": "MultiLineString", "coordinates": [ [ [ -64.132270899961583, -16.294582299744164 ], [ -64.136437599761351, -16.290415599716294 ], [ -64.140604299561147, -16.290415499695314 ], [ -64.148937700059022, -16.282082099577234 ], [ -64.153104399858805, -16.282082099577234 ], [ -64.186437900340678, -16.248748399771447 ], [ -64.186437900340678, -16.240414999310246 ], [ -64.190604500427469, -16.23624829948902 ], [ -64.190604500427469, -16.232081599400107 ], [ -64.207271299626584, -16.21541479947026 ] ] ] } },
{ "type": "Feature", "properties": { "cotrecho": 320801, "cobacia": "46689993", "nome": null, "comp_km": 7.67933532, "nustrahler": 1 }, "geometry": { "type": "MultiLineString", "coordinates": [ [ [ -63.819779800225959, -18.425843899211888 ], [ -63.819779699614635, -18.41959389903711 ], [ -63.823946400312735, -18.415427199574882 ], [ -63.819779699614635, -18.411260499795844 ], [ -63.819779699614635, -18.407093799726997 ], [ -63.823946299701433, -18.402927099395136 ], [ -63.828113100112503, -18.402927099395136 ], [ -63.832279700199308, -18.398760399679645 ], [ -63.832279700199308, -18.394593699754974 ], [ -63.844779699885649, -18.382093599847746 ], [ -63.844779699885649, -18.377926899355561 ], [ -63.848946399685424, -18.37376019964125 ] ] ] } },
{ "type": "Feature", "properties": { "cotrecho": 320862, "cobacia": "4668975", "nome": null, "comp_km": 4.78779008, "nustrahler": 4 }, "geometry": { "type": "MultiLineString", "coordinates": [ [ [ -63.457274200241308, -18.090427699686138 ], [ -63.461440900041104, -18.08626089925497 ], [ -63.457274200241308, -18.082094299593507 ], [ -63.457274099630006, -18.077927599291254 ], [ -63.45310739983023, -18.073760899138698 ], [ -63.45310739983023, -18.069594199162562 ], [ -63.44060719981956, -18.057094199632363 ] ] ] } },
{ "type": "Feature", "properties": { "cotrecho": 320963, "cobacia": "4668862", "nome": null, "comp_km": 11.16392222, "nustrahler": 1 }, "geometry": { "type": "MultiLineString", "coordinates": [ [ [ -63.082266600022201, -17.413342999783033 ], [ -63.082266600022201, -17.407092999314798 ], [ -63.078099799611103, -17.402926299299324 ], [ -63.082266600022201, -17.398759599456866 ], [ -63.073933099811327, -17.390426299837877 ], [ -63.073933099811327, -17.386259599817709 ], [ -63.069766400011531, -17.382092899218691 ], [ -63.065599599600453, -17.382092899218691 ], [ -63.061432899800657, -17.377926299229973 ], [ -63.048932800401332, -17.377926299229973 ], [ -63.040599300190458, -17.369592999118787 ], [ -63.040599300190458, -17.365426299044426 ], [ -63.036432600390683, -17.361259599380315 ], [ -63.028099100179816, -17.361259599380315 ], [ -63.023932400380019, -17.357092999612384 ], [ -63.019765800293243, -17.357092999612384 ] ] ] } },
{ "type": "Feature", "properties": { "cotrecho": 321769, "cobacia": "4668988", "nome": null, "comp_km": 5.75609711, "nustrahler": 1 }, "geometry": { "type": "MultiLineString", "coordinates": [ [ [ -63.836444800099571, -18.121675799507102 ], [ -63.836444800099571, -18.1279257991186 ], [ -63.832278200012766, -18.132092499183475 ], [ -63.828111399601696, -18.132092499183475 ], [ -63.815611300202342, -18.144592599790421 ], [ -63.815611399915348, -18.157092699600121 ], [ -63.81144479982855, -18.161259399424296 ] ] ] } },
{ "type": "Feature", "properties": { "cotrecho": 321906, "cobacia": "4668846", "nome": null, "comp_km": 22.10754817, "nustrahler": 1 }, "geometry": { "type": "MultiLineString", "coordinates": [ [ [ -63.148933699800637, -17.355008999712027 ], [ -63.148933699800637, -17.348758999791045 ], [ -63.144766900287856, -17.344592299447903 ], [ -63.148933600087638, -17.340425599646785 ], [ -63.144766799676539, -17.336258999884841 ], [ -63.144766799676539, -17.323758899864465 ], [ -63.148933500374639, -17.319592199740782 ], [ -63.148933399763344, -17.315425499459547 ], [ -63.14476669996354, -17.311258799047099 ], [ -63.14476669996354, -17.307092099387408 ], [ -63.148933300050331, -17.302925399649165 ], [ -63.148933300050331, -17.298758699858681 ], [ -63.144766600250549, -17.29459209953562 ], [ -63.140599899552441, -17.29459209953562 ], [ -63.128099700440117, -17.282092099700716 ], [ -63.123932999742031, -17.282092099700716 ], [ -63.115599500429475, -17.273758799148016 ], [ -63.1072660999316, -17.273758799148016 ], [ -63.103099400131804, -17.269592199242062 ], [ -63.103099400131804, -17.265425399622774 ], [ -63.111432700018376, -17.257092099491267 ], [ -63.098932500007706, -17.244592099678812 ], [ -63.094765800207931, -17.244592099678812 ], [ -63.078098900397507, -17.227925399219139 ], [ -63.06143210030006, -17.227925499606467 ] ] ] } },
{ "type": "Feature", "properties": { "cotrecho": 321951, "cobacia": "466895951", "nome": null, "comp_km": 9.72108669, "nustrahler": 4 }, "geometry": { "type": "MultiLineString", "coordinates": [ [ [ -63.219770000288598, -17.769593999255481 ], [ -63.215603299590505, -17.769593999255481 ], [ -63.215603299590505, -17.765427299667877 ], [ -63.211436500077724, -17.761260699757212 ], [ -63.211436400364725, -17.736260599443522 ], [ -63.207269699666639, -17.732093899840137 ], [ -63.207269599953626, -17.72376049919238 ], [ -63.203102900153858, -17.719593899173283 ], [ -63.203102900153858, -17.715427199771316 ], [ -63.19893609974276, -17.711260499415822 ], [ -63.198936000029761, -17.69876049986738 ], [ -63.203102699829557, -17.694593799388151 ] ] ] } },
{ "type": "Feature", "properties": { "cotrecho": 322309, "cobacia": "4668242", "nome": null, "comp_km": 4.57889825, "nustrahler": 1 }, "geometry": { "type": "MultiLineString", "coordinates": [ [ [ -64.396856999755158, -16.325831099863453 ], [ -64.403106999598336, -16.319580999511768 ], [ -64.403106899885344, -16.302914299408137 ], [ -64.411440300383219, -16.294580899480007 ], [ -64.415607000182987, -16.294580799461151 ] ] ] } },
{ "type": "Feature", "properties": { "cotrecho": 322639, "cobacia": "4668911", "nome": null, "comp_km": 25.43200274, "nustrahler": 4 }, "geometry": { "type": "MultiLineString", "coordinates": [ [ [ -63.282267099856917, -17.13209059910659 ], [ -63.282267000143918, -17.115423799065979 ], [ -63.286433699943686, -17.111257099240106 ], [ -63.286433699943686, -17.107090499306288 ], [ -63.294766999830252, -17.098756999078763 ], [ -63.294766999830252, -17.094590299743057 ], [ -63.303100400328134, -17.08625689973017 ], [ -63.298933599917035, -17.082090199105327 ], [ -63.290600200317463, -17.082090199105327 ], [ -63.286433499619378, -17.077923599430342 ], [ -63.286433499619378, -17.073756899796614 ], [ -63.294766900117267, -17.065423499580547 ], [ -63.294766800404268, -17.048756799147156 ], [ -63.282266600393598, -17.036256799464073 ], [ -63.282266499782295, -17.032089999846754 ], [ -63.286433199582071, -17.027923399434741 ], [ -63.286433199582071, -17.011256599141312 ], [ -63.290599799668868, -17.007089899171682 ], [ -63.290599799668868, -16.998756499540029 ], [ -63.278099599658205, -16.986256599712238 ], [ -63.278099499945206, -16.973756399500136 ], [ -63.273932800145431, -16.969589799267965 ], [ -63.273932700432425, -16.957089799611214 ], [ -63.278099400232222, -16.952922999794886 ], [ -63.273932700432425, -16.948756399765013 ], [ -63.273932599821123, -16.944589699659431 ] ] ] } },
{ "type": "Feature", "properties": { "cotrecho": 322819, "cobacia": "4668793", "nome": null, "comp_km": 7.63953657, "nustrahler": 4 }, "geometry": { "type": "MultiLineString", "coordinates": [ [ [ -63.34059980021086, -16.911255899345747 ], [ -63.344766500010657, -16.907089099694058 ], [ -63.361433300108089, -16.907089099694058 ], [ -63.365599999907865, -16.902922399602492 ], [ -63.365599999907865, -16.898755699398791 ], [ -63.369766699707661, -16.894588999109018 ], [ -63.373933400405747, -16.898755599693757 ], [ -63.378100100205536, -16.898755599693757 ], [ -63.382266800005304, -16.902922299899696 ], [ -63.386433499805079, -16.902922299899696 ], [ -63.390600199604862, -16.898755599693757 ], [ -63.394767000015946, -16.902922199337379 ] ] ] } },
{ "type": "Feature", "properties": { "cotrecho": 322830, "cobacia": "46689599", "nome": null, "comp_km": 0.6424588, "nustrahler": 4 }, "geometry": { "type": "MultiLineString", "coordinates": [ [ [ -63.386439600264183, -17.986260899027762 ], [ -63.382272799853084, -17.982094199549106 ] ] ] } },
{ "type": "Feature", "properties": { "cotrecho": 322847, "cobacia": "46689773", "nome": null, "comp_km": 7.71170101, "nustrahler": 4 }, "geometry": { "type": "MultiLineString", "coordinates": [ [ [ -63.473941400089053, -18.152927799669531 ], [ -63.469774700289271, -18.152927899541279 ], [ -63.465607999591178, -18.148761199072023 ], [ -63.465607999591178, -18.1445944991513 ], [ -63.457274500278622, -18.136261199236699 ], [ -63.453107799580522, -18.136261199236699 ], [ -63.448941000067755, -18.132094499417441 ], [ -63.448941000067755, -18.123761199100088 ], [ -63.453107699867523, -18.119594399732428 ], [ -63.453107600154532, -18.115427799174832 ], [ -63.457274299954314, -18.111261099489212 ], [ -63.457274299954314, -18.107094399739381 ], [ -63.461440999754103, -18.102927699098228 ] ] ] } },
{ "type": "Feature", "properties": { "cotrecho": 322861, "cobacia": "466851", "nome": null, "comp_km": 3.14141863, "nustrahler": 4 }, "geometry": { "type": "MultiLineString", "coordinates": [ [ [ -64.2281046998108, -16.194581299429718 ], [ -64.228104600097822, -16.182081199768319 ], [ -64.236437999697358, -16.173747799136617 ], [ -64.240604700395465, -16.173747799136617 ] ] ] } },
{ "type": "Feature", "properties": { "cotrecho": 322885, "cobacia": "466859", "nome": null, "comp_km": 0.64565263, "nustrahler": 4 }, "geometry": { "type": "MultiLineString", "coordinates": [ [ [ -64.057270399685279, -16.332082799650827 ], [ -64.061437100383344, -16.327916099315949 ] ] ] } },
{ "type": "Feature", "properties": { "cotrecho": 322945, "cobacia": "46689975", "nome": null, "comp_km": 6.25562591, "nustrahler": 3 }, "geometry": { "type": "MultiLineString", "coordinates": [ [ [ -63.778112200356908, -18.336260399566836 ], [ -63.773945499658822, -18.336260399566836 ], [ -63.761445400259468, -18.348760499238292 ], [ -63.757278699561375, -18.348760499238292 ], [ -63.753111999761593, -18.352927199676078 ], [ -63.744778600162036, -18.352927299432917 ], [ -63.732278499864378, -18.365427399446613 ] ] ] } },
{ "type": "Feature", "properties": { "cotrecho": 322975, "cobacia": "466831", "nome": null, "comp_km": 13.01860616, "nustrahler": 5 }, "geometry": { "type": "MultiLineString", "coordinates": [ [ [ -64.332271699833598, -16.069580199365994 ], [ -64.33643839963338, -16.065413399187971 ], [ -64.33643839963338, -16.052913399705773 ], [ -64.348938400218046, -16.040413299237557 ], [ -64.353105100017814, -16.040413299237557 ], [ -64.361438399904372, -16.03207979912295 ], [ -64.378105200001812, -16.032079699834551 ], [ -64.382272000412911, -16.027913099321257 ], [ -64.403105500310133, -16.027912899876938 ], [ -64.407272200109901, -16.02374629951909 ], [ -64.419772300407573, -16.023746199363117 ], [ -64.423939000207355, -16.019579499893883 ] ] ] } },
{ "type": "Feature", "properties": { "cotrecho": 322982, "cobacia": "46687131", "nome": null, "comp_km": 9.85882004, "nustrahler": 4 }, "geometry": { "type": "MultiLineString", "coordinates": [ [ [ -63.890602699646507, -16.44458419925499 ], [ -63.903102799944179, -16.432083999315793 ], [ -63.90310270023118, -16.427917299193474 ], [ -63.911436099830738, -16.419583899780765 ], [ -63.940603099938826, -16.419583799825904 ], [ -63.944769700025603, -16.415417099723459 ], [ -63.948936500436702, -16.419583699871072 ], [ -63.95310320023647, -16.415416999766489 ], [ -63.953103099625174, -16.411250299146491 ], [ -63.957269800323274, -16.407083599760412 ] ] ] } },
{ "type": "Feature", "properties": { "cotrecho": 322990, "cobacia": "46689955", "nome": null, "comp_km": 5.68862425, "nustrahler": 3 }, "geometry": { "type": "MultiLineString", "coordinates": [ [ [ -63.678111099734977, -18.323760899433225 ], [ -63.673944399935188, -18.323760899433225 ], [ -63.66977770013542, -18.327927599624317 ], [ -63.644777500438416, -18.327927699395584 ], [ -63.640610700027331, -18.323761099833316 ], [ -63.628110599729659, -18.323761099833316 ] ] ] } },
{ "type": "Feature", "properties": { "cotrecho": 322995, "cobacia": "4668955", "nome": null, "comp_km": 12.31945687, "nustrahler": 4 }, "geometry": { "type": "MultiLineString", "coordinates": [ [ [ -63.211435500252819, -17.569593099392687 ], [ -63.211435399641516, -17.565426399481535 ], [ -63.20726869984172, -17.561259699570179 ], [ -63.211435399641516, -17.557092999685079 ], [ -63.211435299928503, -17.552926299852707 ], [ -63.215602100339602, -17.548759599242935 ], [ -63.215601999728293, -17.527926199386307 ], [ -63.211435200215512, -17.523759499809053 ], [ -63.211435200215512, -17.519592899866957 ], [ -63.215601800302295, -17.515426199133618 ], [ -63.215601800302295, -17.507092699266813 ], [ -63.219768500102084, -17.502926099798561 ], [ -63.219768500102084, -17.494592699038456 ], [ -63.223935100188861, -17.490425899503776 ], [ -63.223935100188861, -17.48625929921856 ], [ -63.228101799988643, -17.482092599191756 ], [ -63.228101799988643, -17.477925899693485 ], [ -63.232268499788418, -17.473759199036458 ] ] ] } },
{ "type": "Feature", "properties": { "cotrecho": 322998, "cobacia": "46689513", "nome": null, "comp_km": 9.64471395, "nustrahler": 4 }, "geometry": { "type": "MultiLineString", "coordinates": [ [ [ -63.261435299572206, -17.436258899316297 ], [ -63.265601899658982, -17.432092199662566 ], [ -63.273935300156857, -17.432092099386772 ], [ -63.278101999956654, -17.427925399719157 ], [ -63.282268699756422, -17.427925399719157 ], [ -63.286435399556211, -17.423758699209191 ], [ -63.303102199653644, -17.423758599785927 ], [ -63.319768999751069, -17.407091699836879 ], [ -63.319768900038078, -17.398758399356574 ], [ -63.315602200238303, -17.394591699686163 ], [ -63.315602200238303, -17.390424999384265 ] ] ] } },
{ "type": "Feature", "properties": { "cotrecho": 323002, "cobacia": "4668915", "nome": null, "comp_km": 5.48776412, "nustrahler": 4 }, "geometry": { "type": "MultiLineString", "coordinates": [ [ [ -63.29893440031595, -17.227924299248269 ], [ -63.298934299704634, -17.202924199389393 ], [ -63.294767599904866, -17.198757499361566 ], [ -63.294767500191867, -17.186257499132569 ], [ -63.290600800392085, -17.182090699556255 ] ] ] } },
{ "type": "Feature", "properties": { "cotrecho": 323003, "cobacia": "4668973", "nome": null, "comp_km": 1.28475892, "nustrahler": 4 }, "geometry": { "type": "MultiLineString", "coordinates": [ [ [ -63.44060719981956, -18.057094199632363 ], [ -63.432273699608693, -18.048760899309897 ] ] ] } },
{ "type": "Feature", "properties": { "cotrecho": 323028, "cobacia": "46689713", "nome": null, "comp_km": 3.03641314, "nustrahler": 4 }, "geometry": { "type": "MultiLineString", "coordinates": [ [ [ -63.432273699608693, -18.048760899309897 ], [ -63.423940200296137, -18.040427599489988 ], [ -63.423940200296137, -18.036260899332305 ], [ -63.415606799798262, -18.027927599383343 ] ] ] } },
{ "type": "Feature", "properties": { "cotrecho": 323029, "cobacia": "46689593", "nome": null, "comp_km": 8.98914706, "nustrahler": 4 }, "geometry": { "type": "MultiLineString", "coordinates": [ [ [ -63.203102699829557, -17.694593799388151 ], [ -63.203102699829557, -17.686260399416501 ], [ -63.207269399629332, -17.682093699121271 ], [ -63.207269299916334, -17.669593599027838 ], [ -63.194769099905692, -17.657093599119172 ], [ -63.194769099905692, -17.64876019983625 ], [ -63.198935799705467, -17.644593499815187 ], [ -63.198935699992468, -17.627926699245261 ], [ -63.203102300079244, -17.623760099711777 ] ] ] } },
{ "type": "Feature", "properties": { "cotrecho": 323033, "cobacia": "4668913", "nome": null, "comp_km": 7.63684494, "nustrahler": 4 }, "geometry": { "type": "MultiLineString", "coordinates": [ [ [ -63.290600800392085, -17.182090699556255 ], [ -63.286433999980993, -17.177924099798084 ], [ -63.290600699780768, -17.173757399505803 ], [ -63.290600699780768, -17.161257399441983 ], [ -63.303100700365434, -17.148757199237398 ], [ -63.294767299867559, -17.140423899797366 ], [ -63.290600500354785, -17.140423899797366 ], [ -63.282267099856917, -17.13209059910659 ] ] ] } },
{ "type": "Feature", "properties": { "cotrecho": 323034, "cobacia": "46689511", "nome": null, "comp_km": 5.66381416, "nustrahler": 4 }, "geometry": { "type": "MultiLineString", "coordinates": [ [ [ -63.315602200238303, -17.390424999384265 ], [ -63.315601999913994, -17.365424899815558 ], [ -63.323935400411862, -17.357091499145575 ], [ -63.323935400411862, -17.348758099470036 ], [ -63.328101999600349, -17.344591399106442 ] ] ] } },
{ "type": "Feature", "properties": { "cotrecho": 323035, "cobacia": "46689591", "nome": null, "comp_km": 1.10950253, "nustrahler": 4 }, "geometry": { "type": "MultiLineString", "coordinates": [ [ [ -63.203102300079244, -17.623760099711777 ], [ -63.203102300079244, -17.619593399640017 ], [ -63.198935600279469, -17.61542669922402 ] ] ] } },
{ "type": "Feature", "properties": { "cotrecho": 323036, "cobacia": "46689953", "nome": null, "comp_km": 3.24770909, "nustrahler": 3 }, "geometry": { "type": "MultiLineString", "coordinates": [ [ [ -63.628110599729659, -18.323761099833316 ], [ -63.619777100417103, -18.31542779923803 ], [ -63.611443699919228, -18.31542779923803 ], [ -63.60727700011946, -18.31126119974039 ], [ -63.603110300319685, -18.31126119974039 ] ] ] } },
{ "type": "Feature", "properties": { "cotrecho": 323046, "cobacia": "46689991", "nome": null, "comp_km": 16.49129782, "nustrahler": 2 }, "geometry": { "type": "MultiLineString", "coordinates": [ [ [ -63.848946399685424, -18.37376019964125 ], [ -63.853113100383524, -18.369593499026692 ], [ -63.853112999772215, -18.365426699494222 ], [ -63.857279699571997, -18.361260099467074 ], [ -63.857279599858998, -18.344593299253237 ], [ -63.861446299658773, -18.340426599057512 ], [ -63.861446299658773, -18.327926599353454 ], [ -63.857279500146007, -18.323759899138274 ], [ -63.853112900059202, -18.327926599353454 ], [ -63.844779399848335, -18.31959329982682 ], [ -63.840612600335575, -18.31959329982682 ], [ -63.836446000248777, -18.32375999976469 ], [ -63.832279300449002, -18.32375999976469 ], [ -63.828112599750916, -18.32792679974872 ], [ -63.823945800238128, -18.32792679974872 ], [ -63.819779200151359, -18.332093499354411 ], [ -63.81144579965347, -18.332093499354411 ], [ -63.803112400053912, -18.340426899202342 ], [ -63.782278900156697, -18.340426999819066 ], [ -63.778112200356908, -18.336260399566836 ] ] ] } },
{ "type": "Feature", "properties": { "cotrecho": 323047, "cobacia": "46689793", "nome": null, "comp_km": 11.29777398, "nustrahler": 4 }, "geometry": { "type": "MultiLineString", "coordinates": [ [ [ -63.561442500126326, -18.190427599321783 ], [ -63.553108999915452, -18.182094199734198 ], [ -63.544775600315887, -18.182094299589263 ], [ -63.532275400305231, -18.16959419937502 ], [ -63.515608600207813, -18.169594399099459 ], [ -63.511441799796714, -18.165427699257318 ], [ -63.503108400197142, -18.165427699257318 ], [ -63.498941700397367, -18.169594499815176 ], [ -63.490608299899492, -18.169594499815176 ], [ -63.486441600099695, -18.165427799121915 ], [ -63.486441600099695, -18.161261099723642 ], [ -63.478108099888829, -18.152927799669531 ] ] ] } },
{ "type": "Feature", "properties": { "cotrecho": 323048, "cobacia": "466833", "nome": null, "comp_km": 17.64881626, "nustrahler": 5 }, "geometry": { "type": "MultiLineString", "coordinates": [ [ [ -64.240604700395465, -16.169581099848614 ], [ -64.253104700081806, -16.157080899414151 ], [ -64.261438200292673, -16.157080899414151 ], [ -64.265604800379464, -16.152914199130493 ], [ -64.269771599892238, -16.152914199130493 ], [ -64.286438300276686, -16.136247399863972 ], [ -64.286438300276686, -16.132080699348656 ], [ -64.290605000076454, -16.12791399920938 ], [ -64.290604900363462, -16.123747299471848 ], [ -64.298938200250035, -16.115413899579071 ], [ -64.319771799860249, -16.115413799469245 ], [ -64.323938499660031, -16.111247099363322 ], [ -64.323938499660031, -16.107080399762051 ], [ -64.319771799860249, -16.102913799081151 ], [ -64.319771700147243, -16.090413699272904 ], [ -64.323938399947025, -16.086246999130548 ], [ -64.323938399947025, -16.077913599122212 ], [ -64.332271699833598, -16.069580199365994 ] ] ] } },
{ "type": "Feature", "properties": { "cotrecho": 323947, "cobacia": "46689598", "nome": null, "comp_km": 4.15195848, "nustrahler": 1 }, "geometry": { "type": "MultiLineString", "coordinates": [ [ [ -63.357272699869092, -18.005011099846765 ], [ -63.357272699869092, -17.998761099178026 ], [ -63.369772699555433, -17.986260899027762 ], [ -63.373939499966525, -17.986260899027762 ], [ -63.378106100053309, -17.982094199549106 ], [ -63.382272799853084, -17.982094199549106 ] ] ] } },
{ "type": "Feature", "properties": { "cotrecho": 324029, "cobacia": "46684242", "nome": null, "comp_km": 10.19880263, "nustrahler": 1 }, "geometry": { "type": "MultiLineString", "coordinates": [ [ [ -63.659357199720503, -17.688341299846751 ], [ -63.653107199877333, -17.694591399679684 ], [ -63.640606999866677, -17.6820913993833 ], [ -63.644773699666466, -17.677924699149138 ], [ -63.644773699666466, -17.673757999055852 ], [ -63.648940400364552, -17.669591299129969 ], [ -63.648940299753235, -17.665424599398069 ], [ -63.65727370025111, -17.65709119976615 ], [ -63.657273599639808, -17.640424399715958 ], [ -63.66977360022446, -17.62792429950375 ] ] ] } },
{ "type": "Feature", "properties": { "cotrecho": 324038, "cobacia": "46684746", "nome": null, "comp_km": 4.48597976, "nustrahler": 1 }, "geometry": { "type": "MultiLineString", "coordinates": [ [ [ -64.288531000291215, -17.85500549957538 ], [ -64.282281000448052, -17.861255499114176 ], [ -64.273947500237156, -17.861255599151324 ], [ -64.26978090015038, -17.865422299072709 ], [ -64.261447399939499, -17.865422299072709 ], [ -64.257280799852722, -17.869589099682557 ], [ -64.257280799852722, -17.873755699146994 ] ] ] } },
{ "type": "Feature", "properties": { "cotrecho": 325406, "cobacia": "4668247", "nome": null, "comp_km": 11.54563654, "nustrahler": 1 }, "geometry": { "type": "MultiLineString", "coordinates": [ [ [ -64.27185769998438, -16.700833499507869 ], [ -64.286441200038411, -16.686250099194776 ], [ -64.286441100325433, -16.67791669987432 ], [ -64.290607800125201, -16.673749999562336 ], [ -64.290607700412195, -16.661249899773189 ], [ -64.294774400211992, -16.657083299570569 ], [ -64.29894110001176, -16.65708319973869 ], [ -64.303107799811556, -16.652916499408214 ], [ -64.303107700098565, -16.640416399482632 ], [ -64.307274399898333, -16.636249699088623 ], [ -64.307274300185341, -16.61958299940552 ], [ -64.311440999985109, -16.615416299303533 ] ] ] } },
{ "type": "Feature", "properties": { "cotrecho": 325407, "cobacia": "4668243", "nome": null, "comp_km": 20.5027878, "nustrahler": 2 }, "geometry": { "type": "MultiLineString", "coordinates": [ [ [ -64.382274200387045, -16.461248499366366 ], [ -64.382274200387045, -16.45708179975928 ], [ -64.386440900186813, -16.452915099378263 ], [ -64.386440799575496, -16.444581699843926 ], [ -64.382274099775728, -16.440415099824989 ], [ -64.382274099775728, -16.436248399193559 ], [ -64.386440799575496, -16.43208169964068 ], [ -64.386440699862518, -16.427914999469042 ], [ -64.390607399662287, -16.423748299566089 ], [ -64.390607299949295, -16.407081499712088 ], [ -64.394773999749077, -16.402914899780757 ], [ -64.394773999749077, -16.398748099484788 ], [ -64.403107400246967, -16.390414699333036 ], [ -64.403107299635636, -16.37791469989126 ], [ -64.411440700133511, -16.36958119913329 ], [ -64.411440600420519, -16.361247899135627 ], [ -64.415607300220302, -16.35708119929545 ], [ -64.415607000182987, -16.294580799461151 ] ] ] } },
{ "type": "Feature", "properties": { "cotrecho": 325408, "cobacia": "4668245", "nome": null, "comp_km": 21.13762765, "nustrahler": 2 }, "geometry": { "type": "MultiLineString", "coordinates": [ [ [ -64.311440999985109, -16.615416299303533 ], [ -64.323941100282781, -16.60291609988435 ], [ -64.32394099967145, -16.59041609969869 ], [ -64.332274400169325, -16.582082699361177 ], [ -64.344774499568686, -16.582082599490256 ], [ -64.348941200266765, -16.577915899132883 ], [ -64.348941200266765, -16.573749199833774 ], [ -64.357274599866344, -16.565415799348177 ], [ -64.357274500153338, -16.557082399101969 ], [ -64.36144119995312, -16.552915699456396 ], [ -64.361441100240114, -16.532082199291199 ], [ -64.365607700326919, -16.527915599467804 ], [ -64.365607700326919, -16.515415499156003 ], [ -64.373941000213463, -16.507082099539755 ], [ -64.373940799889169, -16.46958189960117 ], [ -64.382274200387045, -16.461248499366366 ] ] ] } },
{ "type": "Feature", "properties": { "cotrecho": 325409, "cobacia": "4668241", "nome": null, "comp_km": 10.80786657, "nustrahler": 2 }, "geometry": { "type": "MultiLineString", "coordinates": [ [ [ -64.415607000182987, -16.294580799461151 ], [ -64.415607000182987, -16.286247499624263 ], [ -64.448940400053559, -16.252913799838542 ], [ -64.448940300340567, -16.23624709976853 ], [ -64.43644020004291, -16.223747099642978 ], [ -64.428106699832043, -16.223747099642978 ] ] ] } },
{ "type": "Feature", "properties": { "cotrecho": 326139, "cobacia": "46684994", "nome": null, "comp_km": 4.00948819, "nustrahler": 1 }, "geometry": { "type": "MultiLineString", "coordinates": [ [ [ -64.130199199863455, -18.380008699575079 ], [ -64.140615900404711, -18.369591899661316 ], [ -64.153115999804058, -18.369591799061556 ], [ -64.15728269960384, -18.365425099237651 ], [ -64.161449400301933, -18.365425099237651 ] ] ] } },
{ "type": "Feature", "properties": { "cotrecho": 326169, "cobacia": "46684592", "nome": null, "comp_km": 8.15854744, "nustrahler": 1 }, "geometry": { "type": "MultiLineString", "coordinates": [ [ [ -64.109362599880185, -17.857089799412975 ], [ -64.094779099826141, -17.857089799412975 ], [ -64.090612400026359, -17.852923199236415 ], [ -64.082279000426794, -17.852923199236415 ], [ -64.069778900129151, -17.865423299420666 ], [ -64.069778999842143, -17.877923399524239 ], [ -64.061445600242578, -17.886256799668541 ], [ -64.061445600242578, -17.890423499683397 ] ] ] } },
{ "type": "Feature", "properties": { "cotrecho": 326724, "cobacia": "4668958", "nome": null, "comp_km": 11.17630543, "nustrahler": 1 }, "geometry": { "type": "MultiLineString", "coordinates": [ [ [ -63.184352599688722, -17.705010499782251 ], [ -63.17810250013256, -17.698760599139739 ], [ -63.178102400419561, -17.673760399042543 ], [ -63.18226910021933, -17.66959369917226 ], [ -63.18226899960802, -17.652926999481419 ], [ -63.18643570030612, -17.648760299136221 ], [ -63.186435599694811, -17.627926799412851 ], [ -63.198935600279469, -17.61542669922402 ] ] ] } },
{ "type": "Feature", "properties": { "cotrecho": 326814, "cobacia": "466853", "nome": null, "comp_km": 3.22997972, "nustrahler": 4 }, "geometry": { "type": "MultiLineString", "coordinates": [ [ [ -64.207271299626584, -16.21541479947026 ], [ -64.2281046998108, -16.194581299429718 ] ] ] } },
{ "type": "Feature", "properties": { "cotrecho": 326899, "cobacia": "46689531", "nome": null, "comp_km": 2.17158123, "nustrahler": 4 }, "geometry": { "type": "MultiLineString", "coordinates": [ [ [ -63.24476839976176, -17.44459229934041 ], [ -63.248935099561564, -17.440425599789059 ], [ -63.25310180025965, -17.440425599789059 ], [ -63.257268500059432, -17.43625879904279 ], [ -63.261435299572206, -17.436258899316297 ] ] ] } },
{ "type": "Feature", "properties": { "cotrecho": 326996, "cobacia": "466895953", "nome": null, "comp_km": 12.01270137, "nustrahler": 4 }, "geometry": { "type": "MultiLineString", "coordinates": [ [ [ -63.286437799854632, -17.84459399957198 ], [ -63.286437700141647, -17.840427399225486 ], [ -63.278104299643765, -17.832093999203096 ], [ -63.27810419993078, -17.827927299626943 ], [ -63.269770800331209, -17.819593999827983 ], [ -63.265604099633123, -17.819593999827983 ], [ -63.253103899622467, -17.807093999599051 ], [ -63.24477040030991, -17.807094099666624 ], [ -63.232270300012253, -17.794594099308611 ], [ -63.232270300012253, -17.790427399352478 ], [ -63.228103499601154, -17.78626069967607 ], [ -63.228103499601154, -17.777927399641914 ], [ -63.219770000288598, -17.769593999255481 ] ] ] } },
{ "type": "Feature", "properties": { "cotrecho": 327040, "cobacia": "466862", "nome": null, "comp_km": 27.25105418, "nustrahler": 1 }, "geometry": { "type": "MultiLineString", "coordinates": [ [ [ -64.059354899877874, -16.544583799605167 ], [ -64.065604899721038, -16.544583799605167 ], [ -64.078105000018709, -16.532083699465741 ], [ -64.078104900305718, -16.507083499137444 ], [ -64.082271600105486, -16.502916799442453 ], [ -64.086438299905282, -16.502916799442453 ], [ -64.090604899992059, -16.498750099550218 ], [ -64.090604899992059, -16.490416699277596 ], [ -64.094771599791827, -16.486249999810358 ], [ -64.094771599791827, -16.482083299388062 ], [ -64.098938199878617, -16.477916599759418 ], [ -64.09893810016564, -16.45708319971839 ], [ -64.094771400365843, -16.452916499367412 ], [ -64.09060469966775, -16.45708319971839 ], [ -64.086437999867968, -16.452916599305123 ], [ -64.082271300068186, -16.45708329965392 ], [ -64.073937799857319, -16.448749899069725 ], [ -64.073937700144327, -16.436249899249205 ], [ -64.078104499657087, -16.432083199728503 ], [ -64.078104399944095, -16.427916499589006 ], [ -64.073937700144327, -16.427916599539586 ], [ -64.069771000344531, -16.423749799718248 ], [ -64.069771000344531, -16.419583099280356 ], [ -64.065604299646452, -16.415416499119875 ], [ -64.065604199933446, -16.411249799350884 ], [ -64.061437500133664, -16.407083099092354 ], [ -64.061437500133664, -16.398749799760822 ], [ -64.057270699722565, -16.394583099914421 ], [ -64.053103999922797, -16.394583099914421 ], [ -64.04477049971193, -16.386249799060906 ], [ -64.04477049971193, -16.373749699694297 ], [ -64.040603799912134, -16.369582999644351 ] ] ] } },
{ "type": "Feature", "properties": { "cotrecho": 454548, "cobacia": "46684992", "nome": null, "comp_km": 1.60598029, "nustrahler": 1 }, "geometry": { "type": "MultiLineString", "coordinates": [ [ [ -64.138532300324016, -18.334175099257465 ], [ -64.148948999966976, -18.323758299348523 ] ] ] } },
{ "type": "Feature", "properties": { "cotrecho": 454552, "cobacia": "46687421", "nome": null, "comp_km": 1.93363176, "nustrahler": 2 }, "geometry": { "type": "MultiLineString", "coordinates": [ [ [ -63.665602900226716, -16.886254099263109 ], [ -63.653102700216067, -16.873754099508403 ] ] ] } },
{ "type": "Feature", "properties": { "cotrecho": 455786, "cobacia": "46689992", "nome": null, "comp_km": 2.18332874, "nustrahler": 1 }, "geometry": { "type": "MultiLineString", "coordinates": [ [ [ -63.867696600437576, -18.377926799613171 ], [ -63.853113200096523, -18.377926799613171 ], [ -63.848946399685424, -18.37376019964125 ] ] ] } },
{ "type": "Feature", "properties": { "cotrecho": 462493, "cobacia": "4668943", "nome": null, "comp_km": 1.52886355, "nustrahler": 3 }, "geometry": { "type": "MultiLineString", "coordinates": [ [ [ -63.365602799956605, -17.411258199454114 ], [ -63.361436000443831, -17.407091499257824 ], [ -63.353102599945963, -17.40709159954735 ] ] ] } },
{ "type": "Feature", "properties": { "cotrecho": 462780, "cobacia": "46684424", "nome": null, "comp_km": 1.90003866, "nustrahler": 1 }, "geometry": { "type": "MultiLineString", "coordinates": [ [ [ -63.913526500158135, -17.70084009930709 ], [ -63.907276399703655, -17.694590099694981 ], [ -63.907276299990656, -17.686256699551695 ] ] ] } }
]
}
